uuid,user_uuid,date,quantity,product
2339ba19-2563-4cc3-8a97-ebf555d596af,bdd640fb-0667-4ad1-9c80-317fa3b1799d,2020-01-01 00:02:17.891488+00:00,4,drink
b49e04cc-c243-49e7-a387-eaf6d4c3a832,bdd640fb-0667-4ad1-9c80-317fa3b1799d,2020-01-01 01:28:08.796458+00:00,5,bread
41843b03-04dd-4054-9448-23f7e7e646c7,bdd640fb-0667-4ad1-9c80-317fa3b1799d,2020-01-01 02:12:56.357080+00:00,2,donut
871c0884-9bdf-40f2-ba2c-0f19f0b2a5d1,bdd640fb-0667-4ad1-9c80-317fa3b1799d,2020-01-01 03:25:23.717132+00:00,3,brioche
3d0a5f0c-0c39-4ec7-9f31-74054d183eba,bdd640fb-0667-4ad1-9c80-317fa3b1799d,2020-01-01 04:25:11.371958+00:00,5,croissant
e7b7b4c6-d631-4a80-9c61-2ec210142131,bdd640fb-0667-4ad1-9c80-317fa3b1799d,2020-01-01 05:29:59.385200+00:00,5,bread
3defa849-9336-4f7e-83ef-a9f3a1c7cc8a,bdd640fb-0667-4ad1-9c80-317fa3b1799d,2020-01-01 06:43:06.759580+00:00,3,croissant
3d959e3f-5a52-46e6-9d64-29320066853d,bdd640fb-0667-4ad1-9c80-317fa3b1799d,2020-01-01 07:34:14.389378+00:00,2,drink
f982f4e0-8603-456a-95ea-cbcfab1021ce,bdd640fb-0667-4ad1-9c80-317fa3b1799d,2020-01-01 08:21:38.173528+00:00,5,donut
81f38dd4-fd03-4ada-8952-518581e03a5e,bdd640fb-0667-4ad1-9c80-317fa3b1799d,2020-01-01 09:33:14.947029+00:00,4,croissant
fb25664d-630a-4767-a2bb-522b0b251279,bdd640fb-0667-4ad1-9c80-317fa3b1799d,2020-01-01 10:22:23.888594+00:00,1,cookie
3dba6da8-5844-49fc-914b-9547c9dc72b8,bdd640fb-0667-4ad1-9c80-317fa3b1799d,2020-01-01 11:43:58.587677+00:00,1,donut
2227219f-551f-4086-81b5-b5cabc3536df,bdd640fb-0667-4ad1-9c80-317fa3b1799d,2020-01-01 12:02:39.608478+00:00,5,cookie
d49405f0-2cd2-4404-a48e-40f1d0421dfa,bdd640fb-0667-4ad1-9c80-317fa3b1799d,2020-01-01 13:46:44.913337+00:00,4,drink
cfbe4fe9-2ea9-4542-a1b9-70d07a8104de,bdd640fb-0667-4ad1-9c80-317fa3b1799d,2020-01-01 14:08:05.469292+00:00,4,bread
ca862225-0b36-4356-b39b-77a84b1f0d7b,bdd640fb-0667-4ad1-9c80-317fa3b1799d,2020-01-01 15:11:58.091401+00:00,1,cookie
65f202f9-83f0-4dc7-8f61-2217eef16694,bdd640fb-0667-4ad1-9c80-317fa3b1799d,2020-01-01 16:59:20.841728+00:00,5,croissant
a59b457f-c0d7-4c73-895f-fa8140d92bce,bdd640fb-0667-4ad1-9c80-317fa3b1799d,2020-01-01 17:11:27.972351+00:00,3,bread
45f18619-54f9-4429-a7de-02ccdda4f4a7,bdd640fb-0667-4ad1-9c80-317fa3b1799d,2020-01-01 18:07:28.110030+00:00,3,croissant
7092947d-be49-49ec-a667-d3bbe3b56360,bdd640fb-0667-4ad1-9c80-317fa3b1799d,2020-01-01 19:53:40.694982+00:00,4,cookie
b12b6680-7f07-4cb9-afd3-40c0f945f2fd,bdd640fb-0667-4ad1-9c80-317fa3b1799d,2020-01-01 20:29:51.084213+00:00,5,cookie
6cac028c-ba22-4065-9526-0718cd180a82,bdd640fb-0667-4ad1-9c80-317fa3b1799d,2020-01-01 21:04:44.137222+00:00,5,brioche
1a43db54-523a-4993-8b34-46bc8ba435cc,bdd640fb-0667-4ad1-9c80-317fa3b1799d,2020-01-01 22:04:48.248080+00:00,3,cookie
6d15f16f-b7b8-41a5-9a45-693d7227890e,bdd640fb-0667-4ad1-9c80-317fa3b1799d,2020-01-01 23:09:59.921180+00:00,4,cookie
debac186-ba10-4217-8ad7-c9a2727716ec,bdd640fb-0667-4ad1-9c80-317fa3b1799d,2020-01-02 00:54:41.786031+00:00,5,croissant
ca9e4a62-fae3-414b-a3b4-42bd46494296,bdd640fb-0667-4ad1-9c80-317fa3b1799d,2020-01-02 01:56:52.455763+00:00,1,drink
83599af6-5d01-455f-a7fd-64c4a334058a,bdd640fb-0667-4ad1-9c80-317fa3b1799d,2020-01-02 02:48:03.945512+00:00,2,bread
ad973b67-9b89-45cb-9942-644c248d31ec,bdd640fb-0667-4ad1-9c80-317fa3b1799d,2020-01-02 03:46:52.723091+00:00,1,brioche
a52964ff-c74c-4890-bc6a-3174113634a5,bdd640fb-0667-4ad1-9c80-317fa3b1799d,2020-01-02 04:21:58.782503+00:00,4,donut
add702c9-2747-493c-9ae7-7eab084a6780,bdd640fb-0667-4ad1-9c80-317fa3b1799d,2020-01-02 05:26:59.721247+00:00,3,cookie
92ec89af-13ae-4376-8359-810a71a6014c,bdd640fb-0667-4ad1-9c80-317fa3b1799d,2020-01-02 06:08:15.702388+00:00,3,croissant
3fe68c9c-4758-467b-a649-9cdc507b9072,bdd640fb-0667-4ad1-9c80-317fa3b1799d,2020-01-02 07:57:37.872188+00:00,1,drink
63119aca-848a-4440-bfc1-58582fa0d842,bdd640fb-0667-4ad1-9c80-317fa3b1799d,2020-01-02 08:54:48.753021+00:00,1,cookie
723ef466-b43b-427f-82a2-59a6c6641285,bdd640fb-0667-4ad1-9c80-317fa3b1799d,2020-01-02 09:12:52.453532+00:00,5,cookie
7dbf4bc1-ffa6-43d0-aa9e-5c8db1a8b71f,bdd640fb-0667-4ad1-9c80-317fa3b1799d,2020-01-02 10:12:00.642028+00:00,2,bread
b69f68c3-e60f-4420-ac33-350c73b911d8,bdd640fb-0667-4ad1-9c80-317fa3b1799d,2020-01-02 11:26:42.400294+00:00,1,drink
51d08109-fc90-4838-9874-1408f7b217c7,bdd640fb-0667-4ad1-9c80-317fa3b1799d,2020-01-02 12:40:04.223246+00:00,1,donut
4cc9f5f2-e42e-4037-8a55-2ea08acbbe09,bdd640fb-0667-4ad1-9c80-317fa3b1799d,2020-01-02 13:51:04.903383+00:00,2,cookie
fc31a597-1f11-4c0f-b967-e60a823dd107,bdd640fb-0667-4ad1-9c80-317fa3b1799d,2020-01-02 14:12:03.529336+00:00,2,brioche
5c63b6f3-06ba-4cd3-be78-38c9ca55e38b,bdd640fb-0667-4ad1-9c80-317fa3b1799d,2020-01-02 15:33:14.477174+00:00,3,croissant
2138afe0-8d38-4bd8-bba6-abf7cdbcc653,bdd640fb-0667-4ad1-9c80-317fa3b1799d,2020-01-02 16:36:43.014105+00:00,1,bread
b788f5d1-ffe5-45f6-a5ed-cfe34f2dad3f,bdd640fb-0667-4ad1-9c80-317fa3b1799d,2020-01-02 17:43:07.930776+00:00,5,croissant
932cae01-d2c6-4ee4-a8d0-a2a8c4e7f7dd,bdd640fb-0667-4ad1-9c80-317fa3b1799d,2020-01-02 18:04:25.502567+00:00,3,drink
ae1b9f69-7740-4831-b331-874912fc7a87,bdd640fb-0667-4ad1-9c80-317fa3b1799d,2020-01-02 19:31:02.496042+00:00,2,donut
c48d5650-2e95-42d6-9679-2482a3c988e4,bdd640fb-0667-4ad1-9c80-317fa3b1799d,2020-01-02 20:57:58.552610+00:00,4,donut
d4d60735-0e2f-4958-9e43-1e06e9247069,bdd640fb-0667-4ad1-9c80-317fa3b1799d,2020-01-02 21:07:26.980034+00:00,2,cookie
ef4afa88-5299-4505-a976-aab22a26f770,bdd640fb-0667-4ad1-9c80-317fa3b1799d,2020-01-02 22:42:33.595677+00:00,3,donut
143029a9-d88f-4c94-88b7-63d5e519dd7e,bdd640fb-0667-4ad1-9c80-317fa3b1799d,2020-01-02 23:15:02.179112+00:00,5,cookie
9d4b2bf9-4d85-49c7-a001-7720200b2903,bdd640fb-0667-4ad1-9c80-317fa3b1799d,2020-01-03 00:32:00.520907+00:00,5,drink
94a53fde-f10d-47c8-9780-c2152b2bb8e9,bdd640fb-0667-4ad1-9c80-317fa3b1799d,2020-01-03 01:09:15.099361+00:00,5,drink
d7b00bdc-566e-4cbe-9aea-622fe6e987ca,bdd640fb-0667-4ad1-9c80-317fa3b1799d,2020-01-03 02:55:26.147011+00:00,1,bread
a4364fcd-f2d3-4761-8ba3-627914cb0564,bdd640fb-0667-4ad1-9c80-317fa3b1799d,2020-01-03 03:46:15.680528+00:00,3,drink
6aa56e6d-9277-4574-8457-6cc335f789bc,bdd640fb-0667-4ad1-9c80-317fa3b1799d,2020-01-03 04:37:05.190335+00:00,1,croissant
4a27ebf2-8baa-4744-a08d-d21be3954cb1,bdd640fb-0667-4ad1-9c80-317fa3b1799d,2020-01-03 05:38:30.866241+00:00,3,croissant
af5b8f47-ceae-41cf-8e00-0af03eb05181,bdd640fb-0667-4ad1-9c80-317fa3b1799d,2020-01-03 06:24:21.933096+00:00,4,bread
7089fc6d-2877-45d9-8f56-75f8b048faa1,bdd640fb-0667-4ad1-9c80-317fa3b1799d,2020-01-03 07:24:56.238286+00:00,4,brioche
5005680f-24c7-48a5-9b4e-164b5716dc2e,bdd640fb-0667-4ad1-9c80-317fa3b1799d,2020-01-03 08:51:41.346277+00:00,3,drink
f9b21e6e-586a-446a-9c5b-e7d1fcef1972,bdd640fb-0667-4ad1-9c80-317fa3b1799d,2020-01-03 09:23:55.379786+00:00,3,donut
3de28859-51b1-443c-9b2e-dedb8fc85fc0,bdd640fb-0667-4ad1-9c80-317fa3b1799d,2020-01-03 10:27:59.301241+00:00,3,croissant
0cf477ef-18c8-4616-a410-8e9a3f779cae,bdd640fb-0667-4ad1-9c80-317fa3b1799d,2020-01-03 11:17:24.763218+00:00,4,donut
dd84cacc-f672-4464-bf8e-a40a6b0ae0e3,bdd640fb-0667-4ad1-9c80-317fa3b1799d,2020-01-03 12:54:08.318977+00:00,3,donut
c35bec2c-3098-47b2-900e-15c0b89bdf7f,bdd640fb-0667-4ad1-9c80-317fa3b1799d,2020-01-03 13:09:33.632683+00:00,5,croissant
7f53a88e-4efc-4248-a10b-1a477faeb748,bdd640fb-0667-4ad1-9c80-317fa3b1799d,2020-01-03 14:01:23.434674+00:00,4,donut
3713b466-3da0-4476-b778-c676750d112e,bdd640fb-0667-4ad1-9c80-317fa3b1799d,2020-01-03 15:35:00.038803+00:00,1,bread
e1e0fffc-98f6-4d7f-beb1-62f14806f804,bdd640fb-0667-4ad1-9c80-317fa3b1799d,2020-01-03 16:50:34.258729+00:00,4,cookie
1b84edc3-d8e0-49de-8217-ea0e896490ab,bdd640fb-0667-4ad1-9c80-317fa3b1799d,2020-01-03 17:25:51.339970+00:00,3,drink
5dae1201-673b-48bd-838c-1dec5da39a73,bdd640fb-0667-4ad1-9c80-317fa3b1799d,2020-01-03 18:02:42.872620+00:00,1,donut
8da00495-5cce-4ba9-b1d4-ee098fd33afc,bdd640fb-0667-4ad1-9c80-317fa3b1799d,2020-01-03 19:17:18.966109+00:00,4,donut
479bc637-8cc3-4f3b-83af-fcfe734a6ca3,bdd640fb-0667-4ad1-9c80-317fa3b1799d,2020-01-03 20:49:31.120745+00:00,5,drink
f99f0704-20f0-456a-9e6a-66289c6d52d5,bdd640fb-0667-4ad1-9c80-317fa3b1799d,2020-01-03 21:05:48.053350+00:00,3,cookie
c14565c7-5d98-4115-b05e-eefe8ece1128,bdd640fb-0667-4ad1-9c80-317fa3b1799d,2020-01-03 22:08:39.362494+00:00,5,donut
0b990034-0a4e-4552-8005-1b1066c14dca,bdd640fb-0667-4ad1-9c80-317fa3b1799d,2020-01-03 23:02:20.090278+00:00,3,croissant
9b33e3a4-2620-49a9-b4fd-33d184f2fd0f,bdd640fb-0667-4ad1-9c80-317fa3b1799d,2020-01-04 00:53:35.274091+00:00,2,cookie
2999bbef-518b-4f21-9cf2-0859ee6e2e72,bdd640fb-0667-4ad1-9c80-317fa3b1799d,2020-01-04 01:23:34.636516+00:00,5,drink
561c9210-97fe-46c5-8c9a-9f24d7b4c294,bdd640fb-0667-4ad1-9c80-317fa3b1799d,2020-01-04 02:30:26.333950+00:00,5,donut
4cbf131d-901b-4def-b56f-f8ce7d66971e,bdd640fb-0667-4ad1-9c80-317fa3b1799d,2020-01-04 03:28:29.613360+00:00,1,cookie
fada98f5-1c0f-4bdc-ac7e-937c54cc1e2a,bdd640fb-0667-4ad1-9c80-317fa3b1799d,2020-01-04 04:24:59.544970+00:00,3,drink
06d25913-a117-4719-b023-a0eadf41e335,bdd640fb-0667-4ad1-9c80-317fa3b1799d,2020-01-04 05:35:48.874617+00:00,3,drink
9416e4dc-c6b2-4def-b8d8-b7f1c86c6544,bdd640fb-0667-4ad1-9c80-317fa3b1799d,2020-01-04 06:34:39.483825+00:00,1,donut
a107cc46-8634-4718-aba6-adb37afeb114,bdd640fb-0667-4ad1-9c80-317fa3b1799d,2020-01-04 07:43:16.258207+00:00,4,brioche
08150147-3e00-480e-ae44-1e21d25864f2,bdd640fb-0667-4ad1-9c80-317fa3b1799d,2020-01-04 08:34:21.252977+00:00,1,brioche
6b352f85-504e-4687-b0e7-e75604d9145e,bdd640fb-0667-4ad1-9c80-317fa3b1799d,2020-01-04 09:09:05.152529+00:00,2,croissant
eba742d2-9c89-4374-8664-95a780773e33,bdd640fb-0667-4ad1-9c80-317fa3b1799d,2020-01-04 10:28:17.779670+00:00,1,drink
5336723b-8f96-4685-b514-589084c86c46,17be3111-1a2a-43ed-962b-0f79c37459ee,2020-01-04 11:59:53.242326+00:00,4,donut
2c55aef7-f4e9-4734-9052-1700607796a3,17be3111-1a2a-43ed-962b-0f79c37459ee,2020-01-04 12:27:34.788715+00:00,5,cookie
c5a11f5c-ad05-4912-9ab2-8d4a8bd88fcd,17be3111-1a2a-43ed-962b-0f79c37459ee,2020-01-04 13:52:03.555852+00:00,3,donut
3f1be0d0-f514-4058-b138-39757bf33a34,17be3111-1a2a-43ed-962b-0f79c37459ee,2020-01-04 14:16:44.423025+00:00,3,brioche
4c3077c4-fb75-4923-b910-abb3f1053252,17be3111-1a2a-43ed-962b-0f79c37459ee,2020-01-04 15:46:16.227369+00:00,2,drink
7ad465a1-5129-450d-bd2f-4e58b47a1c5b,17be3111-1a2a-43ed-962b-0f79c37459ee,2020-01-04 16:20:55.691427+00:00,3,cookie
8b0e8eb1-ad37-4d9e-92cf-60211f33242d,17be3111-1a2a-43ed-962b-0f79c37459ee,2020-01-04 17:22:46.899067+00:00,4,cookie
257f7595-cdfb-4db9-85e7-8b23f4613f09,17be3111-1a2a-43ed-962b-0f79c37459ee,2020-01-04 18:17:25.629547+00:00,3,drink
713f8f8c-ec8b-4537-98ab-4778143b45e3,17be3111-1a2a-43ed-962b-0f79c37459ee,2020-01-04 19:39:21.499382+00:00,4,brioche
4568f426-89e0-4e22-93f4-a49b33baba88,17be3111-1a2a-43ed-962b-0f79c37459ee,2020-01-04 20:55:58.886162+00:00,3,brioche
963a8617-bdab-47e7-9d9d-028e1bf645f6,17be3111-1a2a-43ed-962b-0f79c37459ee,2020-01-04 21:14:21.415437+00:00,1,drink
a35055e4-39c5-4df9-87f2-55d6e7ba26ac,17be3111-1a2a-43ed-962b-0f79c37459ee,2020-01-04 22:13:58.211615+00:00,1,croissant
19bd4f93-78ef-4666-b7a4-c719548e1f6b,17be3111-1a2a-43ed-962b-0f79c37459ee,2020-01-04 23:40:52.291152+00:00,2,bread
edd97a1a-fa58-4b27-8ce3-e7c3f6eab3a0,17be3111-1a2a-43ed-962b-0f79c37459ee,2020-01-05 00:09:28.587874+00:00,4,croissant
f6c31218-c183-4315-b30f-8be1a689b424,17be3111-1a2a-43ed-962b-0f79c37459ee,2020-01-05 01:17:14.082135+00:00,3,drink
16e6e5c0-c4cb-494f-a86e-8e630f25477d,17be3111-1a2a-43ed-962b-0f79c37459ee,2020-01-05 02:39:08.275429+00:00,2,donut
efc9909e-d9af-4e09-b91e-3d6ebd1a8f4b,17be3111-1a2a-43ed-962b-0f79c37459ee,2020-01-05 03:02:14.273688+00:00,2,croissant
ff46a6bf-094d-416d-ab6d-2fedef158d5b,47294739-614f-43d7-99db-3ad0ddd1dfb2,2020-01-05 04:50:10.331513+00:00,4,brioche
df4e713e-f64e-4dfc-bfbe-ac7aefc59738,47294739-614f-43d7-99db-3ad0ddd1dfb2,2020-01-05 05:55:33.742913+00:00,1,bread
1b780ede-9a4f-4c0c-9165-f2ed4c636e95,47294739-614f-43d7-99db-3ad0ddd1dfb2,2020-01-05 06:55:42.437446+00:00,3,cookie
8b15bd94-a42d-4cd7-bd35-9f6a74503887,47294739-614f-43d7-99db-3ad0ddd1dfb2,2020-01-05 07:31:27.546726+00:00,2,donut
cf0e6d2b-315c-467a-85d8-a6ad77d0359e,47294739-614f-43d7-99db-3ad0ddd1dfb2,2020-01-05 08:06:45.528340+00:00,2,drink
b7f60cdf-41dc-4c60-a5f6-0735757b6b29,47294739-614f-43d7-99db-3ad0ddd1dfb2,2020-01-05 09:11:10.316649+00:00,3,cookie
317304b5-c1dd-484a-aca5-8d95915a1c30,47294739-614f-43d7-99db-3ad0ddd1dfb2,2020-01-05 10:10:31.781690+00:00,4,croissant
669d01ff-1634-425b-93f3-007383e96ef4,47294739-614f-43d7-99db-3ad0ddd1dfb2,2020-01-05 11:40:09.321072+00:00,2,brioche
3f800385-ef92-40b6-92d7-8f107a3a6e96,47294739-614f-43d7-99db-3ad0ddd1dfb2,2020-01-05 12:00:24.588434+00:00,4,brioche
f43ba052-4459-4d6e-80f6-3229725d4259,47294739-614f-43d7-99db-3ad0ddd1dfb2,2020-01-05 13:19:46.651092+00:00,5,drink
a757cb10-42f5-45b9-82ed-73ce92a81713,47294739-614f-43d7-99db-3ad0ddd1dfb2,2020-01-05 14:21:34.387526+00:00,2,bread
4e8adc4b-7724-4041-9e43-fbd2aaf407f7,47294739-614f-43d7-99db-3ad0ddd1dfb2,2020-01-05 15:09:34.980571+00:00,5,drink
1e0ef546-b0b6-4edf-8f9c-4027c5144d98,47294739-614f-43d7-99db-3ad0ddd1dfb2,2020-01-05 16:38:19.360771+00:00,3,cookie
f5159494-3818-4fd3-b889-936a9d5817e8,47294739-614f-43d7-99db-3ad0ddd1dfb2,2020-01-05 17:08:00.847616+00:00,2,croissant
5fa5e0aa-9b11-4530-bd24-7c11bf6b8cdf,47294739-614f-43d7-99db-3ad0ddd1dfb2,2020-01-05 18:24:57.044215+00:00,5,croissant
aa0217d0-cd4f-4b2b-899a-c252c1e1b94a,47294739-614f-43d7-99db-3ad0ddd1dfb2,2020-01-05 19:49:32.172633+00:00,2,drink
c9912032-df85-4777-9887-4bfec1369c65,47294739-614f-43d7-99db-3ad0ddd1dfb2,2020-01-05 20:04:54.733103+00:00,4,donut
ead08c89-13fe-4a29-9c9d-eee0b42a0456,47294739-614f-43d7-99db-3ad0ddd1dfb2,2020-01-05 21:33:51.007400+00:00,1,donut
929c93b3-33c0-4bf1-8167-999fe723ada3,47294739-614f-43d7-99db-3ad0ddd1dfb2,2020-01-05 22:32:11.976570+00:00,2,cookie
1dc1e7eb-711c-4673-8535-1a69dabf984e,47294739-614f-43d7-99db-3ad0ddd1dfb2,2020-01-05 23:40:49.062857+00:00,5,croissant
720b274b-82a7-4586-a61d-9cde1747f387,47294739-614f-43d7-99db-3ad0ddd1dfb2,2020-01-06 00:48:31.291499+00:00,4,brioche
905c7bdd-74f0-4eae-aa59-43ce836435e3,47294739-614f-43d7-99db-3ad0ddd1dfb2,2020-01-06 01:03:27.852411+00:00,4,drink
41241bb4-655c-4508-8592-bfa5b928e23f,9132b63e-f162-47e4-a9c3-49e03602f8ac,2020-01-06 02:48:59.231613+00:00,2,donut
58330b30-6c77-4e95-8b98-1ccd12b2102d,9132b63e-f162-47e4-a9c3-49e03602f8ac,2020-01-06 03:42:01.385561+00:00,5,bread
fc737d92-11ab-4d11-a4eb-8000ef40d162,9132b63e-f162-47e4-a9c3-49e03602f8ac,2020-01-06 04:56:01.592025+00:00,1,cookie
22ab7752-c4db-4a62-ae13-418d68ab80ea,9132b63e-f162-47e4-a9c3-49e03602f8ac,2020-01-06 05:45:56.979659+00:00,4,cookie
72d35458-61ea-4f30-a42e-707afe2bd987,9132b63e-f162-47e4-a9c3-49e03602f8ac,2020-01-06 06:52:10.633027+00:00,4,croissant
a96b3c42-f6d2-4a7b-aec7-6a82148b4376,9132b63e-f162-47e4-a9c3-49e03602f8ac,2020-01-06 07:52:28.393398+00:00,2,drink
2db0728d-1e5e-4e54-9907-7299dc3bbdd8,9132b63e-f162-47e4-a9c3-49e03602f8ac,2020-01-06 08:59:34.248394+00:00,4,donut
390239d9-fa8d-4e42-ba54-e9202099d180,9132b63e-f162-47e4-a9c3-49e03602f8ac,2020-01-06 09:50:05.357802+00:00,1,cookie
8b60c511-b816-4aeb-ac6a-7c8576876c62,9132b63e-f162-47e4-a9c3-49e03602f8ac,2020-01-06 10:25:26.860907+00:00,4,brioche
27b608dc-589d-4cb0-b5eb-89c23f5cf2f3,9132b63e-f162-47e4-a9c3-49e03602f8ac,2020-01-06 11:16:32.339020+00:00,1,bread
9d6b9b62-6b53-4a19-a902-b73fcf39f648,9132b63e-f162-47e4-a9c3-49e03602f8ac,2020-01-06 12:45:57.792483+00:00,1,brioche
980cb95c-19d4-4deb-9139-fa1234c1c3ea,9132b63e-f162-47e4-a9c3-49e03602f8ac,2020-01-06 13:02:00.874593+00:00,5,drink
3ea6e5b2-0c76-4d28-9f49-5037b40a9181,9132b63e-f162-47e4-a9c3-49e03602f8ac,2020-01-06 14:44:25.947882+00:00,4,croissant
c11f6bf5-379e-4467-8a2d-b2e63bfda8a6,9132b63e-f162-47e4-a9c3-49e03602f8ac,2020-01-06 15:51:49.428874+00:00,1,brioche
3bf2025f-4a0d-4b73-be54-ee4b80ff5173,9132b63e-f162-47e4-a9c3-49e03602f8ac,2020-01-06 16:48:56.830524+00:00,5,cookie
ac2b0cfc-c5c5-4060-9911-21e793d563ae,9132b63e-f162-47e4-a9c3-49e03602f8ac,2020-01-06 17:49:06.176961+00:00,2,cookie
a903ae67-fc56-4b53-a4ac-b722e0527739,9132b63e-f162-47e4-a9c3-49e03602f8ac,2020-01-06 18:31:16.503795+00:00,4,cookie
f2d2393f-8e85-440d-8f9a-eb7046707cd6,9132b63e-f162-47e4-a9c3-49e03602f8ac,2020-01-06 19:35:30.001640+00:00,2,drink
7ee1011a-8e4c-4ab5-ad5d-0477adc29178,9132b63e-f162-47e4-a9c3-49e03602f8ac,2020-01-06 20:02:48.782749+00:00,3,drink
86433603-c92a-4d7c-a193-5990abdd1a8f,9132b63e-f162-47e4-a9c3-49e03602f8ac,2020-01-06 21:19:07.444046+00:00,4,croissant
2f12b150-605f-41eb-8cc5-7e0d26332018,9132b63e-f162-47e4-a9c3-49e03602f8ac,2020-01-06 22:45:15.897950+00:00,4,brioche
db87d29c-4cfd-4fc1-b9b0-2e2ad96e684f,9132b63e-f162-47e4-a9c3-49e03602f8ac,2020-01-06 23:42:27.276471+00:00,4,bread
6aa0426d-f7c0-45f7-a9a5-3b4f8ff8869d,9132b63e-f162-47e4-a9c3-49e03602f8ac,2020-01-07 00:33:26.232330+00:00,2,croissant
548c1d84-340d-4049-8147-65063e2bf9c9,9132b63e-f162-47e4-a9c3-49e03602f8ac,2020-01-07 01:38:48.141066+00:00,4,cookie
d453f867-b97e-4224-891f-691217abb863,9132b63e-f162-47e4-a9c3-49e03602f8ac,2020-01-07 02:11:25.733826+00:00,3,croissant
0a1fc9df-9a59-4974-9adf-4709ac75c344,9132b63e-f162-47e4-a9c3-49e03602f8ac,2020-01-07 03:52:25.033651+00:00,2,donut
378e6510-8f10-433e-abe4-2e7db96c1163,9132b63e-f162-47e4-a9c3-49e03602f8ac,2020-01-07 04:28:45.819143+00:00,3,cookie
363908bf-03ec-48ff-a8b3-d763f4ff3f3a,9132b63e-f162-47e4-a9c3-49e03602f8ac,2020-01-07 05:56:13.775147+00:00,1,drink
ea18d32c-7a9a-4ef5-811b-d1c4ffe3f366,9132b63e-f162-47e4-a9c3-49e03602f8ac,2020-01-07 06:14:33.335455+00:00,5,drink
3d44cb2c-ea45-4a41-a589-ada1345af934,9132b63e-f162-47e4-a9c3-49e03602f8ac,2020-01-07 07:33:07.485453+00:00,3,croissant
5bf86f3c-a612-4a1c-889d-4b76775c30b5,9132b63e-f162-47e4-a9c3-49e03602f8ac,2020-01-07 08:18:30.320223+00:00,3,donut
193e638d-774c-4afa-bf4d-908ce1fff6c0,9132b63e-f162-47e4-a9c3-49e03602f8ac,2020-01-07 09:48:10.139838+00:00,4,cookie
501ba851-5ee6-4495-b400-29c3ea11905b,9132b63e-f162-47e4-a9c3-49e03602f8ac,2020-01-07 10:24:50.148614+00:00,5,brioche
42c21797-0426-4cc9-a55b-30e2bdc2b74b,9132b63e-f162-47e4-a9c3-49e03602f8ac,2020-01-07 11:33:11.921629+00:00,5,donut
27046f25-4b91-48cb-aae6-6582b852b3cd,9132b63e-f162-47e4-a9c3-49e03602f8ac,2020-01-07 12:11:46.290418+00:00,2,croissant
7fd238c3-3ee8-4983-9557-424191ddb9bf,9132b63e-f162-47e4-a9c3-49e03602f8ac,2020-01-07 13:33:02.313117+00:00,3,cookie
f76d15fd-7d16-45a0-9253-d966c36b9a0a,9132b63e-f162-47e4-a9c3-49e03602f8ac,2020-01-07 14:43:24.808607+00:00,4,croissant
5a2837b2-cb83-43f2-bb96-f6022b115c36,9132b63e-f162-47e4-a9c3-49e03602f8ac,2020-01-07 15:10:09.356559+00:00,5,croissant
8ac97b01-e3ad-44d4-aab9-eb022f1dc121,9132b63e-f162-47e4-a9c3-49e03602f8ac,2020-01-07 16:59:25.164747+00:00,1,donut
f1f7d904-1307-4157-98c1-28e7d6cd3155,f143262f-dc5c-4eed-8da0-365bf89897b9,2020-01-07 17:49:04.785279+00:00,1,bread
a175a9c3-d7b1-42a9-a332-a50e6992896e,f143262f-dc5c-4eed-8da0-365bf89897b9,2020-01-07 18:13:53.160212+00:00,2,bread
5f8a14bd-74bd-4c93-8177-b66137fe032c,f143262f-dc5c-4eed-8da0-365bf89897b9,2020-01-07 19:03:37.620428+00:00,5,croissant
01b158e9-0406-4f44-bce4-0679a8c6dbc0,f143262f-dc5c-4eed-8da0-365bf89897b9,2020-01-07 20:31:55.964946+00:00,4,bread
892621df-4655-48b7-b8e1-9f568787ea21,ce88cb2d-d4e8-4839-bc3e-058be0f3eab0,2020-01-07 21:58:38.925654+00:00,1,donut
6e3a0ba8-ac8d-4c7d-b2a6-e468d02b1243,ce88cb2d-d4e8-4839-bc3e-058be0f3eab0,2020-01-07 22:48:22.203716+00:00,2,bread
31227592-3db0-4235-a61e-2555863e1f2a,969b6662-0562-4059-968c-c69b1064005c,2020-01-07 23:37:11.211033+00:00,3,cookie
143a9aff-659b-4105-8b80-f288446f64dd,969b6662-0562-4059-968c-c69b1064005c,2020-01-08 00:22:22.985700+00:00,4,croissant
b27e1442-fd7f-4973-be42-df5b90a3fbbf,969b6662-0562-4059-968c-c69b1064005c,2020-01-08 01:13:33.086109+00:00,1,drink
c27437eb-a65f-4b8a-9bb4-4021fdde64af,969b6662-0562-4059-968c-c69b1064005c,2020-01-08 02:01:54.064213+00:00,4,croissant
0e5d8c6a-79db-4862-8d7d-d772608e2f5c,969b6662-0562-4059-968c-c69b1064005c,2020-01-08 03:38:12.293072+00:00,2,bread
a518a418-6f14-43f6-9867-888b7ff6b824,969b6662-0562-4059-968c-c69b1064005c,2020-01-08 04:47:03.754719+00:00,5,bread
0ae4ac11-eb4d-4f42-8735-70a2e5110961,969b6662-0562-4059-968c-c69b1064005c,2020-01-08 05:13:47.159389+00:00,5,croissant
13087974-ec95-43ac-8beb-7c3445667c48,969b6662-0562-4059-968c-c69b1064005c,2020-01-08 06:41:03.943476+00:00,3,donut
2dea2d2d-086c-405f-a879-d8f890422eb7,969b6662-0562-4059-968c-c69b1064005c,2020-01-08 07:55:43.558901+00:00,3,bread
24e9bcfd-9647-4f9f-b508-507af622d842,969b6662-0562-4059-968c-c69b1064005c,2020-01-08 08:45:08.116091+00:00,4,bread
3d8f95f4-905f-4096-a996-56e24c9d6907,969b6662-0562-4059-968c-c69b1064005c,2020-01-08 09:34:00.105312+00:00,4,drink
6243bed7-54ec-4f33-8a62-4cbde582b678,969b6662-0562-4059-968c-c69b1064005c,2020-01-08 10:45:20.193352+00:00,2,drink
f96d40f8-bed6-4da0-8033-f5c21413d64d,0dde29a6-baa4-471a-9d24-67ac778eedb3,2020-01-08 11:20:45.094193+00:00,1,croissant
57311609-1375-4e90-96b3-61e43b6dca0d,0dde29a6-baa4-471a-9d24-67ac778eedb3,2020-01-08 12:36:18.607476+00:00,5,donut
538d6b8c-c607-41e9-b80b-2cea658e54a2,0dde29a6-baa4-471a-9d24-67ac778eedb3,2020-01-08 13:01:46.652372+00:00,3,croissant
8d93e14a-5b16-4158-ba67-470c7d98302f,0dde29a6-baa4-471a-9d24-67ac778eedb3,2020-01-08 14:56:28.114242+00:00,4,brioche
614c721d-a921-4b4c-95fb-e976ae007b7e,0dde29a6-baa4-471a-9d24-67ac778eedb3,2020-01-08 15:05:08.498823+00:00,5,cookie
12d15585-b68e-47fa-bf17-5534cc4d5819,0dde29a6-baa4-471a-9d24-67ac778eedb3,2020-01-08 16:04:55.336835+00:00,2,croissant
277eb0aa-a247-441d-88ad-0899b630794d,0dde29a6-baa4-471a-9d24-67ac778eedb3,2020-01-08 17:44:22.759040+00:00,3,cookie
f165d779-0154-4950-976d-e21f1b46ebdc,0dde29a6-baa4-471a-9d24-67ac778eedb3,2020-01-08 18:18:29.762839+00:00,3,cookie
2ff8e87e-1659-4c89-a1eb-faa91a2bd69c,0dde29a6-baa4-471a-9d24-67ac778eedb3,2020-01-08 19:25:51.526258+00:00,5,donut
06b919aa-1a71-47c7-a875-9545832f52c4,0dde29a6-baa4-471a-9d24-67ac778eedb3,2020-01-08 20:05:22.627831+00:00,5,bread
530ddda6-c8d0-49e5-9919-65ea98d00c2c,0dde29a6-baa4-471a-9d24-67ac778eedb3,2020-01-08 21:51:49.385438+00:00,1,cookie
15aede0f-c777-407f-a346-d4ef69ef74e3,0dde29a6-baa4-471a-9d24-67ac778eedb3,2020-01-08 22:43:29.437839+00:00,5,brioche
af70de70-2b69-495e-8567-1b58926bffa5,0dde29a6-baa4-471a-9d24-67ac778eedb3,2020-01-08 23:22:50.635285+00:00,2,cookie
255bfc1c-7e3d-4ee4-84b6-4ec14d16f049,0dde29a6-baa4-471a-9d24-67ac778eedb3,2020-01-09 00:03:47.761741+00:00,4,cookie
c85cd714-7bf6-4552-8cbc-90446bcd5ce7,0dde29a6-baa4-471a-9d24-67ac778eedb3,2020-01-09 01:04:36.916901+00:00,3,brioche
9803b22e-7eec-488d-a002-352ab88cddde,0dde29a6-baa4-471a-9d24-67ac778eedb3,2020-01-09 02:37:00.007651+00:00,4,bread
f2e61828-01bb-419c-8dfe-111722af711f,0dde29a6-baa4-471a-9d24-67ac778eedb3,2020-01-09 03:23:44.491122+00:00,5,croissant
70b27304-545c-488d-9cb9-075ecdd7f460,0dde29a6-baa4-471a-9d24-67ac778eedb3,2020-01-09 04:20:05.050406+00:00,5,brioche
f280df1d-9a6c-4db9-9217-1c884ce953a7,0dde29a6-baa4-471a-9d24-67ac778eedb3,2020-01-09 05:41:43.052264+00:00,4,cookie
f7fe604f-65f3-4779-b6ee-5cdb2d79a2d1,0dde29a6-baa4-471a-9d24-67ac778eedb3,2020-01-09 06:19:08.895593+00:00,4,donut
60452909-536d-47d7-be0f-84cec82f78fd,0dde29a6-baa4-471a-9d24-67ac778eedb3,2020-01-09 07:16:49.080527+00:00,4,cookie
33261887-9058-41df-ae9b-f3e11d27c09a,0dde29a6-baa4-471a-9d24-67ac778eedb3,2020-01-09 08:35:32.017323+00:00,5,brioche
06e3f949-8cd3-4c62-8482-9b71ae84b81c,0dde29a6-baa4-471a-9d24-67ac778eedb3,2020-01-09 09:57:10.816601+00:00,4,drink
4a94ae9f-cc35-4e4f-b03e-957f35ab8466,0dde29a6-baa4-471a-9d24-67ac778eedb3,2020-01-09 10:49:52.614511+00:00,1,croissant
a2224f96-23a1-4e20-bfd2-55eeac484366,0dde29a6-baa4-471a-9d24-67ac778eedb3,2020-01-09 11:18:10.197513+00:00,3,drink
ca00ef58-6c52-4d13-b719-bb682775ee42,0dde29a6-baa4-471a-9d24-67ac778eedb3,2020-01-09 12:22:37.166945+00:00,4,donut
88cc4d49-669b-49b8-950d-f1a07aaf2001,0dde29a6-baa4-471a-9d24-67ac778eedb3,2020-01-09 13:30:23.805515+00:00,4,donut
5c0a1feb-f7ea-466e-8a6c-af9b09697101,0dde29a6-baa4-471a-9d24-67ac778eedb3,2020-01-09 14:42:05.883433+00:00,5,donut
1bffa279-15c1-404f-aa16-3354a35fc9c1,0dde29a6-baa4-471a-9d24-67ac778eedb3,2020-01-09 15:46:08.234572+00:00,3,brioche
902f3465-0b57-4720-9cd8-758ba5a1c825,0dde29a6-baa4-471a-9d24-67ac778eedb3,2020-01-09 16:59:00.989542+00:00,4,cookie
1b1f2eb1-6e32-45a8-8bd5-cc86f73936e9,0dde29a6-baa4-471a-9d24-67ac778eedb3,2020-01-09 17:00:37.971982+00:00,3,brioche
8ed8a80d-84cf-4e39-bf31-c29f82bbad84,0dde29a6-baa4-471a-9d24-67ac778eedb3,2020-01-09 18:34:49.865864+00:00,5,brioche
768b4f7e-6421-4e66-9fc6-4cd0721e8b1f,0dde29a6-baa4-471a-9d24-67ac778eedb3,2020-01-09 19:46:20.432037+00:00,5,drink
ff69723d-584f-485b-a697-384d801e8690,0dde29a6-baa4-471a-9d24-67ac778eedb3,2020-01-09 20:01:28.425551+00:00,1,cookie
15fa9483-f633-4c2d-aba9-00e16a7d5d96,0dde29a6-baa4-471a-9d24-67ac778eedb3,2020-01-09 21:06:57.849617+00:00,2,cookie
c8c5eb2a-7490-4deb-97d3-37d34fd80bbb,0dde29a6-baa4-471a-9d24-67ac778eedb3,2020-01-09 22:12:24.722374+00:00,4,cookie
b8d49848-702b-449f-98fd-d2b979e5c9aa,0dde29a6-baa4-471a-9d24-67ac778eedb3,2020-01-09 23:41:48.347756+00:00,3,bread
b5f59cb0-cf68-4878-8b70-59334cde1b6b,0dde29a6-baa4-471a-9d24-67ac778eedb3,2020-01-10 00:06:54.306960+00:00,3,drink
2a131c1f-ccd0-45c1-ad59-00dd1bff3142,0dde29a6-baa4-471a-9d24-67ac778eedb3,2020-01-10 01:55:47.720807+00:00,2,donut
54bbbcf8-28fe-4761-8d49-fe3f2ca8f783,0dde29a6-baa4-471a-9d24-67ac778eedb3,2020-01-10 02:33:35.456229+00:00,4,brioche
2f383b43-a137-48e4-a7b1-3040cc39b925,0dde29a6-baa4-471a-9d24-67ac778eedb3,2020-01-10 03:11:10.992931+00:00,4,croissant
e212ab7c-9d36-4cb6-bcc5-7be00779250a,0dde29a6-baa4-471a-9d24-67ac778eedb3,2020-01-10 04:11:50.367969+00:00,5,croissant
36fce0ac-b469-4db3-8123-a348638abdf6,0dde29a6-baa4-471a-9d24-67ac778eedb3,2020-01-10 05:12:20.824126+00:00,1,donut
89718eea-df3a-498a-8cac-2fb51a0c6c04,0dde29a6-baa4-471a-9d24-67ac778eedb3,2020-01-10 06:11:13.055408+00:00,3,brioche
abb316a7-4329-4780-9d2c-272175220646,0dde29a6-baa4-471a-9d24-67ac778eedb3,2020-01-10 07:51:45.491571+00:00,5,drink
9c7eb575-637d-4cd6-98d3-148b503b4078,0dde29a6-baa4-471a-9d24-67ac778eedb3,2020-01-10 08:23:33.158421+00:00,1,cookie
9e0b7b01-7536-49ef-9873-dad95a1baf0e,0dde29a6-baa4-471a-9d24-67ac778eedb3,2020-01-10 09:10:21.099047+00:00,3,donut
224a66a6-ac0f-4801-95b2-4e1d97154633,0dde29a6-baa4-471a-9d24-67ac778eedb3,2020-01-10 10:18:47.468682+00:00,2,cookie
b1850eb8-5f90-4c87-aedc-017e1df05d18,0dde29a6-baa4-471a-9d24-67ac778eedb3,2020-01-10 11:08:28.890756+00:00,4,croissant
623ad0fc-9326-4d25-a34b-456298af5cca,0dde29a6-baa4-471a-9d24-67ac778eedb3,2020-01-10 12:25:22.939615+00:00,4,drink
a52fc3ec-eb4e-4281-b184-d1fc8991b01a,0dde29a6-baa4-471a-9d24-67ac778eedb3,2020-01-10 13:55:50.501776+00:00,2,donut
23ea7956-49f1-437d-bd59-2e192ab7b2ef,0dde29a6-baa4-471a-9d24-67ac778eedb3,2020-01-10 14:11:13.554888+00:00,4,donut
f3abea0d-5be9-4db3-9d92-dd7c0db977a9,0dde29a6-baa4-471a-9d24-67ac778eedb3,2020-01-10 15:00:34.500382+00:00,2,brioche
8fc3d7d3-f6bd-40c7-a24a-2a50d0b1fde0,0dde29a6-baa4-471a-9d24-67ac778eedb3,2020-01-10 16:30:19.576871+00:00,4,croissant
b5cbe3f5-6a66-4184-bde1-bf5daf4847f0,0dde29a6-baa4-471a-9d24-67ac778eedb3,2020-01-10 17:50:23.610487+00:00,4,brioche
cbbed980-07e6-4cb0-90bd-e9001529e6f5,0dde29a6-baa4-471a-9d24-67ac778eedb3,2020-01-10 18:45:39.803827+00:00,3,bread
49e64c22-89a0-47eb-b98f-569b465cc2cb,0dde29a6-baa4-471a-9d24-67ac778eedb3,2020-01-10 19:10:05.552319+00:00,4,donut
7eccdaf4-c413-4dc2-85c5-ae8abe15ad12,0dde29a6-baa4-471a-9d24-67ac778eedb3,2020-01-10 20:32:59.014264+00:00,1,donut
8b0901ab-c66d-4eb3-8494-5e091d3ca5a4,0dde29a6-baa4-471a-9d24-67ac778eedb3,2020-01-10 21:49:23.818109+00:00,3,donut
c28fa16b-0aa6-4cb9-81bc-be59d296a12d,0dde29a6-baa4-471a-9d24-67ac778eedb3,2020-01-10 22:43:08.328868+00:00,5,brioche
bc69c155-1a37-46bd-acd6-f011fd61f13b,0dde29a6-baa4-471a-9d24-67ac778eedb3,2020-01-10 23:49:48.254580+00:00,2,cookie
7321a8b2-0840-405a-bfd2-f491dff389aa,0dde29a6-baa4-471a-9d24-67ac778eedb3,2020-01-11 00:15:46.134809+00:00,1,croissant
c68fcba5-1e0d-42b5-be74-02cddd83ad03,0dde29a6-baa4-471a-9d24-67ac778eedb3,2020-01-11 01:48:42.800085+00:00,2,drink
dc6dafff-59c2-4153-b06b-0f0c96822e22,0dde29a6-baa4-471a-9d24-67ac778eedb3,2020-01-11 02:42:38.714254+00:00,4,brioche
34e50699-c8eb-427a-a3a4-e70e9dbc15c0,0dde29a6-baa4-471a-9d24-67ac778eedb3,2020-01-11 03:48:48.707516+00:00,1,donut
98cbaa52-47f5-4019-8843-8de259cf0b0d,0dde29a6-baa4-471a-9d24-67ac778eedb3,2020-01-11 04:32:19.566766+00:00,3,drink
44709848-929e-4c92-8a11-be444aea1b8f,0dde29a6-baa4-471a-9d24-67ac778eedb3,2020-01-11 05:57:08.630444+00:00,5,drink
f67839b2-22b5-4457-9860-ad28d0afb235,0dde29a6-baa4-471a-9d24-67ac778eedb3,2020-01-11 06:45:00.338891+00:00,4,bread
a7e8d18e-ddf6-44ac-86fe-acd4fe1393cd,0dde29a6-baa4-471a-9d24-67ac778eedb3,2020-01-11 07:07:36.797407+00:00,2,brioche
d4176230-5274-4e11-b61d-f906257035db,0dde29a6-baa4-471a-9d24-67ac778eedb3,2020-01-11 08:14:51.197064+00:00,4,croissant
44caa5a2-a1e5-48a2-93d2-28d424655c39,0dde29a6-baa4-471a-9d24-67ac778eedb3,2020-01-11 09:37:40.126155+00:00,4,croissant
e14fe093-cb6a-40c7-a235-6dd4135508d0,0dde29a6-baa4-471a-9d24-67ac778eedb3,2020-01-11 10:46:07.983245+00:00,4,donut
efb3b939-b1d8-4887-8739-cc7bbff30c8d,0dde29a6-baa4-471a-9d24-67ac778eedb3,2020-01-11 11:52:38.342485+00:00,4,croissant
de70bd30-00a2-4367-94fb-09f053c93ae7,0dde29a6-baa4-471a-9d24-67ac778eedb3,2020-01-11 12:46:26.887046+00:00,1,drink
aa055442-a284-48fd-b55c-ee2af8ded777,0dde29a6-baa4-471a-9d24-67ac778eedb3,2020-01-11 13:41:50.240320+00:00,1,donut
6dfd171a-f7d7-465d-b7c3-b3c965d0b517,0dde29a6-baa4-471a-9d24-67ac778eedb3,2020-01-11 14:49:29.451531+00:00,4,cookie
56771f36-4899-4e5f-940e-53ce52a74a41,0dde29a6-baa4-471a-9d24-67ac778eedb3,2020-01-11 15:32:50.317928+00:00,2,donut
57ff51d9-c9ce-44bd-bc3f-1addda385db5,0dde29a6-baa4-471a-9d24-67ac778eedb3,2020-01-11 16:53:38.956769+00:00,1,bread
d6321d31-c8ac-4fcf-a04d-4d14197dbae1,0dde29a6-baa4-471a-9d24-67ac778eedb3,2020-01-11 17:27:34.494346+00:00,1,brioche
fde91c42-002c-4c22-b4de-5f7070f81dba,0dde29a6-baa4-471a-9d24-67ac778eedb3,2020-01-11 18:57:28.914370+00:00,2,drink
a6663769-e1d4-4f82-a1c5-0e41e8cee951,0dde29a6-baa4-471a-9d24-67ac778eedb3,2020-01-11 19:18:06.715816+00:00,3,bread
1519830c-4019-4303-9c45-7e4da79313b8,0dde29a6-baa4-471a-9d24-67ac778eedb3,2020-01-11 20:22:18.637563+00:00,2,bread
b9da5f8c-4e35-4a80-a027-9a186576a410,0dde29a6-baa4-471a-9d24-67ac778eedb3,2020-01-11 21:41:57.988937+00:00,2,croissant
185df528-b425-4e19-9758-d47ea7cde143,0dde29a6-baa4-471a-9d24-67ac778eedb3,2020-01-11 22:00:03.910693+00:00,4,bread
84fa4c72-39e7-44f1-97fb-613a21f89d06,0dde29a6-baa4-471a-9d24-67ac778eedb3,2020-01-11 23:40:47.937810+00:00,1,bread
1edf3bfa-d12e-4eb5-97f4-79b5b212a6ee,0dde29a6-baa4-471a-9d24-67ac778eedb3,2020-01-12 00:59:17.357674+00:00,4,drink
3a9c4308-1221-4ddf-ba4a-902f21d63b0f,0dde29a6-baa4-471a-9d24-67ac778eedb3,2020-01-12 01:22:59.051733+00:00,1,bread
4c9bff5c-e188-4eaf-9e18-85c35037cd6b,0dde29a6-baa4-471a-9d24-67ac778eedb3,2020-01-12 02:08:13.665461+00:00,2,drink
11836c4f-2492-44c7-ad58-db1bfe31537a,0dde29a6-baa4-471a-9d24-67ac778eedb3,2020-01-12 03:31:49.829796+00:00,1,donut
59e7703a-70aa-4b0d-aa03-8ad4a667b982,0dde29a6-baa4-471a-9d24-67ac778eedb3,2020-01-12 04:43:20.755295+00:00,2,croissant
dc268108-7140-41a1-afc2-ccfc9db7284b,0dde29a6-baa4-471a-9d24-67ac778eedb3,2020-01-12 05:13:02.080840+00:00,1,brioche
bae1e137-96ee-40e5-9f87-3b46c0a0473a,0dde29a6-baa4-471a-9d24-67ac778eedb3,2020-01-12 06:23:02.514874+00:00,4,cookie
159152f2-a505-4a9c-86e7-5a2c3f6eed9d,490617f2-747b-4dba-88fe-3ccdc8b8d9c6,2020-01-12 07:14:53.401298+00:00,5,donut
c76a8e0f-48f0-41f0-9b8b-38aeb89f3a92,490617f2-747b-4dba-88fe-3ccdc8b8d9c6,2020-01-12 08:56:28.605282+00:00,1,drink
848b34f0-3498-4735-8d38-e415e03635fc,490617f2-747b-4dba-88fe-3ccdc8b8d9c6,2020-01-12 09:36:24.936731+00:00,2,drink
0df83e12-a56b-41e0-8ba8-a4ca6449cb6f,490617f2-747b-4dba-88fe-3ccdc8b8d9c6,2020-01-12 10:47:01.685759+00:00,2,croissant
7fe4a42e-3db7-48a6-9cdc-c4c262c965b2,490617f2-747b-4dba-88fe-3ccdc8b8d9c6,2020-01-12 11:38:17.096388+00:00,1,donut
fca45567-0316-42d6-ba4a-58efe3837348,490617f2-747b-4dba-88fe-3ccdc8b8d9c6,2020-01-12 12:21:39.953545+00:00,3,brioche
91816091-d6c6-445c-9c5e-4e786307d4d1,490617f2-747b-4dba-88fe-3ccdc8b8d9c6,2020-01-12 13:25:15.108723+00:00,5,drink
f45707c6-7894-4a15-8342-01db2c3aacdc,490617f2-747b-4dba-88fe-3ccdc8b8d9c6,2020-01-12 14:59:14.518553+00:00,1,bread
431e930f-0387-474d-9149-d096965d744f,490617f2-747b-4dba-88fe-3ccdc8b8d9c6,2020-01-12 15:12:56.674579+00:00,1,croissant
b66edbf4-a0ea-4251-8957-43a281b13b80,490617f2-747b-4dba-88fe-3ccdc8b8d9c6,2020-01-12 16:30:03.776276+00:00,4,croissant
a3fa4069-1519-4d38-a6fb-a71db3a9dcaa,490617f2-747b-4dba-88fe-3ccdc8b8d9c6,2020-01-12 17:32:11.633338+00:00,5,brioche
143ac1c5-4f56-4ed5-9566-9e364708203b,490617f2-747b-4dba-88fe-3ccdc8b8d9c6,2020-01-12 18:30:40.696914+00:00,2,brioche
9620bee6-6406-4ace-93a5-e8508950ddd6,490617f2-747b-4dba-88fe-3ccdc8b8d9c6,2020-01-12 19:38:03.459291+00:00,1,cookie
f413db19-bade-4d5d-afff-15ccb2dc6c34,490617f2-747b-4dba-88fe-3ccdc8b8d9c6,2020-01-12 20:50:47.285214+00:00,1,brioche
1db14bfc-6f3a-4115-acb4-678c16120aa6,490617f2-747b-4dba-88fe-3ccdc8b8d9c6,2020-01-12 21:27:12.138632+00:00,5,bread
a8761e85-bddf-403a-aa84-30f84f2da233,490617f2-747b-4dba-88fe-3ccdc8b8d9c6,2020-01-12 22:44:26.369449+00:00,1,bread
02e7df89-b395-4a98-a320-4ff5b538f96c,490617f2-747b-4dba-88fe-3ccdc8b8d9c6,2020-01-12 23:09:49.797471+00:00,3,donut
425e0259-b884-46d2-928f-cf68c871d7b3,3f07f814-91d6-4f78-a3e9-de99f10c718b,2020-01-13 00:10:01.066635+00:00,2,drink
bba1aed9-44cd-4fdd-9f9b-141ec7f7bda1,3f07f814-91d6-4f78-a3e9-de99f10c718b,2020-01-13 01:53:11.093135+00:00,1,cookie
861b4f5b-45a0-4539-ade8-370ace9e9ebd,3f07f814-91d6-4f78-a3e9-de99f10c718b,2020-01-13 02:03:49.939161+00:00,5,drink
82c299f0-7487-4772-bf03-86fa13badc91,3f07f814-91d6-4f78-a3e9-de99f10c718b,2020-01-13 03:21:36.446024+00:00,4,donut
414f4994-2845-4780-9e20-c9572ab8bd33,3f07f814-91d6-4f78-a3e9-de99f10c718b,2020-01-13 04:46:23.984232+00:00,5,drink
bda3c162-3a78-464a-9d86-80cbb90800f3,3f07f814-91d6-4f78-a3e9-de99f10c718b,2020-01-13 05:30:31.769586+00:00,1,bread
5d2d904f-78c5-4073-8bc5-72073e9aec86,3f07f814-91d6-4f78-a3e9-de99f10c718b,2020-01-13 06:22:58.726108+00:00,2,brioche
090d9655-db84-4660-b5d8-fb91ee6081ac,3f07f814-91d6-4f78-a3e9-de99f10c718b,2020-01-13 07:33:10.313239+00:00,4,brioche
ea75752d-6a8f-4acb-bf8e-2d0d52619dec,3f07f814-91d6-4f78-a3e9-de99f10c718b,2020-01-13 08:43:13.036517+00:00,3,bread
8085c147-1e91-4f36-9f70-5b2592502e59,3f07f814-91d6-4f78-a3e9-de99f10c718b,2020-01-13 09:40:23.972580+00:00,1,brioche
fb3df063-8409-45ea-8de9-18b33922a7e4,3f07f814-91d6-4f78-a3e9-de99f10c718b,2020-01-13 10:02:45.342950+00:00,4,bread
48454343-ddb4-49dc-b710-6966e0827f76,3f07f814-91d6-4f78-a3e9-de99f10c718b,2020-01-13 11:46:24.698926+00:00,3,cookie
020a4497-74ed-4145-8d97-65c7161d5c87,3f07f814-91d6-4f78-a3e9-de99f10c718b,2020-01-13 12:22:08.109693+00:00,3,donut
9f6a6a65-bd54-4a04-8dcd-0009c8d57717,3f07f814-91d6-4f78-a3e9-de99f10c718b,2020-01-13 13:14:33.302377+00:00,3,donut
c5c9fb91-ff6e-49ed-be4c-e29ff8cbab4c,3f07f814-91d6-4f78-a3e9-de99f10c718b,2020-01-13 14:46:33.189441+00:00,5,brioche
68f82063-eeb1-4ad2-81a1-fb0f268b84b6,3f07f814-91d6-4f78-a3e9-de99f10c718b,2020-01-13 15:01:26.076921+00:00,5,cookie
e09016b6-b186-45a8-96ee-526ba2cd1590,3f07f814-91d6-4f78-a3e9-de99f10c718b,2020-01-13 16:00:34.541352+00:00,3,bread
d95874c2-6053-4c1b-a845-10a1c2492e5e,3f07f814-91d6-4f78-a3e9-de99f10c718b,2020-01-13 17:44:17.097577+00:00,3,bread
3cf88d20-fbad-493f-87a1-ec0234879e41,3f07f814-91d6-4f78-a3e9-de99f10c718b,2020-01-13 18:25:11.337031+00:00,1,brioche
0b3d0c36-17d0-4810-87a2-a10bb62edb49,3f07f814-91d6-4f78-a3e9-de99f10c718b,2020-01-13 19:55:16.587851+00:00,5,croissant
755d814b-5f5b-4255-a544-9887b36ab3ed,3f07f814-91d6-4f78-a3e9-de99f10c718b,2020-01-13 20:58:28.397245+00:00,1,donut
a3209116-222d-46a4-8163-b6ce1877bc06,3f07f814-91d6-4f78-a3e9-de99f10c718b,2020-01-13 21:49:11.866411+00:00,1,donut
a995ecc3-6f5b-49a6-8ff1-c51f915cb31b,3f07f814-91d6-4f78-a3e9-de99f10c718b,2020-01-13 22:57:51.185789+00:00,2,cookie
ed1115d7-50a4-4c85-99d5-7b0242d04d55,3f07f814-91d6-4f78-a3e9-de99f10c718b,2020-01-13 23:48:02.940559+00:00,3,cookie
131eb723-3bcd-4203-859e-e67473e7f042,3f07f814-91d6-4f78-a3e9-de99f10c718b,2020-01-14 00:56:36.796870+00:00,2,donut
2a147a96-1b0c-42eb-a7c8-fc6c1be5a4c3,3f07f814-91d6-4f78-a3e9-de99f10c718b,2020-01-14 01:26:58.440292+00:00,3,croissant
f6f24d1c-5bb8-49c8-8932-59f31ee89a4c,3f07f814-91d6-4f78-a3e9-de99f10c718b,2020-01-14 02:46:13.212295+00:00,4,cookie
1eb2a7b8-da3c-45ca-83d7-8f2b769de1e3,3f07f814-91d6-4f78-a3e9-de99f10c718b,2020-01-14 03:05:25.515197+00:00,3,drink
370b9a29-0a53-4df9-9a72-083cb266986c,3f07f814-91d6-4f78-a3e9-de99f10c718b,2020-01-14 04:50:09.329103+00:00,3,brioche
f7e9101d-3f8b-4433-b60e-695c1759ba96,3f07f814-91d6-4f78-a3e9-de99f10c718b,2020-01-14 05:21:20.673920+00:00,5,bread
d1f16485-429a-4a7c-8c80-d33aad5be3c8,3f07f814-91d6-4f78-a3e9-de99f10c718b,2020-01-14 06:59:26.435833+00:00,1,croissant
bf8211bc-8e52-4c42-b3c3-74a6dac726b6,3f07f814-91d6-4f78-a3e9-de99f10c718b,2020-01-14 07:33:00.435211+00:00,1,croissant
23c97a1e-cb37-4d97-8dcc-2d6a1a16998c,3f07f814-91d6-4f78-a3e9-de99f10c718b,2020-01-14 08:07:17.231720+00:00,1,brioche
668c879b-d2dc-42c8-b2b8-d8aa21768dd7,3f07f814-91d6-4f78-a3e9-de99f10c718b,2020-01-14 09:22:20.063078+00:00,1,donut
d010318a-eadc-4960-8242-11e2960be0f4,3f07f814-91d6-4f78-a3e9-de99f10c718b,2020-01-14 10:04:29.953851+00:00,1,brioche
cf2e3296-7184-4713-a55f-65b7e709fba6,3f07f814-91d6-4f78-a3e9-de99f10c718b,2020-01-14 11:07:43.649576+00:00,3,bread
0cf697a5-7603-436c-b139-4e3c0aee2557,3f07f814-91d6-4f78-a3e9-de99f10c718b,2020-01-14 12:10:04.761151+00:00,5,croissant
7f0223bc-651e-4252-b974-4cded259f960,3f07f814-91d6-4f78-a3e9-de99f10c718b,2020-01-14 13:01:46.136255+00:00,4,brioche
2fe922aa-e886-4011-b6f7-a26c5a9c0679,3f07f814-91d6-4f78-a3e9-de99f10c718b,2020-01-14 14:16:29.934368+00:00,4,brioche
9df2372e-9e82-4aae-9d36-16a108dec921,3f07f814-91d6-4f78-a3e9-de99f10c718b,2020-01-14 15:14:44.825205+00:00,3,croissant
7aa1c567-8cf9-4ea9-a1fd-c6d169785221,3f07f814-91d6-4f78-a3e9-de99f10c718b,2020-01-14 16:03:39.524648+00:00,3,croissant
a484e035-330f-4aa3-ab52-f93c2321e64e,3f07f814-91d6-4f78-a3e9-de99f10c718b,2020-01-14 17:53:04.749058+00:00,5,brioche
8b2d158a-cd5a-4324-be7c-80e9a1791e93,3f07f814-91d6-4f78-a3e9-de99f10c718b,2020-01-14 18:47:41.446480+00:00,4,drink
c80c2195-8b65-44ce-bacc-99705beec570,3f07f814-91d6-4f78-a3e9-de99f10c718b,2020-01-14 19:29:04.846148+00:00,5,donut
2e0869c1-453b-45fe-a36c-f4995254aad3,3f07f814-91d6-4f78-a3e9-de99f10c718b,2020-01-14 20:01:33.826684+00:00,5,brioche
c74e48ff-cf89-469d-a550-d73607806e71,3f07f814-91d6-4f78-a3e9-de99f10c718b,2020-01-14 21:16:51.357595+00:00,4,donut
ffe62994-9580-4c2a-844f-c4b85b80b8d1,3f07f814-91d6-4f78-a3e9-de99f10c718b,2020-01-14 22:13:57.943660+00:00,2,bread
443b1d0f-3dbc-4093-a828-44423f738f50,3f07f814-91d6-4f78-a3e9-de99f10c718b,2020-01-14 23:32:01.282433+00:00,1,brioche
cc21cbdb-fb8f-48c4-98b4-8ead93608edf,3f07f814-91d6-4f78-a3e9-de99f10c718b,2020-01-15 00:23:18.321078+00:00,2,brioche
ce63cb1a-5168-4bf2-97af-5bde3c8e9d78,3f07f814-91d6-4f78-a3e9-de99f10c718b,2020-01-15 01:44:17.178364+00:00,3,donut
5a07d758-b357-43f9-b415-7cea07388ba4,3f07f814-91d6-4f78-a3e9-de99f10c718b,2020-01-15 02:56:51.211446+00:00,5,brioche
d631c383-3030-44d0-b2c8-47439027e770,3f07f814-91d6-4f78-a3e9-de99f10c718b,2020-01-15 03:59:16.822357+00:00,4,donut
09b7fdf7-7d8d-4ddd-acf1-49cb4f1e1a37,3f07f814-91d6-4f78-a3e9-de99f10c718b,2020-01-15 04:05:24.926557+00:00,2,donut
7a5d7c82-86c5-447c-851a-00393803dcee,3f07f814-91d6-4f78-a3e9-de99f10c718b,2020-01-15 05:00:02.460587+00:00,5,brioche
b7893986-573b-4c17-a167-c35ece7334f2,3f07f814-91d6-4f78-a3e9-de99f10c718b,2020-01-15 06:10:38.855541+00:00,3,bread
b466fab6-962c-44dd-a5d0-7461059c1574,3f07f814-91d6-4f78-a3e9-de99f10c718b,2020-01-15 07:55:02.006931+00:00,1,donut
12916e60-f5e7-4daf-9d69-6bc8dc54d59b,3f07f814-91d6-4f78-a3e9-de99f10c718b,2020-01-15 08:22:24.926808+00:00,4,donut
52961fb3-4d40-4b28-9628-ddcd19dd3e8c,3f07f814-91d6-4f78-a3e9-de99f10c718b,2020-01-15 09:08:11.226008+00:00,2,drink
a3a6ef83-cab6-4107-afd6-9b3af2dd9456,3f07f814-91d6-4f78-a3e9-de99f10c718b,2020-01-15 10:57:38.383561+00:00,3,brioche
b18d2c8c-8fdd-4ebc-b7ff-88d4b509f08a,3f07f814-91d6-4f78-a3e9-de99f10c718b,2020-01-15 11:53:22.560781+00:00,5,cookie
d08012b8-96c5-4fe7-aa60-4892392612e9,3f07f814-91d6-4f78-a3e9-de99f10c718b,2020-01-15 12:10:31.265868+00:00,3,drink
2d7e4a45-2099-471f-8b65-7bccb0416f19,3f07f814-91d6-4f78-a3e9-de99f10c718b,2020-01-15 13:43:43.791441+00:00,5,croissant
f7164b73-c555-43ed-be89-56c8d9cb3540,3f07f814-91d6-4f78-a3e9-de99f10c718b,2020-01-15 14:34:02.937917+00:00,2,donut
f7b02805-cf0d-4860-abc9-29145176a9d1,3f07f814-91d6-4f78-a3e9-de99f10c718b,2020-01-15 15:36:40.972149+00:00,5,bread
54c7743b-2401-442a-bf05-fbf5efcac577,3f07f814-91d6-4f78-a3e9-de99f10c718b,2020-01-15 16:44:43.235981+00:00,2,cookie
a2dd22d5-2afa-4b7b-91cb-f9e5fb7d3ba1,3f07f814-91d6-4f78-a3e9-de99f10c718b,2020-01-15 17:53:07.152912+00:00,1,drink
55f3ad50-e2fb-4984-bab2-7bcea39c3bd5,ce9e1a11-fcbb-4e59-bbdd-cf7c9c96e9ec,2020-01-15 18:26:47.867763+00:00,3,brioche
59b9222c-115a-4fac-b173-fcdf3fe1e8f3,ce9e1a11-fcbb-4e59-bbdd-cf7c9c96e9ec,2020-01-15 19:15:23.968590+00:00,1,drink
702f31e5-62cc-4604-8c53-644b0053f649,ce9e1a11-fcbb-4e59-bbdd-cf7c9c96e9ec,2020-01-15 20:43:57.304180+00:00,2,croissant
59ea4936-60f3-4ebc-a1bb-b8cd7e3a9f07,ce9e1a11-fcbb-4e59-bbdd-cf7c9c96e9ec,2020-01-15 21:32:45.686284+00:00,1,croissant
a6a5f0ff-93fb-41d0-9d32-6d9cc9ea356a,ce9e1a11-fcbb-4e59-bbdd-cf7c9c96e9ec,2020-01-15 22:45:29.676757+00:00,2,brioche
d883e3f8-cc98-43de-92de-9e5a7387928a,ce9e1a11-fcbb-4e59-bbdd-cf7c9c96e9ec,2020-01-15 23:02:00.286031+00:00,1,cookie
12fecc2b-1acf-42c5-b3a0-212042d943ee,ce9e1a11-fcbb-4e59-bbdd-cf7c9c96e9ec,2020-01-16 00:20:30.509524+00:00,4,brioche
f11c0ac5-8c0b-493a-9333-5bc9bb635ff5,ce9e1a11-fcbb-4e59-bbdd-cf7c9c96e9ec,2020-01-16 01:53:53.247023+00:00,1,cookie
e4aa786d-9d17-4218-bc3b-0de5981262ac,ce9e1a11-fcbb-4e59-bbdd-cf7c9c96e9ec,2020-01-16 02:28:57.852431+00:00,1,croissant
9b792afa-2a3d-418d-a754-a29ff143e545,ce9e1a11-fcbb-4e59-bbdd-cf7c9c96e9ec,2020-01-16 03:53:23.111773+00:00,2,bread
f9722cc1-349e-44a9-94c2-9d5c19ec0829,ce9e1a11-fcbb-4e59-bbdd-cf7c9c96e9ec,2020-01-16 04:11:23.943327+00:00,5,drink
43e8644b-8a45-4905-badf-9397ecf26429,ce9e1a11-fcbb-4e59-bbdd-cf7c9c96e9ec,2020-01-16 05:39:38.152414+00:00,3,brioche
925f8199-6495-4d5f-8cb4-e891188df23b,ce9e1a11-fcbb-4e59-bbdd-cf7c9c96e9ec,2020-01-16 06:32:58.785481+00:00,4,brioche
6d779595-00fa-4eb4-9c5f-48d40df407b8,ce9e1a11-fcbb-4e59-bbdd-cf7c9c96e9ec,2020-01-16 07:05:15.462094+00:00,5,croissant
34fadee1-0696-4d48-98d4-2238331de35c,ce9e1a11-fcbb-4e59-bbdd-cf7c9c96e9ec,2020-01-16 08:10:14.995890+00:00,3,bread
4ef03f80-1d91-4e39-9801-4004793bed1b,ce9e1a11-fcbb-4e59-bbdd-cf7c9c96e9ec,2020-01-16 09:47:05.555663+00:00,4,croissant
1754bf08-43d7-4413-a939-ebd1e516b0d4,ce9e1a11-fcbb-4e59-bbdd-cf7c9c96e9ec,2020-01-16 10:38:30.718977+00:00,4,brioche
5e911b91-61a6-4444-a2af-a6295efb336e,ce9e1a11-fcbb-4e59-bbdd-cf7c9c96e9ec,2020-01-16 11:11:11.698588+00:00,1,cookie
39eb038a-436e-4c49-b70e-09db7092d401,ce9e1a11-fcbb-4e59-bbdd-cf7c9c96e9ec,2020-01-16 12:50:13.483508+00:00,5,bread
aadf3692-b24b-4b96-8092-7b7426b07ff6,ce9e1a11-fcbb-4e59-bbdd-cf7c9c96e9ec,2020-01-16 13:05:48.129436+00:00,3,donut
96f84ff7-c1a7-4883-b880-287869fb0763,ce9e1a11-fcbb-4e59-bbdd-cf7c9c96e9ec,2020-01-16 14:13:39.045931+00:00,1,croissant
f7336094-6b2b-48b9-85c7-f3bed183010f,ce9e1a11-fcbb-4e59-bbdd-cf7c9c96e9ec,2020-01-16 15:32:07.851883+00:00,4,donut
4c819260-79ec-433c-bc53-090ee1b41171,ce9e1a11-fcbb-4e59-bbdd-cf7c9c96e9ec,2020-01-16 16:04:44.238179+00:00,1,donut
ccea5031-844e-450b-a684-390c923b7820,ce9e1a11-fcbb-4e59-bbdd-cf7c9c96e9ec,2020-01-16 17:34:17.347459+00:00,5,brioche
72f444ab-c1d7-4f4a-b302-5d161ecacae9,ce9e1a11-fcbb-4e59-bbdd-cf7c9c96e9ec,2020-01-16 18:10:22.364302+00:00,2,brioche
0aeccec7-204d-49da-b156-7f2acef74829,ce9e1a11-fcbb-4e59-bbdd-cf7c9c96e9ec,2020-01-16 19:25:24.149637+00:00,4,brioche
25db5946-a091-45b4-9293-8e6eff4d0930,ce9e1a11-fcbb-4e59-bbdd-cf7c9c96e9ec,2020-01-16 20:50:02.789227+00:00,3,cookie
ceae1325-ea07-4d80-ba23-6c22e92a7b97,ce9e1a11-fcbb-4e59-bbdd-cf7c9c96e9ec,2020-01-16 21:04:01.243031+00:00,4,donut
db4bb8eb-537d-4bd1-8d53-6c7565b90e94,ce9e1a11-fcbb-4e59-bbdd-cf7c9c96e9ec,2020-01-16 22:16:34.322952+00:00,4,bread
966b62ea-9f80-496b-b34e-356ac95b61f8,ce9e1a11-fcbb-4e59-bbdd-cf7c9c96e9ec,2020-01-16 23:31:21.223238+00:00,4,bread
910c4cb7-25f0-4b0a-a64e-f59d6a18e5af,ce9e1a11-fcbb-4e59-bbdd-cf7c9c96e9ec,2020-01-17 00:35:16.562880+00:00,1,bread
c926a021-19da-4262-8790-3dc5900c0af7,ce9e1a11-fcbb-4e59-bbdd-cf7c9c96e9ec,2020-01-17 01:17:09.934275+00:00,5,cookie
620f230b-439e-454c-a930-16eae0bda1ee,ce9e1a11-fcbb-4e59-bbdd-cf7c9c96e9ec,2020-01-17 02:39:17.235615+00:00,5,donut
46818a88-2c15-4804-8997-59a37919955c,ce9e1a11-fcbb-4e59-bbdd-cf7c9c96e9ec,2020-01-17 03:24:10.706250+00:00,5,donut
09eda6f5-66d7-4d97-b193-c8b8ae49c079,ce9e1a11-fcbb-4e59-bbdd-cf7c9c96e9ec,2020-01-17 04:23:44.853879+00:00,3,drink
79a7e63b-bee9-45da-8c9e-55503cd1ff3f,ce9e1a11-fcbb-4e59-bbdd-cf7c9c96e9ec,2020-01-17 05:55:15.005939+00:00,3,bread
4d950273-cb2c-4805-9140-3430567e642e,ce9e1a11-fcbb-4e59-bbdd-cf7c9c96e9ec,2020-01-17 06:18:39.417472+00:00,4,drink
de703b72-f8f5-4a26-9924-c644af527666,ce9e1a11-fcbb-4e59-bbdd-cf7c9c96e9ec,2020-01-17 07:13:40.646689+00:00,3,drink
52246d05-d369-4867-8626-e38f716fb276,ce9e1a11-fcbb-4e59-bbdd-cf7c9c96e9ec,2020-01-17 08:16:09.911932+00:00,4,donut
711456de-301c-4db3-96db-80dba543148e,ce9e1a11-fcbb-4e59-bbdd-cf7c9c96e9ec,2020-01-17 09:12:41.005808+00:00,4,drink
de0018aa-8439-4fc0-826e-27067c059799,ce9e1a11-fcbb-4e59-bbdd-cf7c9c96e9ec,2020-01-17 10:22:26.076755+00:00,1,donut
4fa5c35e-10cc-4604-a8b2-6b1bca9f1d59,ce9e1a11-fcbb-4e59-bbdd-cf7c9c96e9ec,2020-01-17 11:42:34.449834+00:00,4,brioche
e11bf0d4-8637-4f04-99ee-7dc9c7cfeca8,ce9e1a11-fcbb-4e59-bbdd-cf7c9c96e9ec,2020-01-17 12:34:07.220279+00:00,2,brioche
d6441a9d-3362-4476-953a-e57fe00bd534,ce9e1a11-fcbb-4e59-bbdd-cf7c9c96e9ec,2020-01-17 13:03:27.459057+00:00,1,croissant
b462e3e8-5c41-4a83-ab04-159c0cf173f9,ce9e1a11-fcbb-4e59-bbdd-cf7c9c96e9ec,2020-01-17 14:11:56.795181+00:00,3,croissant
ec4e8cbb-a2aa-478c-a59e-0258814ff657,ce9e1a11-fcbb-4e59-bbdd-cf7c9c96e9ec,2020-01-17 15:07:25.942292+00:00,1,brioche
7233d5af-9813-4da1-bd21-20ad5f59fb4d,ce9e1a11-fcbb-4e59-bbdd-cf7c9c96e9ec,2020-01-17 16:10:39.301299+00:00,4,donut
29dc073e-5820-43f2-9989-dd6c8d2434f9,ce9e1a11-fcbb-4e59-bbdd-cf7c9c96e9ec,2020-01-17 17:50:15.553573+00:00,3,drink
48fa4e98-1723-4cdb-b058-8256d4b3e8cf,ce9e1a11-fcbb-4e59-bbdd-cf7c9c96e9ec,2020-01-17 18:01:38.821764+00:00,1,brioche
f704d72f-c7a2-4280-927f-8103da9408c0,ce9e1a11-fcbb-4e59-bbdd-cf7c9c96e9ec,2020-01-17 19:12:51.546914+00:00,2,drink
44e2a94b-34ec-4264-ad7d-6f8139a0f145,ce9e1a11-fcbb-4e59-bbdd-cf7c9c96e9ec,2020-01-17 20:39:05.714398+00:00,5,bread
c47fa57e-f796-411f-87c1-fb1bdd58631b,ce9e1a11-fcbb-4e59-bbdd-cf7c9c96e9ec,2020-01-17 21:40:55.919034+00:00,4,brioche
cd0579e2-99e4-404c-ac56-e0cda5ba2472,ce9e1a11-fcbb-4e59-bbdd-cf7c9c96e9ec,2020-01-17 22:00:30.469418+00:00,3,donut
b676291d-4e32-4b4b-b168-c605ce1a1669,ce9e1a11-fcbb-4e59-bbdd-cf7c9c96e9ec,2020-01-17 23:58:01.287996+00:00,3,croissant
59450186-da01-4d29-a060-b1ebe53e5f4c,ce9e1a11-fcbb-4e59-bbdd-cf7c9c96e9ec,2020-01-18 00:27:32.392868+00:00,2,croissant
d30608be-8548-467b-ad5c-ba244d59616b,ce9e1a11-fcbb-4e59-bbdd-cf7c9c96e9ec,2020-01-18 01:37:24.981946+00:00,5,bread
a9902071-ffda-4a93-82f2-900401e187d8,ce9e1a11-fcbb-4e59-bbdd-cf7c9c96e9ec,2020-01-18 02:57:59.347636+00:00,3,donut
485d831c-9bea-4529-9801-7a2fa5b83693,ce9e1a11-fcbb-4e59-bbdd-cf7c9c96e9ec,2020-01-18 03:17:54.513335+00:00,1,croissant
46c79b36-fd05-4963-9616-af7e1057a002,ce9e1a11-fcbb-4e59-bbdd-cf7c9c96e9ec,2020-01-18 04:38:26.141084+00:00,3,cookie
e4729be5-f3c2-444a-b60a-3dcca7f77451,ce9e1a11-fcbb-4e59-bbdd-cf7c9c96e9ec,2020-01-18 05:39:05.279287+00:00,2,brioche
e651e3e1-3d84-4fc9-83f6-2136846d5a3b,ce9e1a11-fcbb-4e59-bbdd-cf7c9c96e9ec,2020-01-18 06:03:24.388828+00:00,5,croissant
23d26b8d-ae46-424d-91d0-5ef3a91883fc,ce9e1a11-fcbb-4e59-bbdd-cf7c9c96e9ec,2020-01-18 07:43:16.619511+00:00,4,cookie
6793cb09-6b27-4eff-a82b-5b364269c28c,ce9e1a11-fcbb-4e59-bbdd-cf7c9c96e9ec,2020-01-18 08:23:17.789716+00:00,1,donut
d0e656e5-9271-4f6e-bea8-2e3ab54401cb,ce9e1a11-fcbb-4e59-bbdd-cf7c9c96e9ec,2020-01-18 09:11:23.694577+00:00,2,drink
79c9c839-c8ef-4377-a368-84f588ddd880,ce9e1a11-fcbb-4e59-bbdd-cf7c9c96e9ec,2020-01-18 10:54:23.495420+00:00,3,donut
d73418fe-2b84-4ef3-986d-655d4cd99164,ce9e1a11-fcbb-4e59-bbdd-cf7c9c96e9ec,2020-01-18 11:39:27.412865+00:00,5,brioche
20c0f275-7885-487d-98fc-83b74b356e9a,ce9e1a11-fcbb-4e59-bbdd-cf7c9c96e9ec,2020-01-18 12:44:27.308010+00:00,5,brioche
55ec024a-e64b-4b37-ae01-a122f269921c,ce9e1a11-fcbb-4e59-bbdd-cf7c9c96e9ec,2020-01-18 13:39:15.964720+00:00,2,cookie
4e9d23e9-df16-4ec3-be84-8aa2392c04da,ce9e1a11-fcbb-4e59-bbdd-cf7c9c96e9ec,2020-01-18 14:25:13.701246+00:00,3,cookie
76b90436-4b46-4f33-95e7-f61442b40281,ce9e1a11-fcbb-4e59-bbdd-cf7c9c96e9ec,2020-01-18 15:51:04.369998+00:00,4,bread
948f664a-9565-457b-a267-d32fddcbf4bc,ce9e1a11-fcbb-4e59-bbdd-cf7c9c96e9ec,2020-01-18 16:56:39.483542+00:00,1,croissant
1eac41d9-801f-4909-b1cd-9f6ee3b16d36,ce9e1a11-fcbb-4e59-bbdd-cf7c9c96e9ec,2020-01-18 17:52:02.991917+00:00,4,donut
deeff82a-0dd7-4158-a9c1-65ae4c610ae8,ce9e1a11-fcbb-4e59-bbdd-cf7c9c96e9ec,2020-01-18 18:51:15.263173+00:00,2,brioche
91c46efc-fcb8-46bb-a8c0-cbef57b936b0,ce9e1a11-fcbb-4e59-bbdd-cf7c9c96e9ec,2020-01-18 19:53:34.242444+00:00,4,brioche
2e2bdc6c-b736-4c4f-9cc5-d97550fe8199,ce9e1a11-fcbb-4e59-bbdd-cf7c9c96e9ec,2020-01-18 20:46:44.188239+00:00,4,cookie
503be788-2d44-4af8-bc94-76b1a18b5d15,ce9e1a11-fcbb-4e59-bbdd-cf7c9c96e9ec,2020-01-18 21:38:04.196289+00:00,1,croissant
c606ddc4-c2dd-401d-b59a-15334605ec0e,ce9e1a11-fcbb-4e59-bbdd-cf7c9c96e9ec,2020-01-18 22:10:06.980724+00:00,2,croissant
1689e0b8-c79d-4b62-8379-44c1c90394ea,ce9e1a11-fcbb-4e59-bbdd-cf7c9c96e9ec,2020-01-18 23:07:45.861447+00:00,4,drink
f71fb9a6-6dd4-4c96-a744-cb9e6dedcba5,ce9e1a11-fcbb-4e59-bbdd-cf7c9c96e9ec,2020-01-19 00:28:38.640993+00:00,1,bread
5f8392d5-bb0c-4919-b30c-cff588a5fa0d,ce9e1a11-fcbb-4e59-bbdd-cf7c9c96e9ec,2020-01-19 01:57:00.247016+00:00,3,donut
010e4265-ad3f-4dd4-8496-26ba30c9a2be,ce9e1a11-fcbb-4e59-bbdd-cf7c9c96e9ec,2020-01-19 02:37:36.072943+00:00,2,brioche
4fe54745-5827-4e80-a082-1918b18ad67d,ce9e1a11-fcbb-4e59-bbdd-cf7c9c96e9ec,2020-01-19 03:07:44.150882+00:00,4,donut
10b6a662-2ac1-45ca-8e5d-8f1296b31f4a,ce9e1a11-fcbb-4e59-bbdd-cf7c9c96e9ec,2020-01-19 04:49:25.837787+00:00,3,cookie
98abb2e7-8531-4f0f-ba53-312274b79620,ce9e1a11-fcbb-4e59-bbdd-cf7c9c96e9ec,2020-01-19 05:31:26.823517+00:00,4,drink
ff02f5b0-57bd-46c9-a240-063bfed747be,ce9e1a11-fcbb-4e59-bbdd-cf7c9c96e9ec,2020-01-19 06:54:04.981594+00:00,3,brioche
cfdfc6f9-eb0f-427c-a82a-3879f2b5a7ea,5563f616-00e8-4ece-8b49-452d46d483f3,2020-01-19 07:24:12.209920+00:00,2,brioche
3610901c-2196-43b5-bc21-109bba27bc64,5563f616-00e8-4ece-8b49-452d46d483f3,2020-01-19 08:44:02.675829+00:00,5,donut
b60b4f87-5dd8-4ffc-9f87-8b322b429596,5563f616-00e8-4ece-8b49-452d46d483f3,2020-01-19 09:39:01.945369+00:00,1,croissant
c5709e30-417b-4634-a3ec-152ce0653245,5563f616-00e8-4ece-8b49-452d46d483f3,2020-01-19 10:32:05.040363+00:00,1,donut
1bad52a8-a976-4c4d-8c47-2187fea35d37,5563f616-00e8-4ece-8b49-452d46d483f3,2020-01-19 11:39:12.843426+00:00,1,bread
71be94c3-6ab1-4db6-9da4-66feb0937085,5563f616-00e8-4ece-8b49-452d46d483f3,2020-01-19 12:22:48.913547+00:00,5,cookie
349b5089-2733-4670-b3ad-a2ba797209c0,5563f616-00e8-4ece-8b49-452d46d483f3,2020-01-19 13:41:42.691305+00:00,1,cookie
a9987bdf-19d9-40b5-a962-d9966bbe3b5a,5563f616-00e8-4ece-8b49-452d46d483f3,2020-01-19 14:31:13.113243+00:00,5,donut
d4a5a81e-6b38-4a0a-a31d-260bb362cd55,5563f616-00e8-4ece-8b49-452d46d483f3,2020-01-19 15:53:55.038930+00:00,5,drink
1d2fed2a-485f-4888-9e23-da4b9e21741f,5563f616-00e8-4ece-8b49-452d46d483f3,2020-01-19 16:47:05.136238+00:00,4,brioche
435391b2-c728-40c1-b322-c68b9be78aec,5563f616-00e8-4ece-8b49-452d46d483f3,2020-01-19 17:49:53.395754+00:00,2,cookie
290e3e89-4b9c-42f4-a8e5-c8cdb4146e4a,5563f616-00e8-4ece-8b49-452d46d483f3,2020-01-19 18:02:21.860548+00:00,4,brioche
54a27051-7b0c-4ad9-aee1-3caeb02e21aa,5563f616-00e8-4ece-8b49-452d46d483f3,2020-01-19 19:14:04.218957+00:00,1,drink
d5d1c669-1c45-4357-a829-4a6716c8e3d7,5563f616-00e8-4ece-8b49-452d46d483f3,2020-01-19 20:34:26.949955+00:00,4,brioche
82ff1f2e-c78f-47cf-970f-a87bf30ee4fe,5563f616-00e8-4ece-8b49-452d46d483f3,2020-01-19 21:04:30.173569+00:00,1,cookie
fd1935cc-74ed-460e-bb2d-520ba4f34185,5563f616-00e8-4ece-8b49-452d46d483f3,2020-01-19 22:58:38.247431+00:00,3,croissant
2cb941fc-d02c-45f9-998d-13a40cd20e43,5563f616-00e8-4ece-8b49-452d46d483f3,2020-01-19 23:52:26.905617+00:00,3,cookie
6d0e0597-500d-42a7-ad40-9244cd3566ef,5563f616-00e8-4ece-8b49-452d46d483f3,2020-01-20 00:44:18.744705+00:00,1,bread
a9d1a28e-236d-4176-9a1c-96ae0279e2ab,5563f616-00e8-4ece-8b49-452d46d483f3,2020-01-20 01:38:49.915054+00:00,3,cookie
9f2ebefc-f480-491e-b00e-0efce4ffc31a,5563f616-00e8-4ece-8b49-452d46d483f3,2020-01-20 02:16:05.913835+00:00,1,cookie
1d24181c-2ed0-47d4-97bc-ad3ad0a17fe8,5563f616-00e8-4ece-8b49-452d46d483f3,2020-01-20 03:24:02.799052+00:00,4,cookie
ccc62fed-7a6e-43d0-99c5-9cd9b09d721b,f94d6204-6808-493f-9fed-2c43e256a6dc,2020-01-20 04:25:18.263357+00:00,2,bread
0f037337-b9f6-443b-b238-305621ec4754,f94d6204-6808-493f-9fed-2c43e256a6dc,2020-01-20 05:58:53.649014+00:00,2,bread
7b90942f-973b-4977-a946-28206a80cac2,f94d6204-6808-493f-9fed-2c43e256a6dc,2020-01-20 06:48:08.153223+00:00,4,brioche
5bcd236c-c777-4fae-a137-58c39c7faca6,f94d6204-6808-493f-9fed-2c43e256a6dc,2020-01-20 07:36:40.890309+00:00,2,croissant
e3395b1a-1ce9-4871-bcf5-9d5feb9f33cb,f94d6204-6808-493f-9fed-2c43e256a6dc,2020-01-20 08:24:40.623349+00:00,1,bread
032a09e0-5071-45f0-a7ac-590c42f90f92,f94d6204-6808-493f-9fed-2c43e256a6dc,2020-01-20 09:42:16.445435+00:00,5,drink
39571344-90a4-4421-b949-3906939f44eb,f94d6204-6808-493f-9fed-2c43e256a6dc,2020-01-20 10:58:40.424007+00:00,3,donut
9e44e98c-b359-490e-b030-9aaf85ea16e0,f94d6204-6808-493f-9fed-2c43e256a6dc,2020-01-20 11:05:42.871698+00:00,2,croissant
a4331510-ad21-44cc-a9e8-f0d8588309de,f94d6204-6808-493f-9fed-2c43e256a6dc,2020-01-20 12:23:05.555823+00:00,5,donut
ef32f72a-a4b5-4723-82fb-28690df80b89,f94d6204-6808-493f-9fed-2c43e256a6dc,2020-01-20 13:09:24.938544+00:00,4,croissant
c05db774-132a-4e58-aa57-e880de9205ea,f94d6204-6808-493f-9fed-2c43e256a6dc,2020-01-20 14:29:29.932660+00:00,2,cookie
81c61eeb-0ce3-48c8-8735-4e4ff85b6d0a,f94d6204-6808-493f-9fed-2c43e256a6dc,2020-01-20 15:13:21.743483+00:00,4,croissant
75873920-142e-4df0-bc28-f5dcd12daea8,f94d6204-6808-493f-9fed-2c43e256a6dc,2020-01-20 16:26:39.079955+00:00,5,croissant
72730e7b-7f9a-4277-9b49-6e6d1688782f,f94d6204-6808-493f-9fed-2c43e256a6dc,2020-01-20 17:18:57.821499+00:00,4,drink
6747d24a-1a46-4536-848c-8480a7437402,f94d6204-6808-493f-9fed-2c43e256a6dc,2020-01-20 18:24:44.418772+00:00,5,donut
cab24f24-1744-4e3f-936e-c1bd000b1f5e,f94d6204-6808-493f-9fed-2c43e256a6dc,2020-01-20 19:36:15.131794+00:00,5,drink
8ff50701-8222-4c16-a3de-4ec04dfa21be,f94d6204-6808-493f-9fed-2c43e256a6dc,2020-01-20 20:12:24.664496+00:00,4,cookie
d10bf4dc-0de4-4af4-9347-94cc5d04032d,f94d6204-6808-493f-9fed-2c43e256a6dc,2020-01-20 21:13:22.505212+00:00,4,cookie
99966612-9ea8-4552-8475-66bf8f660bbd,f94d6204-6808-493f-9fed-2c43e256a6dc,2020-01-20 22:28:23.281252+00:00,3,drink
c262cad0-18f1-41e4-9d30-a29073d92ace,f94d6204-6808-493f-9fed-2c43e256a6dc,2020-01-20 23:39:32.076914+00:00,1,cookie
f6e5203c-a237-4e6f-9473-45345aea6352,f94d6204-6808-493f-9fed-2c43e256a6dc,2020-01-21 00:47:59.685776+00:00,5,donut
0bb81d38-1b37-4f19-b3bc-912f5fb7474e,f94d6204-6808-493f-9fed-2c43e256a6dc,2020-01-21 01:53:48.757627+00:00,4,brioche
b8b818cf-be15-4187-b783-e1d5d26404b9,f94d6204-6808-493f-9fed-2c43e256a6dc,2020-01-21 02:24:33.158726+00:00,3,donut
ee22a70b-1ee9-4260-b002-d8313227e8d8,f94d6204-6808-493f-9fed-2c43e256a6dc,2020-01-21 03:51:07.899738+00:00,2,croissant
b77f69b9-30c9-451f-880b-2af7d315fafa,f94d6204-6808-493f-9fed-2c43e256a6dc,2020-01-21 04:20:16.560775+00:00,4,bread
ac117bab-d664-4fe8-a21c-0c06ed376567,f94d6204-6808-493f-9fed-2c43e256a6dc,2020-01-21 05:35:19.719988+00:00,4,croissant
811317a8-f4c8-4393-96dd-6c82a8909e31,f94d6204-6808-493f-9fed-2c43e256a6dc,2020-01-21 06:08:04.689652+00:00,4,bread
8da03d88-0c6f-4051-bc78-842387c5f526,f94d6204-6808-493f-9fed-2c43e256a6dc,2020-01-21 07:56:07.109811+00:00,5,croissant
ebd14b0c-c7f4-44f9-8222-1ad3eca391d4,f94d6204-6808-493f-9fed-2c43e256a6dc,2020-01-21 08:54:36.653351+00:00,5,brioche
1a82833c-20dd-40ff-90b3-d752bb01b2a5,f94d6204-6808-493f-9fed-2c43e256a6dc,2020-01-21 09:23:14.660085+00:00,5,donut
e1a2cfe7-810d-4c57-9264-5a59e1f85b33,f94d6204-6808-493f-9fed-2c43e256a6dc,2020-01-21 10:23:04.785500+00:00,5,drink
65daced0-460a-4125-bf8c-93d4c32afc4a,f94d6204-6808-493f-9fed-2c43e256a6dc,2020-01-21 11:57:48.936736+00:00,3,croissant
69a9aff9-235f-43d5-a224-a806ce072a52,f94d6204-6808-493f-9fed-2c43e256a6dc,2020-01-21 12:36:09.088019+00:00,5,cookie
dc57546d-8c3d-431a-b395-2193d7d3b9d9,f94d6204-6808-493f-9fed-2c43e256a6dc,2020-01-21 13:18:50.078862+00:00,5,drink
9fc97264-35af-4b2d-b36d-778637a3c30a,f94d6204-6808-493f-9fed-2c43e256a6dc,2020-01-21 14:42:51.784328+00:00,3,drink
a66c0fa1-b5dc-4a9a-bb38-cd9121f6c63d,f94d6204-6808-493f-9fed-2c43e256a6dc,2020-01-21 15:58:30.646175+00:00,2,donut
5287964d-a30a-4658-b1be-6df28ae0b8a0,f94d6204-6808-493f-9fed-2c43e256a6dc,2020-01-21 16:42:37.269818+00:00,3,donut
f1530f68-9215-483a-9532-caba7af985ff,f94d6204-6808-493f-9fed-2c43e256a6dc,2020-01-21 17:40:01.766057+00:00,4,drink
88addab1-d765-4a18-a4d4-66ebbf74531c,f94d6204-6808-493f-9fed-2c43e256a6dc,2020-01-21 18:17:09.340729+00:00,4,bread
6180b78a-0678-4c34-9b41-a61e85d1a1ef,f94d6204-6808-493f-9fed-2c43e256a6dc,2020-01-21 19:08:43.176162+00:00,1,brioche
29330fc4-c918-4346-800c-200c4458b006,f94d6204-6808-493f-9fed-2c43e256a6dc,2020-01-21 20:59:00.716617+00:00,3,brioche
c8cba592-b0ca-42eb-8fe1-621ad6e1ba00,f94d6204-6808-493f-9fed-2c43e256a6dc,2020-01-21 21:17:42.506037+00:00,5,bread
1a3c2131-73dd-4bc6-9064-05a85bd29cb1,f94d6204-6808-493f-9fed-2c43e256a6dc,2020-01-21 22:36:57.991802+00:00,5,brioche
638e1388-8faf-4d4a-a5a9-9ebcbe0ec2da,f94d6204-6808-493f-9fed-2c43e256a6dc,2020-01-21 23:14:15.343701+00:00,3,drink
61af663c-ed2e-4bcd-8c06-df90aa1c4023,f94d6204-6808-493f-9fed-2c43e256a6dc,2020-01-22 00:23:15.196735+00:00,3,donut
4057e470-be61-47a8-8351-b09d0dc5fb06,f94d6204-6808-493f-9fed-2c43e256a6dc,2020-01-22 01:12:11.114002+00:00,4,brioche
b5a4c55b-b462-4214-a23f-f67de9572bc2,f94d6204-6808-493f-9fed-2c43e256a6dc,2020-01-22 02:38:51.476588+00:00,5,donut
c6b18d94-324b-4c3d-9a77-91a2bd0b0fa2,f94d6204-6808-493f-9fed-2c43e256a6dc,2020-01-22 03:43:29.692275+00:00,2,cookie
aec2bb19-fbc3-48d8-ad6b-c88272e588e9,f94d6204-6808-493f-9fed-2c43e256a6dc,2020-01-22 04:04:28.088379+00:00,2,drink
6db2b020-0a67-4143-a090-103c1e8df8ad,8268690b-a438-45b5-99e4-b6714774bc58,2020-01-22 05:16:44.804087+00:00,3,brioche
4148bd11-d894-42e8-9580-1c3a2932a211,8268690b-a438-45b5-99e4-b6714774bc58,2020-01-22 06:00:20.322490+00:00,4,drink
27591ad4-0a39-4bf7-a7a1-58a0efffa2f4,8268690b-a438-45b5-99e4-b6714774bc58,2020-01-22 07:55:43.061658+00:00,5,bread
9d9887bc-a018-4791-aeb0-93fec60ea4d5,8268690b-a438-45b5-99e4-b6714774bc58,2020-01-22 08:50:35.303932+00:00,3,croissant
5bab7f4a-8cd7-4c27-929a-f586ca376c36,8268690b-a438-45b5-99e4-b6714774bc58,2020-01-22 09:04:22.370864+00:00,3,donut
85467426-2f12-4b9e-b4fd-25b7384f6e3b,8268690b-a438-45b5-99e4-b6714774bc58,2020-01-22 10:04:05.435289+00:00,5,brioche
67465743-897b-403d-8b07-4d1a6a7a7841,8268690b-a438-45b5-99e4-b6714774bc58,2020-01-22 11:05:31.003994+00:00,2,brioche
5c5d3f1b-54c0-46c2-94f6-516ea9d049dc,8268690b-a438-45b5-99e4-b6714774bc58,2020-01-22 12:17:36.867686+00:00,5,donut
d2dd3e26-8fb3-4134-bf23-36e979903d96,8268690b-a438-45b5-99e4-b6714774bc58,2020-01-22 13:45:07.681524+00:00,1,bread
3d877034-7217-4fa3-9893-ef12ab3f8d22,8268690b-a438-45b5-99e4-b6714774bc58,2020-01-22 14:54:16.187251+00:00,5,donut
aebbaf9c-0a35-453c-b57a-431e3e6b74fd,8268690b-a438-45b5-99e4-b6714774bc58,2020-01-22 15:53:08.376572+00:00,4,bread
b9567731-8a4c-4e1f-81af-eb2a62c8c3f4,8268690b-a438-45b5-99e4-b6714774bc58,2020-01-22 16:16:58.184379+00:00,5,cookie
7210045a-823c-4ef9-8d85-65ce83a9c235,8268690b-a438-45b5-99e4-b6714774bc58,2020-01-22 17:29:12.496953+00:00,3,drink
15149755-838e-4a61-9200-044b31487df8,8268690b-a438-45b5-99e4-b6714774bc58,2020-01-22 18:56:53.562551+00:00,2,donut
10c2c2e5-a07e-4fb1-81e0-6ad888802d4d,8268690b-a438-45b5-99e4-b6714774bc58,2020-01-22 19:12:38.813310+00:00,2,drink
34a0dcd4-1a9a-429e-95ee-25876c98fd9b,8268690b-a438-45b5-99e4-b6714774bc58,2020-01-22 20:32:15.915170+00:00,4,drink
bf343ca7-1276-4d13-b093-8776d116d014,8268690b-a438-45b5-99e4-b6714774bc58,2020-01-22 21:41:09.756742+00:00,1,croissant
1667c518-09b2-4ae6-94eb-4c91b784ae08,8268690b-a438-45b5-99e4-b6714774bc58,2020-01-22 22:04:23.692905+00:00,2,cookie
d255a4de-9330-4a83-9208-7e208ede9b46,8268690b-a438-45b5-99e4-b6714774bc58,2020-01-22 23:13:39.524286+00:00,3,croissant
6789e7d0-a155-4b2c-b37c-f8b563561add,8268690b-a438-45b5-99e4-b6714774bc58,2020-01-23 00:25:58.890125+00:00,1,croissant
01829782-88ea-47d4-9e49-4952ac5d4e57,8268690b-a438-45b5-99e4-b6714774bc58,2020-01-23 01:38:29.121887+00:00,5,bread
0ba6fe09-95ea-4825-bef6-a59ac186a221,8268690b-a438-45b5-99e4-b6714774bc58,2020-01-23 02:42:03.175313+00:00,1,cookie
4a32bb22-1b2b-42ec-80b9-ec30ed94898b,8268690b-a438-45b5-99e4-b6714774bc58,2020-01-23 03:47:12.810832+00:00,3,donut
ed3b9d13-c3e9-4323-8811-86e9162534ca,8268690b-a438-45b5-99e4-b6714774bc58,2020-01-23 04:26:15.634138+00:00,4,drink
889157fd-2804-40ac-b957-41bb07e3c39a,8268690b-a438-45b5-99e4-b6714774bc58,2020-01-23 05:13:11.516612+00:00,4,donut
24e2226c-a250-4133-b5cb-5be44b83b570,8268690b-a438-45b5-99e4-b6714774bc58,2020-01-23 06:17:53.003412+00:00,3,bread
243113fd-8e19-4d07-9ff0-b9bf8db3c2c1,8268690b-a438-45b5-99e4-b6714774bc58,2020-01-23 07:07:23.646572+00:00,1,donut
8c2aa0b1-8982-4bf8-a4e2-89c098be5ff0,8268690b-a438-45b5-99e4-b6714774bc58,2020-01-23 08:56:49.125801+00:00,3,brioche
b9d707a9-e74e-40b3-bdce-635fbf905d6a,8268690b-a438-45b5-99e4-b6714774bc58,2020-01-23 09:20:37.865939+00:00,4,drink
29344e15-2477-4047-8336-a758d9f93502,8268690b-a438-45b5-99e4-b6714774bc58,2020-01-23 10:11:02.373802+00:00,5,cookie
abc53545-2e6d-4a04-9d57-e73431bf5cf6,8268690b-a438-45b5-99e4-b6714774bc58,2020-01-23 11:47:58.776193+00:00,1,donut
12b99a50-8cb6-41f0-a509-6396761579e7,8268690b-a438-45b5-99e4-b6714774bc58,2020-01-23 12:17:26.349603+00:00,1,cookie
94a1eab0-b9c0-47aa-b289-f58b1923cafc,8268690b-a438-45b5-99e4-b6714774bc58,2020-01-23 13:29:13.885477+00:00,3,cookie
3c0a584e-a7cd-43cb-abda-06b220d2b528,8268690b-a438-45b5-99e4-b6714774bc58,2020-01-23 14:06:00.162206+00:00,5,bread
7c6166df-515a-4b43-b189-1f48e66e2c11,8268690b-a438-45b5-99e4-b6714774bc58,2020-01-23 15:27:02.325521+00:00,5,drink
27035b27-958c-4936-b186-78ce4e40bfba,8268690b-a438-45b5-99e4-b6714774bc58,2020-01-23 16:33:55.987228+00:00,3,cookie
013ca998-2b2b-458c-ada5-8dadf56aabc0,8268690b-a438-45b5-99e4-b6714774bc58,2020-01-23 17:18:47.573211+00:00,2,drink
46d47d41-6fa5-43b0-a40d-fea5bd64987e,8268690b-a438-45b5-99e4-b6714774bc58,2020-01-23 18:50:24.396212+00:00,2,drink
7ade4367-e0bd-402c-94e1-4f3abba41ae0,8268690b-a438-45b5-99e4-b6714774bc58,2020-01-23 19:27:46.254154+00:00,3,cookie
2cff45f8-1bdc-44a9-8d3a-5d767caa281b,8268690b-a438-45b5-99e4-b6714774bc58,2020-01-23 20:38:43.985775+00:00,1,cookie
e42c0aea-23d7-463d-9391-d017dbd4a86d,8268690b-a438-45b5-99e4-b6714774bc58,2020-01-23 21:32:19.024934+00:00,3,drink
ba388c8f-1393-49d1-a06a-187de2e6e7a6,8268690b-a438-45b5-99e4-b6714774bc58,2020-01-23 22:04:31.439844+00:00,1,donut
94f6c67a-d009-4507-87fc-584ea1b24627,8268690b-a438-45b5-99e4-b6714774bc58,2020-01-23 23:34:44.042834+00:00,5,brioche
42b7c048-8d35-43be-8962-4ec9e80382eb,8268690b-a438-45b5-99e4-b6714774bc58,2020-01-24 00:32:36.489566+00:00,5,croissant
5da64a3a-260c-4fb4-8673-5380a7668617,8268690b-a438-45b5-99e4-b6714774bc58,2020-01-24 01:23:32.994045+00:00,5,drink
76f6a778-2246-4ac9-8a7e-ebc2db6f1c33,8268690b-a438-45b5-99e4-b6714774bc58,2020-01-24 02:30:04.043417+00:00,1,croissant
a9a54c24-02b6-42e9-808e-08d25d264b1b,8268690b-a438-45b5-99e4-b6714774bc58,2020-01-24 03:14:19.970896+00:00,5,drink
23ef5561-839e-4623-81d8-41d32a74b90c,8268690b-a438-45b5-99e4-b6714774bc58,2020-01-24 04:26:46.393598+00:00,2,donut
df482e7c-a8cf-4f62-90d9-170cf2dec75c,8268690b-a438-45b5-99e4-b6714774bc58,2020-01-24 05:58:03.848015+00:00,4,cookie
7cd61da4-c2ef-4a8b-b804-87860a58f43c,8268690b-a438-45b5-99e4-b6714774bc58,2020-01-24 06:13:54.299667+00:00,3,cookie
34ef2552-ab28-4d09-8af5-7e603be8a5df,8268690b-a438-45b5-99e4-b6714774bc58,2020-01-24 07:31:04.386827+00:00,3,croissant
e1ad640c-7463-435e-aafb-9f20783c91eb,8268690b-a438-45b5-99e4-b6714774bc58,2020-01-24 08:02:47.174847+00:00,3,bread
a2317211-8578-41c6-b7eb-c69ab4280f0d,8268690b-a438-45b5-99e4-b6714774bc58,2020-01-24 09:49:46.729760+00:00,3,donut
606cc2f5-2c81-4bf0-91f6-04068b5a8683,8268690b-a438-45b5-99e4-b6714774bc58,2020-01-24 10:39:13.231127+00:00,3,donut
13ed280a-d5e1-4d1f-a5f2-2dfba741104b,8268690b-a438-45b5-99e4-b6714774bc58,2020-01-24 11:30:59.986431+00:00,4,brioche
d1366db1-5a57-4607-a7e5-46468430f0fa,8268690b-a438-45b5-99e4-b6714774bc58,2020-01-24 12:52:03.789919+00:00,4,croissant
8078636d-01b0-42c1-9aad-9234e31db345,8268690b-a438-45b5-99e4-b6714774bc58,2020-01-24 13:52:55.323276+00:00,4,brioche
a4bae8bf-83b8-4a05-93bc-0dc63ae0acdb,8268690b-a438-45b5-99e4-b6714774bc58,2020-01-24 14:16:50.914230+00:00,2,brioche
b7a1267e-9a1e-4036-9cba-a49628489240,8268690b-a438-45b5-99e4-b6714774bc58,2020-01-24 15:49:01.038272+00:00,2,croissant
1d03c3d5-b862-4cc3-9489-9c37cfa9026b,8268690b-a438-45b5-99e4-b6714774bc58,2020-01-24 16:28:53.459938+00:00,4,croissant
a5b2c7ea-2947-4f54-973e-129c35f0b1be,8268690b-a438-45b5-99e4-b6714774bc58,2020-01-24 17:50:00.113987+00:00,1,brioche
97a418b8-92d0-4319-a0bd-14220b0b81de,8268690b-a438-45b5-99e4-b6714774bc58,2020-01-24 18:09:40.064905+00:00,5,bread
0e503fd8-2598-4383-9280-3da2e40b50e4,8268690b-a438-45b5-99e4-b6714774bc58,2020-01-24 19:09:58.828919+00:00,2,donut
f8205aa7-996f-4e88-a7cb-fc39f54f1b92,8268690b-a438-45b5-99e4-b6714774bc58,2020-01-24 20:33:48.976928+00:00,1,drink
48907b6d-d240-4f02-a968-1fc1ba5c865d,8268690b-a438-45b5-99e4-b6714774bc58,2020-01-24 21:56:50.113927+00:00,2,croissant
7b4e9ecd-de07-47b1-b8ae-8d5dfe268e77,d9178793-a9d3-42e6-905c-c6869f871ce7,2020-01-24 22:10:14.040422+00:00,4,donut
d209383b-9528-4c0a-8b6b-f5622488c84d,d9178793-a9d3-42e6-905c-c6869f871ce7,2020-01-24 23:46:02.964406+00:00,5,drink
b9644e4f-2aef-4f3b-83b7-a0ef82c41c54,d9178793-a9d3-42e6-905c-c6869f871ce7,2020-01-25 00:41:08.128190+00:00,4,donut
60d2759a-3ad5-4382-919f-b03e97314c91,d9178793-a9d3-42e6-905c-c6869f871ce7,2020-01-25 01:23:07.662778+00:00,1,bread
e8ca7483-dc0e-4375-85d0-691c33cd1d56,d9178793-a9d3-42e6-905c-c6869f871ce7,2020-01-25 02:30:15.694294+00:00,4,brioche
79d29001-2d6b-4a4e-98a7-06099b02c535,d9178793-a9d3-42e6-905c-c6869f871ce7,2020-01-25 03:54:05.789586+00:00,5,bread
80da2ed7-880b-4b0e-88ab-96ace0b4659a,d9178793-a9d3-42e6-905c-c6869f871ce7,2020-01-25 04:45:08.579344+00:00,1,croissant
9a7d509d-e6e8-490b-a15d-3b1fa8cdf44d,d9178793-a9d3-42e6-905c-c6869f871ce7,2020-01-25 05:32:21.429551+00:00,1,drink
6bb1f2bc-85a4-40cb-ae76-936aa6340d1a,d9178793-a9d3-42e6-905c-c6869f871ce7,2020-01-25 06:22:13.358821+00:00,1,drink
f03c664b-3abf-4c65-add0-13f387a20e22,d9178793-a9d3-42e6-905c-c6869f871ce7,2020-01-25 07:48:08.280706+00:00,4,cookie
e869707c-bdcb-4ffc-8dfb-a4e996cbdafb,d9178793-a9d3-42e6-905c-c6869f871ce7,2020-01-25 08:45:41.541217+00:00,5,bread
7a25ed81-4128-47eb-a246-29cd6cecdf82,d9178793-a9d3-42e6-905c-c6869f871ce7,2020-01-25 09:45:57.092005+00:00,1,cookie
689d1205-8b31-44d8-a073-c1d09929afeb,d9178793-a9d3-42e6-905c-c6869f871ce7,2020-01-25 10:15:28.097915+00:00,1,drink
93f6f723-01d2-4a76-8a17-9780be5f902f,d9178793-a9d3-42e6-905c-c6869f871ce7,2020-01-25 11:31:21.146267+00:00,5,bread
b0117b0a-3496-41d6-a790-55b06001f54d,d9178793-a9d3-42e6-905c-c6869f871ce7,2020-01-25 12:48:15.433750+00:00,4,cookie
a6cdae3c-6d13-4705-a79f-91ab1b4909b6,d9178793-a9d3-42e6-905c-c6869f871ce7,2020-01-25 13:35:07.332666+00:00,3,donut
9ca4364d-5d9a-49f1-908e-3a956c6e8796,d9178793-a9d3-42e6-905c-c6869f871ce7,2020-01-25 14:16:32.017954+00:00,4,brioche
8ebc6d7e-c8a6-4b85-8d56-bff669c9520f,d9178793-a9d3-42e6-905c-c6869f871ce7,2020-01-25 15:28:56.883925+00:00,3,donut
fd0ee0b6-40f7-424b-bbd7-b4bf8e0eabb7,d9178793-a9d3-42e6-905c-c6869f871ce7,2020-01-25 16:18:23.951112+00:00,3,drink
dae13586-2358-455c-bc5c-3cd865ebd4dc,d9178793-a9d3-42e6-905c-c6869f871ce7,2020-01-25 17:51:49.789896+00:00,1,drink
b3061300-c879-4932-b254-0ab73ad24ac8,d9178793-a9d3-42e6-905c-c6869f871ce7,2020-01-25 18:56:57.282642+00:00,1,brioche
56a3dccc-c93c-4cc6-a68b-28da8222cd7f,d9178793-a9d3-42e6-905c-c6869f871ce7,2020-01-25 19:48:03.073440+00:00,5,drink
2926205d-0d53-451a-b4f0-2f6faf3f9d9a,d9178793-a9d3-42e6-905c-c6869f871ce7,2020-01-25 20:23:20.773250+00:00,1,bread
ed054732-78bf-46fa-a534-3e85d2c0dec2,d9178793-a9d3-42e6-905c-c6869f871ce7,2020-01-25 21:36:00.883590+00:00,1,bread
147d7bfc-5eef-4d1e-b8c5-ef5e4359ff43,d9178793-a9d3-42e6-905c-c6869f871ce7,2020-01-25 22:36:32.503900+00:00,4,croissant
49560c36-8560-4e8a-a7fb-19979d2cd944,d9178793-a9d3-42e6-905c-c6869f871ce7,2020-01-25 23:42:41.780994+00:00,5,bread
2cde9187-d1fa-42a6-860b-340cf21a6f38,d9178793-a9d3-42e6-905c-c6869f871ce7,2020-01-26 00:38:25.048732+00:00,4,bread
ee462fcd-a829-407c-99be-ccff33a315f3,d9178793-a9d3-42e6-905c-c6869f871ce7,2020-01-26 01:48:14.075673+00:00,3,brioche
82b34384-9979-4f26-88b1-90e1089a9f4f,d9178793-a9d3-42e6-905c-c6869f871ce7,2020-01-26 02:30:56.929074+00:00,2,donut
5c17ebb5-093b-4d72-ac8c-dcaf2b633b18,d9178793-a9d3-42e6-905c-c6869f871ce7,2020-01-26 03:14:21.323851+00:00,1,brioche
c798a445-46a3-4c71-bf2f-6883163b5481,d9178793-a9d3-42e6-905c-c6869f871ce7,2020-01-26 04:23:57.961284+00:00,4,croissant
03ef0f77-848a-4924-b347-8a919609598e,d9178793-a9d3-42e6-905c-c6869f871ce7,2020-01-26 05:44:12.931945+00:00,1,bread
d46b7756-b9e4-49ef-88d4-95a48cb21aa2,d9178793-a9d3-42e6-905c-c6869f871ce7,2020-01-26 06:33:32.809921+00:00,5,cookie
46c937e0-d0c5-4550-b69a-053958f42098,d9178793-a9d3-42e6-905c-c6869f871ce7,2020-01-26 07:13:34.663847+00:00,2,croissant
0130d66b-932d-4648-a769-b0f1ee01b9e0,d9178793-a9d3-42e6-905c-c6869f871ce7,2020-01-26 08:15:39.987020+00:00,4,donut
80cfb1db-1287-4313-8f02-6c2c1b414999,d9178793-a9d3-42e6-905c-c6869f871ce7,2020-01-26 09:17:39.306568+00:00,1,donut
89b4094a-e048-41de-81f8-3199f4eae769,d9178793-a9d3-42e6-905c-c6869f871ce7,2020-01-26 10:48:47.330459+00:00,5,cookie
60885550-f74f-4900-b159-4914b1b68ecd,d9178793-a9d3-42e6-905c-c6869f871ce7,2020-01-26 11:33:47.406974+00:00,2,cookie
ae7cfd14-7577-4730-868d-a4b2f613bda0,d9178793-a9d3-42e6-905c-c6869f871ce7,2020-01-26 12:27:38.593589+00:00,5,bread
114b3c79-4200-49f5-9dc3-c26e7b62659e,d9178793-a9d3-42e6-905c-c6869f871ce7,2020-01-26 13:22:57.623685+00:00,2,drink
50d3ba03-ccd7-408f-badc-b38cb38046ef,d9178793-a9d3-42e6-905c-c6869f871ce7,2020-01-26 14:24:44.733500+00:00,3,donut
d5098e07-b368-4836-827d-380889207bc4,d9178793-a9d3-42e6-905c-c6869f871ce7,2020-01-26 15:15:48.058889+00:00,3,bread
d231f372-bfb0-442c-ac77-776266205167,d9178793-a9d3-42e6-905c-c6869f871ce7,2020-01-26 16:20:31.174361+00:00,5,brioche
37f3f32b-5a81-462a-9059-f77b79ff89d9,d9178793-a9d3-42e6-905c-c6869f871ce7,2020-01-26 17:53:39.538510+00:00,3,brioche
ee25356a-aee0-4ec9-bf04-18a9f2765513,d9178793-a9d3-42e6-905c-c6869f871ce7,2020-01-26 18:54:35.738852+00:00,4,drink
3df76a69-bc45-444a-bc1f-dff0331d58bb,d9178793-a9d3-42e6-905c-c6869f871ce7,2020-01-26 19:52:21.872994+00:00,2,brioche
d61a080a-3fec-4a37-95be-a8dc33e88249,d9178793-a9d3-42e6-905c-c6869f871ce7,2020-01-26 20:37:06.948837+00:00,2,bread
ad0205f5-1417-42f9-ab91-731a1eb05b4a,d9178793-a9d3-42e6-905c-c6869f871ce7,2020-01-26 21:57:20.806863+00:00,4,donut
8a9e0964-db6a-44ea-83a5-823701b216cf,d9178793-a9d3-42e6-905c-c6869f871ce7,2020-01-26 22:57:28.775126+00:00,4,cookie
e5eb4549-7e0a-44c2-90bf-29959ee4105d,d9178793-a9d3-42e6-905c-c6869f871ce7,2020-01-26 23:59:07.300786+00:00,5,cookie
c3a6b204-fc01-4a22-aed0-b0b27da56b6e,d9178793-a9d3-42e6-905c-c6869f871ce7,2020-01-27 00:54:57.624587+00:00,3,croissant
20d4ba18-93a0-4478-800b-19de38db128d,d9178793-a9d3-42e6-905c-c6869f871ce7,2020-01-27 01:03:14.933417+00:00,4,croissant
80a23721-0856-4684-8a6f-c4b3f08d312e,d9178793-a9d3-42e6-905c-c6869f871ce7,2020-01-27 02:20:50.240262+00:00,2,croissant
84a91789-b2c0-47e8-9ed0-72e9f9fc6034,d9178793-a9d3-42e6-905c-c6869f871ce7,2020-01-27 03:27:36.254124+00:00,1,bread
94bcf47a-6122-4189-b5f3-de4aac9204b4,d9178793-a9d3-42e6-905c-c6869f871ce7,2020-01-27 04:06:02.692174+00:00,3,donut
8c6ea6ad-2fe9-48e4-827b-bffbdca1adcc,d9178793-a9d3-42e6-905c-c6869f871ce7,2020-01-27 05:15:46.256525+00:00,3,croissant
5dad348e-57d5-4b78-9cf3-137ef562037b,d9178793-a9d3-42e6-905c-c6869f871ce7,2020-01-27 06:11:02.089227+00:00,4,brioche
5f4faf10-c08f-46d7-b361-e70a6b49acc6,d9178793-a9d3-42e6-905c-c6869f871ce7,2020-01-27 07:21:54.280751+00:00,4,cookie
21925613-9247-4851-ae0d-38607362f9b7,d9178793-a9d3-42e6-905c-c6869f871ce7,2020-01-27 08:58:45.380826+00:00,2,bread
3c5dba42-cdd8-4f09-851b-6267b8875caf,d9178793-a9d3-42e6-905c-c6869f871ce7,2020-01-27 09:33:19.224171+00:00,4,brioche
bd1116ee-f58a-47c7-8ccf-4130255603d4,d9178793-a9d3-42e6-905c-c6869f871ce7,2020-01-27 10:08:58.373006+00:00,1,brioche
fedd22d9-226c-4c6a-bfe5-a4b66be8c756,d9178793-a9d3-42e6-905c-c6869f871ce7,2020-01-27 11:53:35.773474+00:00,5,donut
7c93243e-c90b-4454-90d3-802db876a455,d9178793-a9d3-42e6-905c-c6869f871ce7,2020-01-27 12:18:00.123056+00:00,5,donut
b0c77002-1956-4990-a5fd-aadb0c36ad4e,d9178793-a9d3-42e6-905c-c6869f871ce7,2020-01-27 13:09:48.030769+00:00,2,cookie
18a73d94-a13e-466d-96c6-d99779fe7ccc,d9178793-a9d3-42e6-905c-c6869f871ce7,2020-01-27 14:26:59.477349+00:00,3,cookie
8eb7c306-8f73-498e-9c3d-0d5f5c6801d6,d9178793-a9d3-42e6-905c-c6869f871ce7,2020-01-27 15:55:54.640473+00:00,3,cookie
59e110eb-1f09-4b9d-a969-29b20513eda8,d9178793-a9d3-42e6-905c-c6869f871ce7,2020-01-27 16:52:02.526902+00:00,5,brioche
a62d7221-a65d-458e-936d-d1a893acb00e,d9178793-a9d3-42e6-905c-c6869f871ce7,2020-01-27 17:32:18.377716+00:00,3,cookie
7ccc63de-82ac-4e1d-ac56-5da653391df4,d9178793-a9d3-42e6-905c-c6869f871ce7,2020-01-27 18:46:29.079722+00:00,4,bread
76b874d3-4959-4bed-9d19-11a5618dde71,d9178793-a9d3-42e6-905c-c6869f871ce7,2020-01-27 19:37:54.163886+00:00,2,brioche
565f1491-edb6-4b81-8ec6-8cfea3fd17f0,d9178793-a9d3-42e6-905c-c6869f871ce7,2020-01-27 20:25:18.539356+00:00,5,donut
12439b0f-e835-4080-9951-8f98679f2f42,d9178793-a9d3-42e6-905c-c6869f871ce7,2020-01-27 21:04:44.802939+00:00,3,brioche
4a965478-a72b-4ddd-911e-eeb850405c43,d9178793-a9d3-42e6-905c-c6869f871ce7,2020-01-27 22:42:37.560546+00:00,5,drink
71e4dc42-e33f-452c-8570-83e4653c8f74,d9178793-a9d3-42e6-905c-c6869f871ce7,2020-01-27 23:46:51.506533+00:00,3,drink
73461e07-f72c-46c8-855c-0a9796405fcd,d9178793-a9d3-42e6-905c-c6869f871ce7,2020-01-28 00:24:50.360619+00:00,2,bread
a97a4f4e-3c10-471b-ba4f-4b0320029d9f,d9178793-a9d3-42e6-905c-c6869f871ce7,2020-01-28 01:15:05.929236+00:00,1,brioche
18763576-1a5e-4196-a5a4-c79b2abaa4f9,d9178793-a9d3-42e6-905c-c6869f871ce7,2020-01-28 02:03:49.652638+00:00,4,donut
8623bc74-65a2-4cc8-855b-e95d06bfd9c4,bc67f831-cbc8-4759-b5b7-8cc7e6b3c944,2020-01-28 03:45:53.986940+00:00,1,bread
15956c42-27c0-4f89-9e3b-f1b34330125c,bc67f831-cbc8-4759-b5b7-8cc7e6b3c944,2020-01-28 04:39:17.397632+00:00,4,cookie
48bfb602-bcd2-48eb-bf55-60cd3ab7127e,bc67f831-cbc8-4759-b5b7-8cc7e6b3c944,2020-01-28 05:26:35.377537+00:00,2,brioche
075072d6-2bac-4712-96a9-19e886d895e5,bc67f831-cbc8-4759-b5b7-8cc7e6b3c944,2020-01-28 06:02:06.557931+00:00,3,cookie
f99863f2-7799-4ddb-b9e5-46e7dd3ee854,bc67f831-cbc8-4759-b5b7-8cc7e6b3c944,2020-01-28 07:52:15.233783+00:00,3,donut
f2cffcae-f833-4bfb-a296-e3f171e15b9f,bc67f831-cbc8-4759-b5b7-8cc7e6b3c944,2020-01-28 08:41:51.442357+00:00,2,donut
a2c723d4-bfb8-4bb9-a18c-549274e0079a,f53d4330-cdda-44ba-ad06-e8cf3805f907,2020-01-28 09:52:38.257356+00:00,4,donut
4f45f6f7-88a6-43b4-a3b8-1f92a3c90c6a,f53d4330-cdda-44ba-ad06-e8cf3805f907,2020-01-28 10:54:32.123346+00:00,4,donut
711dc1dd-16ed-4330-8e01-54133a2516fe,f53d4330-cdda-44ba-ad06-e8cf3805f907,2020-01-28 11:18:28.325467+00:00,4,cookie
00060d5a-02b3-4948-8db6-f47527dd1ac4,f53d4330-cdda-44ba-ad06-e8cf3805f907,2020-01-28 12:31:23.938466+00:00,2,cookie
022111e5-88fc-4da1-b81d-5b6c49694032,f53d4330-cdda-44ba-ad06-e8cf3805f907,2020-01-28 13:41:15.971869+00:00,4,croissant
6e310234-c410-4108-8256-83894cb34663,f53d4330-cdda-44ba-ad06-e8cf3805f907,2020-01-28 14:47:52.673194+00:00,5,brioche
5fa72012-8c57-4277-81d9-09b4cbf8f29e,f53d4330-cdda-44ba-ad06-e8cf3805f907,2020-01-28 15:11:18.855525+00:00,5,croissant
b7062cfa-29cc-4789-bff9-3134650e78e4,f53d4330-cdda-44ba-ad06-e8cf3805f907,2020-01-28 16:44:13.624275+00:00,4,croissant
6c17e150-1447-46cc-8352-acea3878becf,f53d4330-cdda-44ba-ad06-e8cf3805f907,2020-01-28 17:37:31.162851+00:00,5,donut
4598f3c8-af44-4605-b1a5-0a3dcebd3b2b,f53d4330-cdda-44ba-ad06-e8cf3805f907,2020-01-28 18:17:04.836677+00:00,5,cookie
1186da93-da7d-4c53-b020-cf0669b41194,f53d4330-cdda-44ba-ad06-e8cf3805f907,2020-01-28 19:10:56.665844+00:00,3,bread
73e88db6-9e23-43d0-b491-5c14a30b669c,f53d4330-cdda-44ba-ad06-e8cf3805f907,2020-01-28 20:16:19.682870+00:00,5,croissant
26f341c8-04f7-48c8-9215-b5033012f819,f53d4330-cdda-44ba-ad06-e8cf3805f907,2020-01-28 21:02:58.675460+00:00,5,bread
4838a888-1a2e-4864-b8ea-ca362f999b2a,f53d4330-cdda-44ba-ad06-e8cf3805f907,2020-01-28 22:16:09.102479+00:00,4,drink
269334ef-1717-4654-bb99-78150219a9c7,f53d4330-cdda-44ba-ad06-e8cf3805f907,2020-01-28 23:00:53.009449+00:00,2,cookie
cca99089-c925-4bb5-8fc3-7d4e6b950c1d,f53d4330-cdda-44ba-ad06-e8cf3805f907,2020-01-29 00:29:54.224721+00:00,3,croissant
548b2ce3-081f-4c82-8a9a-cf77b26a51a5,f53d4330-cdda-44ba-ad06-e8cf3805f907,2020-01-29 01:04:48.803150+00:00,2,bread
12464474-6475-40ee-8691-30694439940d,f53d4330-cdda-44ba-ad06-e8cf3805f907,2020-01-29 02:32:35.491022+00:00,2,brioche
d13757e1-4005-453d-976f-1e65e54c8739,f53d4330-cdda-44ba-ad06-e8cf3805f907,2020-01-29 03:22:53.678671+00:00,1,bread
3fbbff57-b6f5-4f1c-84a5-31cdf97f4994,f53d4330-cdda-44ba-ad06-e8cf3805f907,2020-01-29 04:23:05.272437+00:00,4,brioche
32fd73c5-0894-4176-be99-df69bcd49975,f53d4330-cdda-44ba-ad06-e8cf3805f907,2020-01-29 05:27:39.004687+00:00,1,donut
790b185c-355c-4a9c-bb6b-f1dcaa7f7e06,f53d4330-cdda-44ba-ad06-e8cf3805f907,2020-01-29 06:23:20.842658+00:00,3,cookie
0accb23c-ba6d-4ed8-a110-e887289ac251,f53d4330-cdda-44ba-ad06-e8cf3805f907,2020-01-29 07:44:41.008483+00:00,5,donut
a3760c2d-7b31-4cdc-80d9-1a8e1f44aa88,f53d4330-cdda-44ba-ad06-e8cf3805f907,2020-01-29 08:17:55.727102+00:00,3,bread
f9287d26-37c0-487a-aaac-826edd18ab28,f53d4330-cdda-44ba-ad06-e8cf3805f907,2020-01-29 09:06:46.542454+00:00,4,cookie
46ae7e06-cb5d-4b59-aad8-20ca03db7a2e,f53d4330-cdda-44ba-ad06-e8cf3805f907,2020-01-29 10:35:04.908696+00:00,4,brioche
94c176b9-0ac0-43d5-b805-90f002493a09,f53d4330-cdda-44ba-ad06-e8cf3805f907,2020-01-29 11:47:00.510865+00:00,4,drink
c552f3c5-5f13-4b98-a7ad-8d5198a15e4f,f53d4330-cdda-44ba-ad06-e8cf3805f907,2020-01-29 12:05:22.127650+00:00,2,croissant
56a2d49d-9e5f-4273-af9a-116817661795,f53d4330-cdda-44ba-ad06-e8cf3805f907,2020-01-29 13:55:51.055624+00:00,1,bread
b38a3db1-2767-42d3-a502-dc4b5b0334d8,f53d4330-cdda-44ba-ad06-e8cf3805f907,2020-01-29 14:32:10.871973+00:00,1,brioche
fb4f1972-5115-47ee-bb90-908e7ce34563,f53d4330-cdda-44ba-ad06-e8cf3805f907,2020-01-29 15:33:30.061592+00:00,3,croissant
b072afc8-0577-4108-b166-2c94bbb24366,f53d4330-cdda-44ba-ad06-e8cf3805f907,2020-01-29 16:22:39.968171+00:00,2,cookie
b4e570ba-7c3c-42bc-8a1b-ebd3e60ec813,f53d4330-cdda-44ba-ad06-e8cf3805f907,2020-01-29 17:26:15.000015+00:00,3,donut
91135d7e-3095-4621-bd76-ab58b271115b,f53d4330-cdda-44ba-ad06-e8cf3805f907,2020-01-29 18:11:11.856224+00:00,3,cookie
de1f1619-467b-49e5-b7e8-b762bb7eb979,f53d4330-cdda-44ba-ad06-e8cf3805f907,2020-01-29 19:49:52.858536+00:00,5,brioche
730ad7de-27af-4ff9-87f8-9f6211a1e557,f53d4330-cdda-44ba-ad06-e8cf3805f907,2020-01-29 20:17:44.421580+00:00,3,donut
c6a28e4e-002f-4ca4-b43e-85315dfb1922,f53d4330-cdda-44ba-ad06-e8cf3805f907,2020-01-29 21:38:16.893825+00:00,4,drink
9ea6ed4a-04ca-430a-a207-db202f7f2cd7,f53d4330-cdda-44ba-ad06-e8cf3805f907,2020-01-29 22:51:24.585438+00:00,5,brioche
a885a7b4-1037-4a5c-b893-b08a52190216,f53d4330-cdda-44ba-ad06-e8cf3805f907,2020-01-29 23:58:01.787365+00:00,4,brioche
c4072654-7f5f-41aa-aee7-c7a586296fbe,f53d4330-cdda-44ba-ad06-e8cf3805f907,2020-01-30 00:33:05.284106+00:00,5,cookie
52702b29-a412-47a2-a8e8-f3115295ea96,f53d4330-cdda-44ba-ad06-e8cf3805f907,2020-01-30 01:06:37.670882+00:00,5,drink
f013a170-d5cf-4b4c-8b34-fc841111ee29,f53d4330-cdda-44ba-ad06-e8cf3805f907,2020-01-30 02:07:47.187359+00:00,1,brioche
1947ea42-310d-49d1-bc41-3a2a1b67f7bb,f53d4330-cdda-44ba-ad06-e8cf3805f907,2020-01-30 03:01:54.541740+00:00,4,drink
b38950ce-9fbc-479e-869c-3a8e7d6ab7c2,f53d4330-cdda-44ba-ad06-e8cf3805f907,2020-01-30 04:35:25.083283+00:00,1,cookie
1224cbd2-b7c4-43ee-9b1f-c6d1388149dc,f53d4330-cdda-44ba-ad06-e8cf3805f907,2020-01-30 05:00:47.109995+00:00,2,drink
d5030b43-e3c7-4a9a-adab-ddab7dccc026,f53d4330-cdda-44ba-ad06-e8cf3805f907,2020-01-30 06:04:47.844492+00:00,1,cookie
e3f342a8-f030-4fd4-be54-898e8eda6433,f53d4330-cdda-44ba-ad06-e8cf3805f907,2020-01-30 07:24:57.431530+00:00,3,drink
440c7e5b-9def-47b4-92da-43ec0eecc013,f53d4330-cdda-44ba-ad06-e8cf3805f907,2020-01-30 08:31:44.474993+00:00,1,cookie
f5e90352-3745-49f2-b1d1-88b913f39289,f53d4330-cdda-44ba-ad06-e8cf3805f907,2020-01-30 09:31:10.146983+00:00,1,drink
30807a5d-62a5-4eec-881a-f04f3b23feed,f53d4330-cdda-44ba-ad06-e8cf3805f907,2020-01-30 10:11:35.230012+00:00,2,donut
8ef4d74b-2dcc-4095-b28f-9444a0154d65,f53d4330-cdda-44ba-ad06-e8cf3805f907,2020-01-30 11:44:57.099689+00:00,4,drink
9399ad15-a37c-41c5-842b-266b1b02fa24,f53d4330-cdda-44ba-ad06-e8cf3805f907,2020-01-30 12:21:28.668117+00:00,4,drink
1aa67474-e200-4157-ad54-c95aaa4d52a8,f53d4330-cdda-44ba-ad06-e8cf3805f907,2020-01-30 13:10:00.513548+00:00,2,donut
a854027e-5667-4e49-8133-8bdc66cc7376,f53d4330-cdda-44ba-ad06-e8cf3805f907,2020-01-30 14:09:29.435241+00:00,5,croissant
50adff63-e709-4153-9a31-e916eefb2a24,f53d4330-cdda-44ba-ad06-e8cf3805f907,2020-01-30 15:33:00.292833+00:00,3,cookie
6e3b0507-a21c-4209-83a1-962d698f546d,f53d4330-cdda-44ba-ad06-e8cf3805f907,2020-01-30 16:49:34.157910+00:00,3,donut
36c3fe85-8bae-495e-902a-405c3d9ffe59,f53d4330-cdda-44ba-ad06-e8cf3805f907,2020-01-30 17:22:30.227070+00:00,5,drink
73d0b6c7-f62e-4f88-9c29-850b410bfc29,f53d4330-cdda-44ba-ad06-e8cf3805f907,2020-01-30 18:26:50.999240+00:00,4,bread
48d3d2ce-fba3-491f-88df-aaf8b9efaad6,f53d4330-cdda-44ba-ad06-e8cf3805f907,2020-01-30 19:35:44.746176+00:00,5,brioche
01ae7eb1-4d45-4ea5-a3ec-4f6afe503fdc,f53d4330-cdda-44ba-ad06-e8cf3805f907,2020-01-30 20:18:01.202262+00:00,2,brioche
c5828939-058e-489e-909d-97cddb107e7f,f53d4330-cdda-44ba-ad06-e8cf3805f907,2020-01-30 21:49:18.983721+00:00,3,donut
ed0940f7-9217-4fb0-8e6b-308582e2b02d,f53d4330-cdda-44ba-ad06-e8cf3805f907,2020-01-30 22:34:17.802589+00:00,1,bread
236eb832-27f6-42ac-9b0c-417075dacbbe,f53d4330-cdda-44ba-ad06-e8cf3805f907,2020-01-30 23:15:53.957445+00:00,5,brioche
4ce09ecb-cfa2-4fb8-8199-322e3ba58126,f53d4330-cdda-44ba-ad06-e8cf3805f907,2020-01-31 00:05:30.858437+00:00,4,donut
13c37b5d-bbf8-4a91-b7a9-f824eafa4d5b,f53d4330-cdda-44ba-ad06-e8cf3805f907,2020-01-31 01:43:24.889896+00:00,4,brioche
b0894de4-e626-4164-9361-6b3a7cffae92,f53d4330-cdda-44ba-ad06-e8cf3805f907,2020-01-31 02:42:10.252421+00:00,1,donut
bb1502ea-0991-4f46-8ce6-928ba46acc9a,f53d4330-cdda-44ba-ad06-e8cf3805f907,2020-01-31 03:48:30.028220+00:00,4,bread
c559cd0f-ebff-453f-8e50-f355c7b611cd,f53d4330-cdda-44ba-ad06-e8cf3805f907,2020-01-31 04:20:03.802720+00:00,4,croissant
deaa543e-1edb-4e71-9e2a-2ddfee249b72,f53d4330-cdda-44ba-ad06-e8cf3805f907,2020-01-31 05:46:13.404208+00:00,5,bread
61eaaa65-a1d7-40ea-8704-e80ea2466cd7,f53d4330-cdda-44ba-ad06-e8cf3805f907,2020-01-31 06:03:14.860615+00:00,5,bread
264ae04f-909e-41ba-8a38-d5aa51beba8e,f53d4330-cdda-44ba-ad06-e8cf3805f907,2020-01-31 07:19:36.593860+00:00,2,brioche
ff5376a4-bb48-4bba-ac73-5be00ceeddc2,f53d4330-cdda-44ba-ad06-e8cf3805f907,2020-01-31 08:23:34.377736+00:00,4,donut
38da9a90-170f-4d32-8135-f15a9343e6ea,f53d4330-cdda-44ba-ad06-e8cf3805f907,2020-01-31 09:25:54.968413+00:00,4,brioche
79d19c4e-1521-4d35-960f-1e2d21d72432,f53d4330-cdda-44ba-ad06-e8cf3805f907,2020-01-31 10:34:17.186126+00:00,1,donut
6605de3c-15c7-4c83-8336-ffe5663166a7,f53d4330-cdda-44ba-ad06-e8cf3805f907,2020-01-31 11:30:06.563216+00:00,2,brioche
7ce4770e-32b7-4d80-8f2e-08d37b1dbca3,f53d4330-cdda-44ba-ad06-e8cf3805f907,2020-01-31 12:23:43.147693+00:00,5,brioche
86351a54-bc54-48c1-bf40-8dcc9db1f7f9,8a476a87-e49d-481d-91d8-7c6455fa1ab8,2020-01-31 13:14:46.485026+00:00,1,cookie
af4afcdd-52cb-4ae0-ae18-c9b3c6da85f1,8a476a87-e49d-481d-91d8-7c6455fa1ab8,2020-01-31 14:55:26.897091+00:00,1,bread
5d822e3a-6c6d-482b-a9e0-8370abf7a5d0,8a476a87-e49d-481d-91d8-7c6455fa1ab8,2020-01-31 15:20:53.908285+00:00,3,cookie
c509d558-0632-4b36-a7c8-f0c59808552c,8a476a87-e49d-481d-91d8-7c6455fa1ab8,2020-01-31 16:18:17.347851+00:00,3,donut
7134ae6e-cd84-4a47-bd7b-1279d2535515,8a476a87-e49d-481d-91d8-7c6455fa1ab8,2020-01-31 17:37:23.455763+00:00,4,bread
331e91f2-3bc5-497f-9173-b70bec993c80,8a476a87-e49d-481d-91d8-7c6455fa1ab8,2020-01-31 18:41:07.293219+00:00,2,drink
bd5538c7-1cc4-44ed-95f7-ef61da4ec04c,8a476a87-e49d-481d-91d8-7c6455fa1ab8,2020-01-31 19:03:16.336848+00:00,5,brioche
49a5baeb-d1f4-4c8d-951b-1974de668dd0,8a476a87-e49d-481d-91d8-7c6455fa1ab8,2020-01-31 20:00:49.439854+00:00,1,cookie
54f5df70-05d2-4205-b89f-ed9673373c2f,8a476a87-e49d-481d-91d8-7c6455fa1ab8,2020-01-31 21:12:32.434348+00:00,5,brioche
c017466e-85f4-40a2-8be2-7516342c5348,8a476a87-e49d-481d-91d8-7c6455fa1ab8,2020-01-31 22:15:31.168812+00:00,4,donut
b1f02ea8-242f-4829-be07-832abadc4599,8a476a87-e49d-481d-91d8-7c6455fa1ab8,2020-01-31 23:41:55.518835+00:00,1,croissant
86dc4e34-a9dc-4e52-a7f2-418a953fcfd4,8a476a87-e49d-481d-91d8-7c6455fa1ab8,2020-02-01 00:02:36.535227+00:00,2,bread
b24f92b9-ca08-41de-b360-d11548b51c88,8a476a87-e49d-481d-91d8-7c6455fa1ab8,2020-02-01 01:37:04.673195+00:00,1,croissant
110c8d92-0222-405d-b1f7-1605a79e3626,8a476a87-e49d-481d-91d8-7c6455fa1ab8,2020-02-01 02:23:19.122530+00:00,3,drink
5c375254-a8fc-4690-a9b1-c4a1da221b85,8a476a87-e49d-481d-91d8-7c6455fa1ab8,2020-02-01 03:51:51.416185+00:00,1,cookie
62f32fae-a63f-4f12-a226-a768de0e9c53,8a476a87-e49d-481d-91d8-7c6455fa1ab8,2020-02-01 04:13:52.207032+00:00,4,donut
e76428c4-197f-40fd-b5ae-2a56fa033d6c,8a476a87-e49d-481d-91d8-7c6455fa1ab8,2020-02-01 05:18:55.641490+00:00,5,donut
802aa6eb-32e9-4c2d-afb9-0ccf168885c2,8a476a87-e49d-481d-91d8-7c6455fa1ab8,2020-02-01 06:58:00.448941+00:00,5,drink
ec19e4eb-3f55-4740-8a2d-36a605804493,8a476a87-e49d-481d-91d8-7c6455fa1ab8,2020-02-01 07:31:45.895310+00:00,3,croissant
04b40ac9-2831-4f0d-be90-63fb64b5d9a5,8a476a87-e49d-481d-91d8-7c6455fa1ab8,2020-02-01 08:20:48.407650+00:00,3,cookie
fef97d57-3c77-4a4a-8d65-4036a00f230b,8a476a87-e49d-481d-91d8-7c6455fa1ab8,2020-02-01 09:58:41.679362+00:00,5,cookie
41f74651-a033-4dad-8fdf-de19cfd835fc,8a476a87-e49d-481d-91d8-7c6455fa1ab8,2020-02-01 10:52:43.238187+00:00,1,donut
26d658fb-39bf-49b6-87ba-c8aaf2f94b2c,8a476a87-e49d-481d-91d8-7c6455fa1ab8,2020-02-01 11:20:30.430150+00:00,4,drink
61d85365-bada-4c94-9679-bbe023238416,8a476a87-e49d-481d-91d8-7c6455fa1ab8,2020-02-01 12:31:14.584239+00:00,5,drink
3d884938-6ad6-4b8c-ba38-b844afbffde4,8a476a87-e49d-481d-91d8-7c6455fa1ab8,2020-02-01 13:34:22.434791+00:00,4,cookie
72fcc072-544c-4132-9af9-7493e8e46b31,8a476a87-e49d-481d-91d8-7c6455fa1ab8,2020-02-01 14:32:32.041504+00:00,2,drink
af1dcfb8-8a96-4a11-94be-6d9f2379c05f,8a476a87-e49d-481d-91d8-7c6455fa1ab8,2020-02-01 15:48:00.378213+00:00,2,cookie
86181db2-e60d-4a94-b483-d162b043a39a,8a476a87-e49d-481d-91d8-7c6455fa1ab8,2020-02-01 16:54:34.425776+00:00,4,brioche
eac7dc2e-9099-4283-aedb-0ce5a7fecdcd,8a476a87-e49d-481d-91d8-7c6455fa1ab8,2020-02-01 17:09:28.972501+00:00,1,donut
1e4ea133-b82d-40de-b2d7-8d5388702ae7,8a476a87-e49d-481d-91d8-7c6455fa1ab8,2020-02-01 18:11:02.886777+00:00,2,drink
e15052f3-5195-4000-83f3-8c8c078c3875,8a476a87-e49d-481d-91d8-7c6455fa1ab8,2020-02-01 19:58:22.425726+00:00,4,cookie
d25ad576-ef0b-443e-bee0-47627168bdec,8a476a87-e49d-481d-91d8-7c6455fa1ab8,2020-02-01 20:53:38.868335+00:00,3,brioche
21acfdb5-1b55-4f6d-b01c-6abfc7739d46,8a476a87-e49d-481d-91d8-7c6455fa1ab8,2020-02-01 21:11:05.087388+00:00,5,donut
9cc3c1f5-9129-4c75-9b08-e5a844511ba0,8a476a87-e49d-481d-91d8-7c6455fa1ab8,2020-02-01 22:13:51.280855+00:00,2,brioche
14588063-5bf8-4d1d-86ad-7920aff7ff5d,8a476a87-e49d-481d-91d8-7c6455fa1ab8,2020-02-01 23:41:17.308625+00:00,4,brioche
7800e27a-9ace-43cc-989c-83f68098580d,8a476a87-e49d-481d-91d8-7c6455fa1ab8,2020-02-02 00:42:43.268861+00:00,3,brioche
794e0838-7dcf-40fd-a330-98edda252795,8a476a87-e49d-481d-91d8-7c6455fa1ab8,2020-02-02 01:08:15.045800+00:00,2,brioche
f80443ee-c3b8-4179-a899-4c8408403234,8a476a87-e49d-481d-91d8-7c6455fa1ab8,2020-02-02 02:00:54.051338+00:00,3,croissant
fcfd8547-abdc-40da-be0b-bddd38f95001,8a476a87-e49d-481d-91d8-7c6455fa1ab8,2020-02-02 03:12:10.200874+00:00,2,bread
fc5217cc-f467-4866-ad56-a2a02d54ff2b,8a476a87-e49d-481d-91d8-7c6455fa1ab8,2020-02-02 04:26:21.426730+00:00,5,croissant
7521aa18-dde4-45c1-932c-5c01b017c533,8a476a87-e49d-481d-91d8-7c6455fa1ab8,2020-02-02 05:53:15.312897+00:00,4,croissant
bc3eb402-9ba1-4c35-8ab5-207fc6b6020a,8a476a87-e49d-481d-91d8-7c6455fa1ab8,2020-02-02 06:49:27.582653+00:00,3,croissant
926a4bd0-be12-4f8f-b06b-6c129c8b9550,8a476a87-e49d-481d-91d8-7c6455fa1ab8,2020-02-02 07:35:37.700885+00:00,5,drink
09dbebb5-c973-4495-b440-b852e033500e,8a476a87-e49d-481d-91d8-7c6455fa1ab8,2020-02-02 08:31:14.336728+00:00,4,croissant
e0b62f90-0adb-44ff-a0b5-5615d3b6ef1b,8a476a87-e49d-481d-91d8-7c6455fa1ab8,2020-02-02 09:59:45.010937+00:00,5,donut
0a0c64e5-bc34-4b4f-bbdc-532e6546c66d,8a476a87-e49d-481d-91d8-7c6455fa1ab8,2020-02-02 10:33:27.723419+00:00,5,drink
4a8abb17-309a-483a-8c9e-a060f66c7331,8a476a87-e49d-481d-91d8-7c6455fa1ab8,2020-02-02 11:26:22.393949+00:00,3,cookie
4b5f174b-6c26-4b56-aa9e-dda7761ad914,8a476a87-e49d-481d-91d8-7c6455fa1ab8,2020-02-02 12:36:47.283405+00:00,1,drink
76ad1c33-2469-40c2-a757-499784581f73,8a476a87-e49d-481d-91d8-7c6455fa1ab8,2020-02-02 13:49:47.616616+00:00,4,bread
2e057f79-1cf8-403f-802b-1bf4b8ff615c,8a476a87-e49d-481d-91d8-7c6455fa1ab8,2020-02-02 14:46:43.432111+00:00,5,brioche
736d417c-52ce-45e3-a9df-05c764a0053f,8a476a87-e49d-481d-91d8-7c6455fa1ab8,2020-02-02 15:01:29.683606+00:00,4,donut
33b1d0dc-e552-40a8-b66f-3507e588b999,8a476a87-e49d-481d-91d8-7c6455fa1ab8,2020-02-02 16:52:57.174411+00:00,1,cookie
e83bcc84-a609-4ad0-b114-64aa52f69081,8a476a87-e49d-481d-91d8-7c6455fa1ab8,2020-02-02 17:42:41.291084+00:00,2,drink
1d39e9c2-1758-4f23-9fa0-9802bbb71494,8a476a87-e49d-481d-91d8-7c6455fa1ab8,2020-02-02 18:42:22.416156+00:00,3,bread
ba146757-6253-4cdf-b510-3e9c8618e40d,8a476a87-e49d-481d-91d8-7c6455fa1ab8,2020-02-02 19:47:27.839739+00:00,5,donut
8ce377d7-60f1-4528-a8ef-2f46f323123e,8a476a87-e49d-481d-91d8-7c6455fa1ab8,2020-02-02 20:22:50.185233+00:00,2,cookie
dcd81a8b-a8d6-4af6-9f0d-def190c40e45,8a476a87-e49d-481d-91d8-7c6455fa1ab8,2020-02-02 21:09:00.323044+00:00,2,brioche
6b69b4ae-0d22-4f35-b648-be8ac4e775b9,8a476a87-e49d-481d-91d8-7c6455fa1ab8,2020-02-02 22:18:29.023940+00:00,4,cookie
e606d7c2-1e18-446d-ae42-1840a05f36c8,8a476a87-e49d-481d-91d8-7c6455fa1ab8,2020-02-02 23:07:53.655715+00:00,2,bread
03200c4e-40cb-4188-83f0-fac39f601d17,8a476a87-e49d-481d-91d8-7c6455fa1ab8,2020-02-03 00:27:31.113568+00:00,4,donut
e1f8d192-9ba4-45a6-8178-de26ceb557ac,8a476a87-e49d-481d-91d8-7c6455fa1ab8,2020-02-03 01:29:36.480467+00:00,2,donut
68ffae17-7428-4491-b9c8-42cba8d3110e,8a476a87-e49d-481d-91d8-7c6455fa1ab8,2020-02-03 02:26:30.751301+00:00,5,donut
8c1e9464-e1d5-40dc-bea5-85a901aec505,8a476a87-e49d-481d-91d8-7c6455fa1ab8,2020-02-03 03:16:41.206576+00:00,5,brioche
0e18ab96-25f4-4dd6-af51-ac6e0c85f154,8a476a87-e49d-481d-91d8-7c6455fa1ab8,2020-02-03 04:39:11.796762+00:00,1,brioche
93fde248-aac0-4912-884d-7822da948e70,8a476a87-e49d-481d-91d8-7c6455fa1ab8,2020-02-03 05:50:16.851969+00:00,3,cookie
1be00f8e-0c8d-41d2-9673-aefbeb9e54e0,8a476a87-e49d-481d-91d8-7c6455fa1ab8,2020-02-03 06:25:01.044926+00:00,2,brioche
a9325ae1-9c70-40da-88cd-29c5ac0e1f71,8a476a87-e49d-481d-91d8-7c6455fa1ab8,2020-02-03 07:41:29.449025+00:00,5,donut
f75efed8-2d6b-4953-8fea-d84ec98cfd48,8a476a87-e49d-481d-91d8-7c6455fa1ab8,2020-02-03 08:27:19.216181+00:00,5,cookie
c4bd338e-17d7-4fc0-892c-d030ee757637,8a476a87-e49d-481d-91d8-7c6455fa1ab8,2020-02-03 09:17:57.460134+00:00,3,croissant
6d651847-c229-4116-9152-9a73d1fcdedd,8a476a87-e49d-481d-91d8-7c6455fa1ab8,2020-02-03 10:50:35.914668+00:00,1,cookie
b1d29457-1f3c-4a1d-a271-97ca788773ed,8a476a87-e49d-481d-91d8-7c6455fa1ab8,2020-02-03 11:51:33.868588+00:00,3,donut
35845d71-b221-41c5-b5b8-6d0a864f36dd,20ac3703-eb67-446a-b7a6-e17cd72b6108,2020-02-03 12:36:43.393482+00:00,1,donut
87690baa-a104-4dce-bab6-ad91bacf7cfc,20ac3703-eb67-446a-b7a6-e17cd72b6108,2020-02-03 13:59:13.881350+00:00,4,drink
c9c67b51-ef13-464b-9ad2-bb72b04ba584,20ac3703-eb67-446a-b7a6-e17cd72b6108,2020-02-03 14:59:10.602392+00:00,3,croissant
42791490-5105-44f9-9909-49aa9bdd3d7a,20ac3703-eb67-446a-b7a6-e17cd72b6108,2020-02-03 15:31:31.408411+00:00,5,cookie
9008cdc9-9d42-4bae-a134-e15bed56c714,20ac3703-eb67-446a-b7a6-e17cd72b6108,2020-02-03 16:29:47.028932+00:00,4,croissant
9c02040d-e237-4877-ae0e-6673ced7cd17,20ac3703-eb67-446a-b7a6-e17cd72b6108,2020-02-03 17:13:57.797902+00:00,3,brioche
7702beba-0623-4fbf-9e42-d2b800679b62,20ac3703-eb67-446a-b7a6-e17cd72b6108,2020-02-03 18:37:31.658673+00:00,1,drink
9d84d303-ccb0-4fc5-b513-a238d91b1a04,20ac3703-eb67-446a-b7a6-e17cd72b6108,2020-02-03 19:59:56.353226+00:00,4,bread
ce58de20-8f77-43e0-9982-aa44557368cf,20ac3703-eb67-446a-b7a6-e17cd72b6108,2020-02-03 20:38:15.012757+00:00,1,drink
412181a3-4818-4004-b0a4-f5573381001f,20ac3703-eb67-446a-b7a6-e17cd72b6108,2020-02-03 21:47:24.703810+00:00,3,cookie
c45c3fbb-52ec-4c27-8ccc-617e81b66951,20ac3703-eb67-446a-b7a6-e17cd72b6108,2020-02-03 22:00:22.072545+00:00,3,cookie
9db1bd5e-91a4-4796-b972-0eec65637d1f,20ac3703-eb67-446a-b7a6-e17cd72b6108,2020-02-03 23:57:36.406171+00:00,2,brioche
ec1a86d3-5683-4783-9575-9337549c9eb9,20ac3703-eb67-446a-b7a6-e17cd72b6108,2020-02-04 00:40:20.902647+00:00,4,bread
27c7655a-7b43-4a72-a2c0-c475a54976d0,20ac3703-eb67-446a-b7a6-e17cd72b6108,2020-02-04 01:37:37.921756+00:00,5,cookie
69f8d3e4-d06d-4943-88b3-815e76647043,20ac3703-eb67-446a-b7a6-e17cd72b6108,2020-02-04 02:55:40.043916+00:00,1,donut
ad9e5c1e-b997-4024-90a0-14ab4ca1cabd,20ac3703-eb67-446a-b7a6-e17cd72b6108,2020-02-04 03:18:55.810229+00:00,5,bread
54eb8e20-af7c-4d2b-93d0-54e43550b07e,20ac3703-eb67-446a-b7a6-e17cd72b6108,2020-02-04 04:47:58.327201+00:00,3,bread
d73aae7b-47cc-4a66-a638-d8bef83893a2,20ac3703-eb67-446a-b7a6-e17cd72b6108,2020-02-04 05:01:52.223393+00:00,4,drink
922bda48-2a7c-49e9-97a7-e7b188c62063,20ac3703-eb67-446a-b7a6-e17cd72b6108,2020-02-04 06:36:20.480720+00:00,2,donut
c064f074-c847-4130-9d56-030e1de987a2,20ac3703-eb67-446a-b7a6-e17cd72b6108,2020-02-04 07:18:29.813110+00:00,3,drink
16386137-69f3-4b2d-8580-dac20818c965,20ac3703-eb67-446a-b7a6-e17cd72b6108,2020-02-04 08:29:49.395964+00:00,2,cookie
4d79132c-f362-4408-9457-530573b0220d,20ac3703-eb67-446a-b7a6-e17cd72b6108,2020-02-04 09:12:58.103565+00:00,3,brioche
0992b886-c8f2-46c1-9fcc-997d1cbb304b,20ac3703-eb67-446a-b7a6-e17cd72b6108,2020-02-04 10:46:40.045409+00:00,1,croissant
7b8fd09a-cc8c-4ba9-8662-200c8188de48,20ac3703-eb67-446a-b7a6-e17cd72b6108,2020-02-04 11:54:17.840882+00:00,2,brioche
bb8141f0-7bc4-4138-ac73-75985711d5fd,20ac3703-eb67-446a-b7a6-e17cd72b6108,2020-02-04 12:52:25.964738+00:00,3,cookie
192703a7-df2e-47e7-84fc-bb8424aefbea,20ac3703-eb67-446a-b7a6-e17cd72b6108,2020-02-04 13:49:19.698665+00:00,5,drink
b97d7617-3487-446c-a1f9-c072fe22eba1,20ac3703-eb67-446a-b7a6-e17cd72b6108,2020-02-04 14:02:11.589133+00:00,4,drink
010d583f-1da7-4d69-85b8-64d4dd643387,20ac3703-eb67-446a-b7a6-e17cd72b6108,2020-02-04 15:18:39.532744+00:00,1,drink
164a9b18-df33-44c6-9823-3b06d91ea7e6,20ac3703-eb67-446a-b7a6-e17cd72b6108,2020-02-04 16:19:59.843112+00:00,1,bread
bedcacb7-a8b3-41a0-8424-6277854494ab,20ac3703-eb67-446a-b7a6-e17cd72b6108,2020-02-04 17:18:44.930880+00:00,5,cookie
5225374a-35b8-426c-a462-ff64a38bbaa4,20ac3703-eb67-446a-b7a6-e17cd72b6108,2020-02-04 18:12:01.999844+00:00,3,cookie
70ecf41b-c5d5-4016-91b3-ccf588433a38,20ac3703-eb67-446a-b7a6-e17cd72b6108,2020-02-04 19:40:16.046551+00:00,3,brioche
03e7dd21-1d4d-46d6-860d-113d2851a8be,20ac3703-eb67-446a-b7a6-e17cd72b6108,2020-02-04 20:57:29.872996+00:00,5,donut
59ae7302-8ae3-497e-b4e2-41421a354475,20ac3703-eb67-446a-b7a6-e17cd72b6108,2020-02-04 21:32:57.716365+00:00,3,brioche
48843b5b-cdd3-414c-b450-8610f17aa7a9,20ac3703-eb67-446a-b7a6-e17cd72b6108,2020-02-04 22:34:26.698594+00:00,2,bread
56b7979e-e46a-4b42-9cfe-cbd84fb67094,20ac3703-eb67-446a-b7a6-e17cd72b6108,2020-02-04 23:32:26.077567+00:00,1,brioche
aced4d55-e73e-4bc5-b882-2064076c108d,20ac3703-eb67-446a-b7a6-e17cd72b6108,2020-02-05 00:03:01.641638+00:00,4,bread
2dd1d45b-6454-482a-ad2c-dbf9160beed4,20ac3703-eb67-446a-b7a6-e17cd72b6108,2020-02-05 01:42:16.839337+00:00,5,drink
7222534d-b309-4e0d-b0ac-0677d60f8680,20ac3703-eb67-446a-b7a6-e17cd72b6108,2020-02-05 02:36:58.735216+00:00,3,cookie
c226ab53-b680-473b-b2b9-c542d143e0a2,20ac3703-eb67-446a-b7a6-e17cd72b6108,2020-02-05 03:40:15.132956+00:00,5,bread
c3b1927b-c178-4e77-ac3b-9258f943375e,20ac3703-eb67-446a-b7a6-e17cd72b6108,2020-02-05 04:27:56.503307+00:00,2,bread
b2d7692a-eb70-4da9-8d66-d79dd0170108,20ac3703-eb67-446a-b7a6-e17cd72b6108,2020-02-05 05:28:05.793259+00:00,4,cookie
c438eae0-b5d0-4595-a4f8-9e23af39f2ce,20ac3703-eb67-446a-b7a6-e17cd72b6108,2020-02-05 06:27:55.427631+00:00,2,brioche
9defeab9-e54c-46ca-9c70-ce2224caf1b8,20ac3703-eb67-446a-b7a6-e17cd72b6108,2020-02-05 07:15:28.989956+00:00,3,croissant
aa4946f4-ead1-4758-b319-f18d2ef03a1b,20ac3703-eb67-446a-b7a6-e17cd72b6108,2020-02-05 08:19:49.180643+00:00,3,croissant
79af8348-10bb-460d-87bf-63ee7ccd3dc0,20ac3703-eb67-446a-b7a6-e17cd72b6108,2020-02-05 09:06:46.393406+00:00,4,croissant
c497d0a8-4842-44d5-abb9-a661d8842354,20ac3703-eb67-446a-b7a6-e17cd72b6108,2020-02-05 10:20:55.015592+00:00,5,brioche
d14b256c-67db-4943-9a59-c3eb8208fd42,20ac3703-eb67-446a-b7a6-e17cd72b6108,2020-02-05 11:42:51.383110+00:00,1,cookie
cadcc10f-1228-430b-a642-72a28e5fd65f,20ac3703-eb67-446a-b7a6-e17cd72b6108,2020-02-05 12:18:07.625256+00:00,4,croissant
9ef1a74f-3d13-4526-a9d7-5427972d5d57,20ac3703-eb67-446a-b7a6-e17cd72b6108,2020-02-05 13:14:37.287820+00:00,2,croissant
354f184e-5739-4b03-90e9-4dce6241cba3,20ac3703-eb67-446a-b7a6-e17cd72b6108,2020-02-05 14:48:50.096538+00:00,5,croissant
9134c0b7-6f73-473b-baee-bacdc8c8ccf9,20ac3703-eb67-446a-b7a6-e17cd72b6108,2020-02-05 15:47:14.376374+00:00,5,drink
13f0e33f-ab6b-4f08-a9a0-f4ef2c4f5416,1190f938-a66f-47f7-b966-9fa759970043,2020-02-05 16:44:21.721362+00:00,5,croissant
76812ad7-9898-4758-9798-00c31d444351,1190f938-a66f-47f7-b966-9fa759970043,2020-02-05 17:19:31.361139+00:00,1,croissant
67e2189b-f4b4-4704-8edb-6dc82d19bd52,1190f938-a66f-47f7-b966-9fa759970043,2020-02-05 18:04:10.587485+00:00,1,drink
d1e2b878-c576-426d-98ae-0666d066ad21,1190f938-a66f-47f7-b966-9fa759970043,2020-02-05 19:22:44.079648+00:00,4,drink
37b567b4-172d-4bd0-8fbd-4c81a9008ecd,1190f938-a66f-47f7-b966-9fa759970043,2020-02-05 20:49:01.320924+00:00,5,drink
258fcafc-c1cf-4878-800c-14a5cf51a203,1190f938-a66f-47f7-b966-9fa759970043,2020-02-05 21:39:39.173018+00:00,4,donut
93f3503d-9d96-432d-a3d5-e7504a9ff50e,1190f938-a66f-47f7-b966-9fa759970043,2020-02-05 22:26:49.775167+00:00,2,drink
91fda27f-4cbb-4460-910c-8c48e09ef2a3,1190f938-a66f-47f7-b966-9fa759970043,2020-02-05 23:47:39.647975+00:00,3,croissant
5821b9f8-ea45-4afd-bb8a-61ebb7c12a4c,1190f938-a66f-47f7-b966-9fa759970043,2020-02-06 00:59:25.041324+00:00,5,bread
67797b58-82ab-43a0-bc86-21109c8aa872,1190f938-a66f-47f7-b966-9fa759970043,2020-02-06 01:50:51.492283+00:00,3,bread
f7c8435f-8c83-4c68-a6ac-e59a5e85643c,1190f938-a66f-47f7-b966-9fa759970043,2020-02-06 02:03:11.258320+00:00,5,cookie
dd9d2e4d-483e-4d69-9c7a-bd161c153057,1190f938-a66f-47f7-b966-9fa759970043,2020-02-06 03:01:52.265072+00:00,4,drink
5170ca8a-a00e-4b60-a4ee-c4c19714fadc,1190f938-a66f-47f7-b966-9fa759970043,2020-02-06 04:42:42.385146+00:00,4,croissant
a998c8e1-3612-41be-8b8c-e7be6f689d65,1190f938-a66f-47f7-b966-9fa759970043,2020-02-06 05:10:24.276382+00:00,2,brioche
ecaadafb-d7e4-427a-a274-d2408e301bcc,1190f938-a66f-47f7-b966-9fa759970043,2020-02-06 06:21:37.036399+00:00,4,brioche
ab89736b-df6b-4b3f-bf59-477849d93a08,1190f938-a66f-47f7-b966-9fa759970043,2020-02-06 07:07:31.976953+00:00,1,bread
b8a9b014-24dc-4a07-8405-6d2ba5fcd671,1190f938-a66f-47f7-b966-9fa759970043,2020-02-06 08:53:05.599257+00:00,4,brioche
ce52309d-a46a-47c2-a320-de1615ac80e4,1190f938-a66f-47f7-b966-9fa759970043,2020-02-06 09:24:57.079679+00:00,4,drink
9f8d367d-6cfa-42dd-ae28-dccd9abbe46b,1190f938-a66f-47f7-b966-9fa759970043,2020-02-06 10:10:47.270558+00:00,5,croissant
627ca9f7-7336-4302-91f0-33748d532691,1190f938-a66f-47f7-b966-9fa759970043,2020-02-06 11:21:19.106030+00:00,2,croissant
7f8736f1-93f3-4702-81e6-ee9a9ac55023,1190f938-a66f-47f7-b966-9fa759970043,2020-02-06 12:50:48.493992+00:00,2,drink
ed3353fc-692c-4aae-84ed-98e280714c8a,1190f938-a66f-47f7-b966-9fa759970043,2020-02-06 13:32:46.198537+00:00,3,bread
7bb775d4-9172-4023-89b1-85d6fa6d81ee,1190f938-a66f-47f7-b966-9fa759970043,2020-02-06 14:42:17.577153+00:00,1,donut
147f0413-b0c4-4ddc-b634-71f87b45bd9c,1190f938-a66f-47f7-b966-9fa759970043,2020-02-06 15:08:31.514928+00:00,5,cookie
85fab5ea-1407-4edb-8456-ce4f77061136,1190f938-a66f-47f7-b966-9fa759970043,2020-02-06 16:53:23.695722+00:00,1,brioche
a9eaa9ff-bddf-4416-a173-1ed878f2961c,1190f938-a66f-47f7-b966-9fa759970043,2020-02-06 17:57:37.479769+00:00,1,drink
94628786-cc50-4a89-8a08-d40ea2395ad5,1190f938-a66f-47f7-b966-9fa759970043,2020-02-06 18:18:44.998997+00:00,1,cookie
7807c947-02c2-4367-874d-8df088f7f097,1190f938-a66f-47f7-b966-9fa759970043,2020-02-06 19:27:14.525179+00:00,4,donut
5a589b67-6bc7-4635-94de-19cdbbdb4536,1190f938-a66f-47f7-b966-9fa759970043,2020-02-06 20:57:38.092689+00:00,3,cookie
ec40d95a-b1ee-4f64-890b-23ed2ae1d0bc,1190f938-a66f-47f7-b966-9fa759970043,2020-02-06 21:35:51.491468+00:00,3,drink
a119ceee-0fb9-4307-82ac-66dc904f0df7,9793b9b4-1374-4146-b2c5-bd89b70b3420,2020-02-06 22:28:23.377915+00:00,2,donut
4ab05699-fd88-4cbd-a804-94630d36f5e4,9793b9b4-1374-4146-b2c5-bd89b70b3420,2020-02-06 23:48:32.024807+00:00,5,bread
20775ce4-151f-42f9-bc19-3e6f496cc03a,9793b9b4-1374-4146-b2c5-bd89b70b3420,2020-02-07 00:30:20.145993+00:00,3,cookie
4674a0eb-47ed-46dd-9da4-ec0f21ee0f6c,9793b9b4-1374-4146-b2c5-bd89b70b3420,2020-02-07 01:51:28.290183+00:00,1,drink
e8fe6095-2cb3-4e23-9a94-0c6c1c8e806b,9793b9b4-1374-4146-b2c5-bd89b70b3420,2020-02-07 02:35:30.372452+00:00,2,drink
2ce6f908-cece-45d3-9ea9-09ef7257dcb6,9793b9b4-1374-4146-b2c5-bd89b70b3420,2020-02-07 03:15:40.509316+00:00,2,croissant
dcacfa54-8702-44ad-8ca3-a4c42e4982cf,9793b9b4-1374-4146-b2c5-bd89b70b3420,2020-02-07 04:01:59.125897+00:00,1,brioche
277664d0-d25c-4d37-af16-d03b987593c3,9793b9b4-1374-4146-b2c5-bd89b70b3420,2020-02-07 05:50:15.411191+00:00,4,croissant
b9db1388-70af-46eb-a921-7ddc3cea1f89,9793b9b4-1374-4146-b2c5-bd89b70b3420,2020-02-07 06:38:15.268799+00:00,2,donut
0de84b63-5856-41fc-9782-5ea3bbff16e9,9793b9b4-1374-4146-b2c5-bd89b70b3420,2020-02-07 07:38:32.139950+00:00,1,bread
79ea5621-6614-43a7-b6c9-aeb22ae7dc19,9793b9b4-1374-4146-b2c5-bd89b70b3420,2020-02-07 08:18:04.921668+00:00,5,brioche
63dba8c8-b4a2-4699-aefa-823b613a9ff9,9793b9b4-1374-4146-b2c5-bd89b70b3420,2020-02-07 09:28:28.522491+00:00,2,donut
49ee4969-0309-44c0-af4a-bfccdeca8598,9793b9b4-1374-4146-b2c5-bd89b70b3420,2020-02-07 10:55:38.001094+00:00,4,croissant
87beb021-f636-44f5-90d0-f83dadb1be7a,9793b9b4-1374-4146-b2c5-bd89b70b3420,2020-02-07 11:40:58.354719+00:00,1,bread
5a947a40-a32e-4ab5-8802-d74aeaef2ec2,9793b9b4-1374-4146-b2c5-bd89b70b3420,2020-02-07 12:57:22.261161+00:00,4,donut
45c87f41-dbbd-4290-a6ed-caddeb04cd29,9793b9b4-1374-4146-b2c5-bd89b70b3420,2020-02-07 13:20:05.882664+00:00,3,bread
6422a73e-958c-4cfd-a783-0a8f415e3805,9793b9b4-1374-4146-b2c5-bd89b70b3420,2020-02-07 14:27:39.990936+00:00,2,drink
31e6a645-c53f-4f7e-96b6-a287ac00f929,9793b9b4-1374-4146-b2c5-bd89b70b3420,2020-02-07 15:31:11.828359+00:00,2,cookie
022b7e76-ac3c-4e34-82b5-3d3d8c30563f,9793b9b4-1374-4146-b2c5-bd89b70b3420,2020-02-07 16:49:54.082199+00:00,1,croissant
af7ce609-1a99-4ae0-8677-b81d1902c93b,9793b9b4-1374-4146-b2c5-bd89b70b3420,2020-02-07 17:26:45.391932+00:00,2,drink
08b6f61d-316d-4914-807c-43704886274c,9793b9b4-1374-4146-b2c5-bd89b70b3420,2020-02-07 18:01:25.321702+00:00,1,bread
e4db04c8-a817-4c85-9819-7749f041e4f7,9793b9b4-1374-4146-b2c5-bd89b70b3420,2020-02-07 19:50:07.652894+00:00,5,drink
1eb6d1f0-f532-4352-b544-68e41f2da344,9793b9b4-1374-4146-b2c5-bd89b70b3420,2020-02-07 20:05:10.990947+00:00,5,brioche
e65fa9fa-c38c-4eaf-a809-7a77603ecfef,9793b9b4-1374-4146-b2c5-bd89b70b3420,2020-02-07 21:38:52.461018+00:00,2,bread
4b68d94d-40da-4c7d-af2b-dc13b2165b5a,9793b9b4-1374-4146-b2c5-bd89b70b3420,2020-02-07 22:28:01.040078+00:00,1,drink
46c112a5-fec8-4839-ac35-c3de7414e3e1,9793b9b4-1374-4146-b2c5-bd89b70b3420,2020-02-07 23:46:09.692868+00:00,3,cookie
46fc4ff2-12f1-48bd-87de-01a929769b0f,9793b9b4-1374-4146-b2c5-bd89b70b3420,2020-02-08 00:46:37.581421+00:00,4,croissant
421becca-0f60-40f3-bef7-24105528dc45,9793b9b4-1374-4146-b2c5-bd89b70b3420,2020-02-08 01:57:20.180517+00:00,3,brioche
fabb6609-7de1-4a85-91c4-194a70c98336,9793b9b4-1374-4146-b2c5-bd89b70b3420,2020-02-08 02:55:42.910674+00:00,5,croissant
1bc2197e-7df7-4791-a53e-62ba2dae62c0,9793b9b4-1374-4146-b2c5-bd89b70b3420,2020-02-08 03:08:37.941361+00:00,4,brioche
e9a0c20d-1b33-4e43-a4b1-cf6a9d2ce51b,9793b9b4-1374-4146-b2c5-bd89b70b3420,2020-02-08 04:26:29.694153+00:00,3,bread
9243a301-1206-4ad6-92aa-da4b08eca4c8,9793b9b4-1374-4146-b2c5-bd89b70b3420,2020-02-08 05:43:39.162545+00:00,4,bread
a7222ea2-261b-4048-bf69-5b97e581d601,9793b9b4-1374-4146-b2c5-bd89b70b3420,2020-02-08 06:38:25.206969+00:00,1,drink
b336d143-26cf-4f51-8435-2e6f63f6bf77,9793b9b4-1374-4146-b2c5-bd89b70b3420,2020-02-08 07:19:47.391129+00:00,4,donut
f09e0302-b525-44d9-83f0-23fd00f2baa4,9793b9b4-1374-4146-b2c5-bd89b70b3420,2020-02-08 08:46:15.566263+00:00,4,croissant
c7eb7d43-ba4e-472f-9813-9af76766d37b,9793b9b4-1374-4146-b2c5-bd89b70b3420,2020-02-08 09:48:44.192354+00:00,1,donut
f443864c-6269-4a44-80d8-c04639d11950,9793b9b4-1374-4146-b2c5-bd89b70b3420,2020-02-08 10:41:21.340710+00:00,4,bread
fdd99681-ef5e-4ca5-8909-b0039136e530,9793b9b4-1374-4146-b2c5-bd89b70b3420,2020-02-08 11:21:32.105976+00:00,3,croissant
f5757b77-ff3c-4d4e-a1dc-9cab0e213ce5,9793b9b4-1374-4146-b2c5-bd89b70b3420,2020-02-08 12:38:49.467874+00:00,3,donut
1498d0dd-570e-4af5-b5ff-3705da74a056,9793b9b4-1374-4146-b2c5-bd89b70b3420,2020-02-08 13:50:28.253714+00:00,3,drink
0a119bac-8df2-4ad5-ad36-db7e33ffb402,9793b9b4-1374-4146-b2c5-bd89b70b3420,2020-02-08 14:58:03.046658+00:00,2,cookie
1b552618-e57e-42d3-a3dd-e733b225574e,9793b9b4-1374-4146-b2c5-bd89b70b3420,2020-02-08 15:37:50.221407+00:00,3,croissant
701fb3ea-a1fe-4bc6-a29d-650a15b98c20,9793b9b4-1374-4146-b2c5-bd89b70b3420,2020-02-08 16:44:07.167059+00:00,2,bread
ff12fe28-b840-4136-867e-4b72316e8645,9793b9b4-1374-4146-b2c5-bd89b70b3420,2020-02-08 17:35:34.603543+00:00,4,croissant
a4b65cfa-8a61-4e64-8af0-f442102048e6,9793b9b4-1374-4146-b2c5-bd89b70b3420,2020-02-08 18:18:27.831167+00:00,5,croissant
097ba119-0433-4d20-beee-f3e1f7716700,9793b9b4-1374-4146-b2c5-bd89b70b3420,2020-02-08 19:20:21.426381+00:00,3,drink
36308a60-1e41-42bb-a7cf-5ce00af5e4a9,9793b9b4-1374-4146-b2c5-bd89b70b3420,2020-02-08 20:48:25.573341+00:00,5,croissant
dfcf338c-dec5-4dc3-ad96-8213f0a9b97f,9793b9b4-1374-4146-b2c5-bd89b70b3420,2020-02-08 21:32:11.621016+00:00,5,brioche
bc4716ad-0970-409d-9270-c935ecc0baa6,9793b9b4-1374-4146-b2c5-bd89b70b3420,2020-02-08 22:08:29.725700+00:00,1,croissant
0bb9a8f6-9e4d-4214-ab03-4c4ee83cdff9,9793b9b4-1374-4146-b2c5-bd89b70b3420,2020-02-08 23:14:33.657186+00:00,2,bread
e797f3ae-0cca-4c05-a1f6-19ed2c1882c9,9793b9b4-1374-4146-b2c5-bd89b70b3420,2020-02-09 00:18:26.414406+00:00,1,croissant
974e8f83-d5d9-4385-abb2-4cbc9c794cdb,9793b9b4-1374-4146-b2c5-bd89b70b3420,2020-02-09 01:03:50.247415+00:00,1,bread
9d99d4c5-cc96-4f43-9850-70727f44cbca,9793b9b4-1374-4146-b2c5-bd89b70b3420,2020-02-09 02:13:14.061087+00:00,2,croissant
fb70fbf3-d5fd-46d7-8fbf-d796565c1e3f,9793b9b4-1374-4146-b2c5-bd89b70b3420,2020-02-09 03:44:16.542251+00:00,4,cookie
937292e6-af20-4a9d-b9d1-85071eece891,9793b9b4-1374-4146-b2c5-bd89b70b3420,2020-02-09 04:32:45.185267+00:00,3,brioche
2c6710bd-97d4-4f61-8bab-8f53c3a4704f,9793b9b4-1374-4146-b2c5-bd89b70b3420,2020-02-09 05:20:07.813420+00:00,1,cookie
2b056167-6a47-4ddf-81ee-cd7a2428185a,9793b9b4-1374-4146-b2c5-bd89b70b3420,2020-02-09 06:41:46.664829+00:00,5,brioche
94fd0594-ecf9-4245-be5f-7e23704c19e2,9793b9b4-1374-4146-b2c5-bd89b70b3420,2020-02-09 07:02:26.516020+00:00,1,drink
28628b4e-c714-4549-a04a-1fe29cc8f772,9793b9b4-1374-4146-b2c5-bd89b70b3420,2020-02-09 08:00:56.269175+00:00,4,bread
ed174fdd-2dee-403e-81d9-6e9601a02047,9793b9b4-1374-4146-b2c5-bd89b70b3420,2020-02-09 09:05:20.908464+00:00,5,cookie
cad04982-ceb2-4a32-b189-727f6a8d8a70,9793b9b4-1374-4146-b2c5-bd89b70b3420,2020-02-09 10:46:21.225751+00:00,2,brioche
85e9054f-455c-4668-a3cb-9e1824a167fd,9793b9b4-1374-4146-b2c5-bd89b70b3420,2020-02-09 11:27:01.508872+00:00,2,brioche
98a547b2-09a1-4b34-b111-84e79c4c37b3,9793b9b4-1374-4146-b2c5-bd89b70b3420,2020-02-09 12:10:48.001681+00:00,4,donut
d3946dc7-a08f-41c6-9688-8e84f346bbe7,9793b9b4-1374-4146-b2c5-bd89b70b3420,2020-02-09 13:46:57.298909+00:00,3,croissant
31208bde-3c52-468a-8ec6-1be5012b809e,9793b9b4-1374-4146-b2c5-bd89b70b3420,2020-02-09 14:07:03.028162+00:00,5,bread
c2d94cc9-dcdb-414e-9ca5-90579e719a56,9793b9b4-1374-4146-b2c5-bd89b70b3420,2020-02-09 15:59:12.415642+00:00,5,brioche
a8c9aa31-a05f-45e6-8534-6e4176d6dc39,9793b9b4-1374-4146-b2c5-bd89b70b3420,2020-02-09 16:12:29.191330+00:00,1,brioche
af6c2278-2633-4cc6-8bee-d3e31cd889e2,9793b9b4-1374-4146-b2c5-bd89b70b3420,2020-02-09 17:50:37.614100+00:00,4,croissant
ec344cf0-ab8e-47a1-a8e6-01302d238ed1,9793b9b4-1374-4146-b2c5-bd89b70b3420,2020-02-09 18:02:35.216165+00:00,3,cookie
5594552b-405a-4e7e-af46-a41f35a7ac9b,9793b9b4-1374-4146-b2c5-bd89b70b3420,2020-02-09 19:37:00.549662+00:00,4,bread
ecc3b699-0d6d-4b42-bd8b-f6031abb574e,9793b9b4-1374-4146-b2c5-bd89b70b3420,2020-02-09 20:32:14.498303+00:00,2,bread
1223d906-1db6-4101-83d0-bae77c2cfbcf,9793b9b4-1374-4146-b2c5-bd89b70b3420,2020-02-09 21:53:42.285030+00:00,4,donut
32e15f17-6b47-4d61-9372-ebed946b4482,9793b9b4-1374-4146-b2c5-bd89b70b3420,2020-02-09 22:44:49.512313+00:00,3,brioche
3a4fece7-537d-46c6-9c31-aaf3c76aec88,9793b9b4-1374-4146-b2c5-bd89b70b3420,2020-02-09 23:05:53.030882+00:00,4,brioche
12d2d7e6-387d-4add-a430-81aa6022e3ff,9793b9b4-1374-4146-b2c5-bd89b70b3420,2020-02-10 00:28:15.564935+00:00,4,bread
3756999b-251a-4f0e-af94-da50e3f713a7,9793b9b4-1374-4146-b2c5-bd89b70b3420,2020-02-10 01:55:40.393619+00:00,4,brioche
752e7613-22eb-49b1-9f9c-b7e06328143e,9793b9b4-1374-4146-b2c5-bd89b70b3420,2020-02-10 02:43:11.356378+00:00,3,cookie
083759f8-2090-435e-95fc-f99133c417d5,9793b9b4-1374-4146-b2c5-bd89b70b3420,2020-02-10 03:41:31.957906+00:00,1,cookie
772d416d-da05-42fc-9c71-a82122f1c32b,9793b9b4-1374-4146-b2c5-bd89b70b3420,2020-02-10 04:27:30.884130+00:00,2,cookie
9a87e357-4b8f-4475-a2eb-b2d2384852b6,9793b9b4-1374-4146-b2c5-bd89b70b3420,2020-02-10 05:09:24.437247+00:00,5,brioche
dae18b28-8d81-44b0-b85a-d28793ffc45f,9793b9b4-1374-4146-b2c5-bd89b70b3420,2020-02-10 06:13:46.928260+00:00,4,donut
3768c85b-fee3-4baa-9cb9-13b47d3d16ca,9793b9b4-1374-4146-b2c5-bd89b70b3420,2020-02-10 07:35:29.691137+00:00,4,cookie
bc7637a0-6d98-4416-bae2-719803b68657,9793b9b4-1374-4146-b2c5-bd89b70b3420,2020-02-10 08:52:21.354496+00:00,2,cookie
e44e7cd1-38ef-43bc-9457-f3886f2aec8a,9793b9b4-1374-4146-b2c5-bd89b70b3420,2020-02-10 09:55:38.926853+00:00,2,donut
faed5777-6af3-4899-814c-c3a1e5f3d466,9793b9b4-1374-4146-b2c5-bd89b70b3420,2020-02-10 10:02:39.207104+00:00,4,drink
6cfa855f-089b-4b49-8114-5252c4c36368,9793b9b4-1374-4146-b2c5-bd89b70b3420,2020-02-10 11:31:52.038215+00:00,4,drink
7ecb002e-73d3-428c-9916-79d3d24025ea,9793b9b4-1374-4146-b2c5-bd89b70b3420,2020-02-10 12:14:25.841373+00:00,5,bread
f32ede3c-6818-4f5b-bb56-588bb172ec53,9793b9b4-1374-4146-b2c5-bd89b70b3420,2020-02-10 13:13:04.823347+00:00,3,cookie
173a0c96-ffbb-4bcc-a5cb-bf6f3d333164,9793b9b4-1374-4146-b2c5-bd89b70b3420,2020-02-10 14:00:57.348592+00:00,3,brioche
920479ce-dba0-489e-b593-8f5ab40bc353,9793b9b4-1374-4146-b2c5-bd89b70b3420,2020-02-10 15:44:50.232108+00:00,1,croissant
dfcb821b-237c-4b55-8596-fab776b90472,9793b9b4-1374-4146-b2c5-bd89b70b3420,2020-02-10 16:42:11.285604+00:00,2,cookie
a226a75b-b432-4ce9-b6dc-16b5a076aed6,9793b9b4-1374-4146-b2c5-bd89b70b3420,2020-02-10 17:00:04.909136+00:00,1,croissant
87ea651b-5539-462b-b0d5-08a9e4b81e89,9793b9b4-1374-4146-b2c5-bd89b70b3420,2020-02-10 18:01:57.771031+00:00,4,cookie
8add06f9-9ccc-419f-b233-5074b2b3bb39,9793b9b4-1374-4146-b2c5-bd89b70b3420,2020-02-10 19:34:30.825723+00:00,2,drink
55f01600-e17f-448d-9ed6-270514b9bb4d,9793b9b4-1374-4146-b2c5-bd89b70b3420,2020-02-10 20:44:08.738827+00:00,1,donut
5d2e7b90-acb6-4e81-a8f6-0796f200a32c,9793b9b4-1374-4146-b2c5-bd89b70b3420,2020-02-10 21:53:16.720461+00:00,1,croissant
0a76bd91-9e7f-47a7-b721-5daa5d975cdc,9793b9b4-1374-4146-b2c5-bd89b70b3420,2020-02-10 22:21:56.056118+00:00,2,drink
8f8dd995-1127-4cb2-b472-99b68f0ce422,9793b9b4-1374-4146-b2c5-bd89b70b3420,2020-02-10 23:42:33.613689+00:00,2,brioche
8a257159-3d17-4879-95bd-f39efb334e61,9793b9b4-1374-4146-b2c5-bd89b70b3420,2020-02-11 00:06:48.807644+00:00,4,drink
df02774d-9482-442f-8095-3c13f06bffa4,9793b9b4-1374-4146-b2c5-bd89b70b3420,2020-02-11 01:57:32.773432+00:00,2,drink
e5def08e-5a4b-4fdb-9209-eaab39b6410e,52828d80-44b5-41f7-97ac-6aa8bb2488a3,2020-02-11 02:16:02.488268+00:00,4,cookie
5860c4f4-5f70-4951-9038-f6760df1172a,52828d80-44b5-41f7-97ac-6aa8bb2488a3,2020-02-11 03:27:08.678338+00:00,5,donut
b5b71c24-785c-487b-9f69-e2b1d45e087f,52828d80-44b5-41f7-97ac-6aa8bb2488a3,2020-02-11 04:31:54.856124+00:00,5,cookie
ccc67ffd-5e3e-4e60-9ef6-a99f73b4daf3,52828d80-44b5-41f7-97ac-6aa8bb2488a3,2020-02-11 05:40:23.903327+00:00,1,brioche
1659ddcc-7537-4d14-a24c-724be453c4c2,52828d80-44b5-41f7-97ac-6aa8bb2488a3,2020-02-11 06:04:48.613452+00:00,2,cookie
1bff56f4-13b2-41ab-b4e5-80aaf5504c52,52828d80-44b5-41f7-97ac-6aa8bb2488a3,2020-02-11 07:09:53.158381+00:00,1,drink
dfff8cea-2687-4a98-bf0f-666225e050f6,52828d80-44b5-41f7-97ac-6aa8bb2488a3,2020-02-11 08:12:15.322170+00:00,1,cookie
8a9b7b20-aeb1-4cd3-b836-0a876aa22571,52828d80-44b5-41f7-97ac-6aa8bb2488a3,2020-02-11 09:55:54.197300+00:00,4,cookie
a50a0a29-bcda-435f-b1a0-cff86b8da340,52828d80-44b5-41f7-97ac-6aa8bb2488a3,2020-02-11 10:01:17.336274+00:00,2,bread
3b79da1e-cd4f-4875-9f2d-df2005a43113,52828d80-44b5-41f7-97ac-6aa8bb2488a3,2020-02-11 11:50:05.811067+00:00,5,drink
57c13f7e-9425-4c3a-a964-a11255fc0f2b,52828d80-44b5-41f7-97ac-6aa8bb2488a3,2020-02-11 12:39:20.737806+00:00,3,croissant
87b8f95c-b265-46c2-aa75-7eeb97e642d6,52828d80-44b5-41f7-97ac-6aa8bb2488a3,2020-02-11 13:50:30.868333+00:00,4,croissant
e5f5cdc8-21c7-40f6-9137-67ab4dd85715,52828d80-44b5-41f7-97ac-6aa8bb2488a3,2020-02-11 14:47:21.653743+00:00,2,cookie
f8815f18-5f34-4d6c-bbf7-5b573a0e618f,52828d80-44b5-41f7-97ac-6aa8bb2488a3,2020-02-11 15:17:17.326655+00:00,1,brioche
f4ca6e70-74b7-49ec-88cd-42c05a66219e,52828d80-44b5-41f7-97ac-6aa8bb2488a3,2020-02-11 16:09:58.907061+00:00,2,drink
f92408c3-2ea9-4f6c-8905-eb93890a83b4,52828d80-44b5-41f7-97ac-6aa8bb2488a3,2020-02-11 17:10:31.293641+00:00,2,brioche
fe67e8e9-0a88-46ca-9dee-4b6d3ce75d1e,52828d80-44b5-41f7-97ac-6aa8bb2488a3,2020-02-11 18:18:59.853016+00:00,2,croissant
34850fcd-2f3b-4b18-9ea2-d56b42aa0bc7,52828d80-44b5-41f7-97ac-6aa8bb2488a3,2020-02-11 19:33:44.954073+00:00,1,drink
25dfac07-5806-4bae-ba5f-afdb512339fa,52828d80-44b5-41f7-97ac-6aa8bb2488a3,2020-02-11 20:22:22.493770+00:00,5,brioche
eba18fa8-1f19-485b-8d33-0569889cd33d,52828d80-44b5-41f7-97ac-6aa8bb2488a3,2020-02-11 21:01:29.730739+00:00,4,brioche
51f9cd77-ed85-4a6d-b542-2851f2a24da4,52828d80-44b5-41f7-97ac-6aa8bb2488a3,2020-02-11 22:09:21.791763+00:00,5,donut
4ba99d78-b498-45d0-a5b1-c79954cecee7,52828d80-44b5-41f7-97ac-6aa8bb2488a3,2020-02-11 23:28:26.078425+00:00,3,donut
90b3032d-ccb1-463d-a5a7-4338aab9278d,52828d80-44b5-41f7-97ac-6aa8bb2488a3,2020-02-12 00:43:42.757635+00:00,4,cookie
7a9e8394-bb4c-4b14-9cc0-b764b06befca,52828d80-44b5-41f7-97ac-6aa8bb2488a3,2020-02-12 01:54:00.628089+00:00,2,drink
0659010a-4ede-49b6-9deb-979d8d0bb6d7,52828d80-44b5-41f7-97ac-6aa8bb2488a3,2020-02-12 02:24:05.867719+00:00,2,croissant
0e16af3f-538c-40ca-97ac-d7e95b7e24ca,52828d80-44b5-41f7-97ac-6aa8bb2488a3,2020-02-12 03:36:29.344355+00:00,2,donut
ef87bf0d-c802-4f8e-b8de-6b6e86c45e42,52828d80-44b5-41f7-97ac-6aa8bb2488a3,2020-02-12 04:46:01.542435+00:00,2,bread
72098a7b-d975-4562-89d5-635715661feb,52828d80-44b5-41f7-97ac-6aa8bb2488a3,2020-02-12 05:40:37.428197+00:00,1,donut
51589375-7d8f-4350-b1c7-7a4464f8f226,52828d80-44b5-41f7-97ac-6aa8bb2488a3,2020-02-12 06:36:11.418749+00:00,5,bread
65c65c7b-5c6e-4f5a-aab1-33bae88ffab5,52828d80-44b5-41f7-97ac-6aa8bb2488a3,2020-02-12 07:08:52.605378+00:00,4,cookie
48ded8be-031e-4f96-9f71-dcc462d846d0,52828d80-44b5-41f7-97ac-6aa8bb2488a3,2020-02-12 08:20:41.712767+00:00,3,croissant
3737cc38-166c-4d33-8f9f-dc15dfd23d15,52828d80-44b5-41f7-97ac-6aa8bb2488a3,2020-02-12 09:43:40.272085+00:00,4,drink
7147f758-cdbe-4548-aa65-66e8fe1ad905,52828d80-44b5-41f7-97ac-6aa8bb2488a3,2020-02-12 10:17:19.082466+00:00,4,drink
d5e4157d-23ba-4528-aa08-9aa0e57c5c02,52828d80-44b5-41f7-97ac-6aa8bb2488a3,2020-02-12 11:35:13.848243+00:00,1,brioche
fd06a179-7980-4efa-8da0-8e483531518a,52828d80-44b5-41f7-97ac-6aa8bb2488a3,2020-02-12 12:52:03.092952+00:00,3,bread
c190b0cf-9736-4b4f-b5c8-ce3ceee31d47,52828d80-44b5-41f7-97ac-6aa8bb2488a3,2020-02-12 13:22:32.780675+00:00,1,croissant
6a1d9731-45f8-414d-aa16-ce6ea388ca32,52828d80-44b5-41f7-97ac-6aa8bb2488a3,2020-02-12 14:10:29.614839+00:00,4,drink
230da680-ea35-4f17-8157-a7619162f6db,52828d80-44b5-41f7-97ac-6aa8bb2488a3,2020-02-12 15:11:57.327221+00:00,4,cookie
d2a2f839-0acf-46ac-bd97-04fe8dca3908,52828d80-44b5-41f7-97ac-6aa8bb2488a3,2020-02-12 16:49:34.493899+00:00,5,cookie
76a4c79b-bd67-4458-8f2d-0b177e7d5e88,52828d80-44b5-41f7-97ac-6aa8bb2488a3,2020-02-12 17:13:28.272798+00:00,1,brioche
a3fb6d0b-f4be-48b4-8cd7-e6f7433ecd2c,52828d80-44b5-41f7-97ac-6aa8bb2488a3,2020-02-12 18:50:03.275057+00:00,4,bread
49a5fd0d-e487-4ab3-aa79-4de7a7604977,52828d80-44b5-41f7-97ac-6aa8bb2488a3,2020-02-12 19:25:01.764380+00:00,4,drink
1e8e06ed-0748-4379-bea7-f419a510af65,52828d80-44b5-41f7-97ac-6aa8bb2488a3,2020-02-12 20:45:52.986081+00:00,4,bread
94c0b9e0-5c9c-4570-bedd-62a79950f11a,52828d80-44b5-41f7-97ac-6aa8bb2488a3,2020-02-12 21:28:49.749260+00:00,4,cookie
f9690579-79dd-4dd4-af97-fbd2a0c45942,52828d80-44b5-41f7-97ac-6aa8bb2488a3,2020-02-12 22:41:39.282355+00:00,1,cookie
047dd583-9344-4b2f-bba3-16688334e524,52828d80-44b5-41f7-97ac-6aa8bb2488a3,2020-02-12 23:50:43.008245+00:00,2,donut
7606fa34-51d6-4f11-a569-3e130efa8993,52828d80-44b5-41f7-97ac-6aa8bb2488a3,2020-02-13 00:52:41.942152+00:00,2,cookie
5c75352c-45cd-496b-8d8a-16f329ce9bfa,52828d80-44b5-41f7-97ac-6aa8bb2488a3,2020-02-13 01:25:10.250419+00:00,3,bread
a391ffdb-8794-4c7e-8aaa-7f994a34041e,52828d80-44b5-41f7-97ac-6aa8bb2488a3,2020-02-13 02:56:10.741271+00:00,5,brioche
c3c2aee6-2ee9-4ed9-a0c6-9223c4359252,52828d80-44b5-41f7-97ac-6aa8bb2488a3,2020-02-13 03:05:40.231148+00:00,2,donut
d3aa9b27-50f3-4ab5-9f58-6eff52965cf3,52828d80-44b5-41f7-97ac-6aa8bb2488a3,2020-02-13 04:50:41.981587+00:00,3,cookie
5cce495d-b037-4c52-b2ad-ffa6af793d4a,52828d80-44b5-41f7-97ac-6aa8bb2488a3,2020-02-13 05:05:45.000275+00:00,5,cookie
230f1e69-034d-42fd-a4ca-abcbd2c4c286,52828d80-44b5-41f7-97ac-6aa8bb2488a3,2020-02-13 06:31:05.414687+00:00,3,croissant
e92966be-ebc0-45f5-971e-c230697878c1,52828d80-44b5-41f7-97ac-6aa8bb2488a3,2020-02-13 07:09:46.904913+00:00,2,brioche
303c1503-d4e2-4134-b89a-e4fd80ddb386,52828d80-44b5-41f7-97ac-6aa8bb2488a3,2020-02-13 08:47:42.384257+00:00,5,donut
86912efe-f3d6-49f2-94d7-b0cab08d1676,52828d80-44b5-41f7-97ac-6aa8bb2488a3,2020-02-13 09:50:45.851099+00:00,5,drink
6ad73453-1d2c-4c89-8d75-e6dec19d5186,52828d80-44b5-41f7-97ac-6aa8bb2488a3,2020-02-13 10:27:37.768891+00:00,1,bread
0472f9f6-ec64-44e0-a198-6e3cd19fcf31,52828d80-44b5-41f7-97ac-6aa8bb2488a3,2020-02-13 11:28:46.265628+00:00,3,drink
7122d7a0-d129-42d3-a396-6b835cd14b22,52828d80-44b5-41f7-97ac-6aa8bb2488a3,2020-02-13 12:53:23.014987+00:00,5,donut
2c15c4ad-5790-4515-b859-396dc37a9ab0,52828d80-44b5-41f7-97ac-6aa8bb2488a3,2020-02-13 13:42:35.621578+00:00,1,drink
20f36e92-38ec-41aa-9e5c-5da8d087edcb,52828d80-44b5-41f7-97ac-6aa8bb2488a3,2020-02-13 14:51:24.534753+00:00,2,drink
35b823e4-2016-4e6d-8eb3-9f633a00c83e,52828d80-44b5-41f7-97ac-6aa8bb2488a3,2020-02-13 15:07:48.785709+00:00,1,croissant
1c99d366-c8b6-4c18-8355-853eb0d9751c,52828d80-44b5-41f7-97ac-6aa8bb2488a3,2020-02-13 16:04:39.847071+00:00,4,croissant
08651a6e-1b99-4b83-b244-0f070ae263e0,52828d80-44b5-41f7-97ac-6aa8bb2488a3,2020-02-13 17:47:34.998654+00:00,5,donut
e8956041-1e71-4fa9-b815-c7df0f2c01b7,52828d80-44b5-41f7-97ac-6aa8bb2488a3,2020-02-13 18:15:10.844896+00:00,1,cookie
18b475b1-c12a-44f4-82a1-3629aae6f1a1,52828d80-44b5-41f7-97ac-6aa8bb2488a3,2020-02-13 19:46:56.534931+00:00,5,brioche
2f4ddc9b-3334-4d07-a6b3-6561966d2735,52828d80-44b5-41f7-97ac-6aa8bb2488a3,2020-02-13 20:40:14.162332+00:00,1,bread
f11cc0a4-bf06-4520-988a-617b254338df,52828d80-44b5-41f7-97ac-6aa8bb2488a3,2020-02-13 21:16:38.552378+00:00,5,cookie
802993b1-daea-444a-a91a-49055a29fe6b,52828d80-44b5-41f7-97ac-6aa8bb2488a3,2020-02-13 22:46:50.887690+00:00,5,brioche
195efd72-117e-494e-91fa-f1c78141bb37,52828d80-44b5-41f7-97ac-6aa8bb2488a3,2020-02-13 23:49:10.511417+00:00,1,donut
f6d9fe17-3109-4211-b73f-6e64378d2f8d,52828d80-44b5-41f7-97ac-6aa8bb2488a3,2020-02-14 00:16:54.684449+00:00,5,bread
ec9a799e-1943-4791-b9b0-7ec4f93c8859,52828d80-44b5-41f7-97ac-6aa8bb2488a3,2020-02-14 01:12:50.455391+00:00,5,drink
96e1a522-b2b8-4698-9dd0-855c7986f498,52828d80-44b5-41f7-97ac-6aa8bb2488a3,2020-02-14 02:11:06.452804+00:00,1,brioche
612e73c7-fb36-4cf4-9ad5-a309d5b1a96a,52828d80-44b5-41f7-97ac-6aa8bb2488a3,2020-02-14 03:25:26.730650+00:00,5,brioche
fc0f94cd-c2eb-4aa2-9ce3-70ed685707ac,52828d80-44b5-41f7-97ac-6aa8bb2488a3,2020-02-14 04:18:51.408981+00:00,4,bread
c3245e35-7eed-4c65-a2cb-2720850cddfd,52828d80-44b5-41f7-97ac-6aa8bb2488a3,2020-02-14 05:21:40.501649+00:00,3,donut
53ff5f1f-150e-4388-8a65-52a5b8ddf15d,52828d80-44b5-41f7-97ac-6aa8bb2488a3,2020-02-14 06:29:37.366075+00:00,4,cookie
4fdfaf5d-bc75-4d53-99b3-207074fa65ce,52828d80-44b5-41f7-97ac-6aa8bb2488a3,2020-02-14 07:41:13.367607+00:00,4,brioche
fc267da6-4a64-4fc1-a843-a5c38dcd6e9b,52828d80-44b5-41f7-97ac-6aa8bb2488a3,2020-02-14 08:51:19.316401+00:00,2,bread
79c5f45a-cd6c-48dd-974f-9844e50ea3ec,52828d80-44b5-41f7-97ac-6aa8bb2488a3,2020-02-14 09:56:20.695206+00:00,3,brioche
7ddcaaf6-ac95-4db1-bfac-54fd0345eeda,52828d80-44b5-41f7-97ac-6aa8bb2488a3,2020-02-14 10:40:19.543722+00:00,4,croissant
15c2f297-ad30-43ce-a896-9e7085cd3384,52828d80-44b5-41f7-97ac-6aa8bb2488a3,2020-02-14 11:07:09.184238+00:00,4,croissant
1a0a7680-fa42-456e-972e-c23eb1edf3d3,52828d80-44b5-41f7-97ac-6aa8bb2488a3,2020-02-14 12:44:29.155775+00:00,2,bread
56b09052-32f7-4350-b9a7-32dc5d1c1906,52828d80-44b5-41f7-97ac-6aa8bb2488a3,2020-02-14 13:12:00.948590+00:00,4,bread
b9a6bd75-6cb9-4a2c-968e-51f03b9d5832,52828d80-44b5-41f7-97ac-6aa8bb2488a3,2020-02-14 14:29:56.796404+00:00,5,donut
cd0d4d73-ca1c-4218-819d-11c545e18b77,52828d80-44b5-41f7-97ac-6aa8bb2488a3,2020-02-14 15:38:37.792241+00:00,4,cookie
f33c4c36-9a69-4cad-aaab-583079cfc04f,52828d80-44b5-41f7-97ac-6aa8bb2488a3,2020-02-14 16:24:15.996957+00:00,4,donut
7462f144-c49b-4e62-a5ba-4f0347656069,52828d80-44b5-41f7-97ac-6aa8bb2488a3,2020-02-14 17:06:28.932005+00:00,3,croissant
f14152c7-a0dc-4c7d-bb17-23197f4d55b9,52828d80-44b5-41f7-97ac-6aa8bb2488a3,2020-02-14 18:08:04.590171+00:00,1,drink
7f85c4e7-1177-4f21-948f-5ba30d87bc72,52828d80-44b5-41f7-97ac-6aa8bb2488a3,2020-02-14 19:40:41.186786+00:00,2,croissant
2719bfdb-53b3-418b-ade0-56489ac60306,52828d80-44b5-41f7-97ac-6aa8bb2488a3,2020-02-14 20:18:09.909400+00:00,5,bread
c0697f1d-a93c-4413-9396-a289c29a988f,52828d80-44b5-41f7-97ac-6aa8bb2488a3,2020-02-14 21:31:11.816087+00:00,4,croissant
7f764fce-a97e-4131-8b26-f0a333b1cca4,52828d80-44b5-41f7-97ac-6aa8bb2488a3,2020-02-14 22:29:24.901297+00:00,3,donut
8a601b92-dc13-4c04-8f3a-2f8d57f731e3,52828d80-44b5-41f7-97ac-6aa8bb2488a3,2020-02-14 23:32:47.832122+00:00,1,croissant
62359144-1e7f-42ad-aa39-73ffe14fea78,52828d80-44b5-41f7-97ac-6aa8bb2488a3,2020-02-15 00:27:00.415869+00:00,4,croissant
2d474c4f-0869-4ffa-8936-0f0275ac0819,52828d80-44b5-41f7-97ac-6aa8bb2488a3,2020-02-15 01:33:23.999582+00:00,3,drink
226dd24f-6e41-4e23-bdd1-9b8f2a055b69,52828d80-44b5-41f7-97ac-6aa8bb2488a3,2020-02-15 02:18:44.854831+00:00,4,croissant
7d94ed9f-acce-493e-91a0-7ef21c007554,72bb912d-7da6-4785-b63b-4dc3a559e463,2020-02-15 03:39:36.282921+00:00,5,donut
dab6c73d-8fef-487b-b9d5-4e9f78460474,72bb912d-7da6-4785-b63b-4dc3a559e463,2020-02-15 04:09:22.719445+00:00,1,croissant
f88afc64-974e-4b87-bea4-13e5436d977b,72bb912d-7da6-4785-b63b-4dc3a559e463,2020-02-15 05:22:40.071738+00:00,3,cookie
97289c5e-0734-4403-8fb9-7b5d520b28f6,72bb912d-7da6-4785-b63b-4dc3a559e463,2020-02-15 06:02:42.426427+00:00,3,cookie
06e2e861-957e-4c3c-bdf7-74c8cf3ee4aa,72bb912d-7da6-4785-b63b-4dc3a559e463,2020-02-15 07:45:54.698473+00:00,3,croissant
fdf02450-585b-4b17-ad9b-1eb118ebeed7,72bb912d-7da6-4785-b63b-4dc3a559e463,2020-02-15 08:21:26.517890+00:00,3,bread
3c10316d-3f63-4065-be85-c8c4a9470663,72bb912d-7da6-4785-b63b-4dc3a559e463,2020-02-15 09:38:53.098170+00:00,5,bread
de72d970-10c4-4f9e-b020-321be90f4137,72bb912d-7da6-4785-b63b-4dc3a559e463,2020-02-15 10:18:17.684842+00:00,3,brioche
0991946d-537c-44b0-89d5-af23050bd848,72bb912d-7da6-4785-b63b-4dc3a559e463,2020-02-15 11:27:39.273791+00:00,4,donut
444122a5-6bd1-4826-a6c2-cbb783c74cbe,72bb912d-7da6-4785-b63b-4dc3a559e463,2020-02-15 12:01:13.448182+00:00,4,donut
60b36938-5107-4545-bc5b-14bd05b149a0,72bb912d-7da6-4785-b63b-4dc3a559e463,2020-02-15 13:34:13.272747+00:00,3,donut
199d5089-7d05-421c-8eee-7d6519048ca7,72bb912d-7da6-4785-b63b-4dc3a559e463,2020-02-15 14:41:27.110272+00:00,2,cookie
c3d0bde3-cfbb-484a-80b5-70137f29c9e7,72bb912d-7da6-4785-b63b-4dc3a559e463,2020-02-15 15:40:02.595198+00:00,2,donut
6f9d1d74-f82c-4ad8-9d03-7a064cad66c5,72bb912d-7da6-4785-b63b-4dc3a559e463,2020-02-15 16:12:06.331057+00:00,1,donut
0c2b03e4-43e1-446d-8990-225836cdf42f,72bb912d-7da6-4785-b63b-4dc3a559e463,2020-02-15 17:17:50.352968+00:00,5,croissant
be2de8c8-9fe3-4824-b9d3-a9cfcdfa76af,72bb912d-7da6-4785-b63b-4dc3a559e463,2020-02-15 18:57:28.587828+00:00,5,bread
1138978b-45fb-4e8a-963b-04fa9784713d,72bb912d-7da6-4785-b63b-4dc3a559e463,2020-02-15 19:33:59.141861+00:00,5,croissant
cbafd542-58e9-4bad-b5b1-773c6d56cfd5,72bb912d-7da6-4785-b63b-4dc3a559e463,2020-02-15 20:04:35.981730+00:00,3,donut
a9d84c4f-6ed3-48be-8cc6-d67ecddb3f9e,72bb912d-7da6-4785-b63b-4dc3a559e463,2020-02-15 21:32:23.811285+00:00,2,croissant
83ef3ce9-9ffd-41e7-8052-e3a566fd3215,72bb912d-7da6-4785-b63b-4dc3a559e463,2020-02-15 22:27:11.622979+00:00,5,brioche
b40d8aef-a0ba-4142-84c3-2fede182701b,72bb912d-7da6-4785-b63b-4dc3a559e463,2020-02-15 23:30:58.406814+00:00,2,donut
f64d4de0-a92a-4880-b684-13397fcbcf31,72bb912d-7da6-4785-b63b-4dc3a559e463,2020-02-16 00:49:26.068797+00:00,4,cookie
cf1643a0-8860-4b56-a34f-2452efe9e8c9,72bb912d-7da6-4785-b63b-4dc3a559e463,2020-02-16 01:36:51.920272+00:00,4,donut
85b375aa-0f54-4781-a073-3e57ba0371f9,72bb912d-7da6-4785-b63b-4dc3a559e463,2020-02-16 02:12:02.332899+00:00,4,brioche
af704164-bf16-4454-a685-602c3d8925a9,72bb912d-7da6-4785-b63b-4dc3a559e463,2020-02-16 03:45:55.908295+00:00,4,croissant
e94053af-d488-4dff-9c35-25775193412d,72bb912d-7da6-4785-b63b-4dc3a559e463,2020-02-16 04:03:51.939106+00:00,2,croissant
a5630d3a-497b-413b-92de-b47d4455d60e,72bb912d-7da6-4785-b63b-4dc3a559e463,2020-02-16 05:09:38.103516+00:00,5,brioche
2663ed11-1d12-4ccf-bd0d-3ffd67e6d49a,72bb912d-7da6-4785-b63b-4dc3a559e463,2020-02-16 06:11:30.897641+00:00,2,cookie
fdc56285-8f50-411f-bc42-049476d32b96,72bb912d-7da6-4785-b63b-4dc3a559e463,2020-02-16 07:26:10.078480+00:00,1,brioche
0775d778-22ed-4e25-85d0-738228cbb7ca,72bb912d-7da6-4785-b63b-4dc3a559e463,2020-02-16 08:15:30.228651+00:00,3,drink
da3ed15a-a4f0-408a-ad0d-5e1d8cfb137c,72bb912d-7da6-4785-b63b-4dc3a559e463,2020-02-16 09:02:32.036538+00:00,4,bread
157c6813-e581-420f-9c0d-b2660e29ed9a,72bb912d-7da6-4785-b63b-4dc3a559e463,2020-02-16 10:18:50.057187+00:00,3,bread
e592ee7c-6831-49c6-b480-ada5e68c1348,72bb912d-7da6-4785-b63b-4dc3a559e463,2020-02-16 11:21:48.363283+00:00,1,croissant
d7be7b4f-b967-4dc6-96fd-d1a5f17312f4,72bb912d-7da6-4785-b63b-4dc3a559e463,2020-02-16 12:08:26.016547+00:00,1,donut
1ee26f39-eed4-4b89-8010-4995bc06e86b,72bb912d-7da6-4785-b63b-4dc3a559e463,2020-02-16 13:31:19.047212+00:00,5,donut
171a8b65-e272-47ca-bf17-6b5540767e21,72bb912d-7da6-4785-b63b-4dc3a559e463,2020-02-16 14:14:17.076679+00:00,1,cookie
bcbb859a-9596-4725-9513-da02544c14d1,72bb912d-7da6-4785-b63b-4dc3a559e463,2020-02-16 15:23:23.822408+00:00,2,croissant
2cd6e8df-1b58-49c9-a4ef-65a737cf65ca,72bb912d-7da6-4785-b63b-4dc3a559e463,2020-02-16 16:12:50.791098+00:00,3,croissant
96e83922-dce7-4289-811a-315b688b4cfb,72bb912d-7da6-4785-b63b-4dc3a559e463,2020-02-16 17:03:21.331450+00:00,5,cookie
51057c35-1ceb-48fe-b2de-b798b31a25b5,72bb912d-7da6-4785-b63b-4dc3a559e463,2020-02-16 18:32:44.682120+00:00,4,drink
e1228e75-4719-4f5c-b69b-d5963f10938c,72bb912d-7da6-4785-b63b-4dc3a559e463,2020-02-16 19:47:03.383705+00:00,2,cookie
d2450039-5e24-496e-b736-3ad979a8226b,72bb912d-7da6-4785-b63b-4dc3a559e463,2020-02-16 20:18:29.417037+00:00,5,bread
cc876b1c-a987-499b-bd4c-938cd76ac5a8,72bb912d-7da6-4785-b63b-4dc3a559e463,2020-02-16 21:56:27.053795+00:00,2,cookie
a3922a4e-4f2c-486f-a27b-0edd8d7f9371,72bb912d-7da6-4785-b63b-4dc3a559e463,2020-02-16 22:57:30.541003+00:00,3,drink
3c83861e-ddf0-40a2-88ef-e82b1f3eea66,72bb912d-7da6-4785-b63b-4dc3a559e463,2020-02-16 23:51:27.529701+00:00,4,bread
ed711fe9-649a-4bf9-b5f3-943ae8e7f030,72bb912d-7da6-4785-b63b-4dc3a559e463,2020-02-17 00:58:40.774276+00:00,3,cookie
c1b4fd44-d29c-492a-afb2-d33c171aa532,72bb912d-7da6-4785-b63b-4dc3a559e463,2020-02-17 01:14:07.657638+00:00,2,brioche
5132fe68-a1a0-44a9-b058-3380ea77d1d6,72bb912d-7da6-4785-b63b-4dc3a559e463,2020-02-17 02:52:46.082091+00:00,4,bread
d2bd16ec-1481-43b4-9dcf-5003462741ec,72bb912d-7da6-4785-b63b-4dc3a559e463,2020-02-17 03:46:46.044055+00:00,4,croissant
d7567d35-ed2e-4bea-a9b7-d533bca83a82,72bb912d-7da6-4785-b63b-4dc3a559e463,2020-02-17 04:19:57.799973+00:00,4,bread
42ceef41-b2cf-4a8b-a90c-42f8d30bef65,72bb912d-7da6-4785-b63b-4dc3a559e463,2020-02-17 05:30:22.804250+00:00,3,croissant
8c37e264-d03c-420a-baae-ebf89a244525,72bb912d-7da6-4785-b63b-4dc3a559e463,2020-02-17 06:44:16.027874+00:00,4,drink
a43101e4-0d56-4923-8310-d2a2070077c1,72bb912d-7da6-4785-b63b-4dc3a559e463,2020-02-17 07:38:29.733041+00:00,4,drink
333822d1-6691-4664-80c9-937022d6f0a2,72bb912d-7da6-4785-b63b-4dc3a559e463,2020-02-17 08:37:41.866584+00:00,3,donut
3fe604f4-2867-4d3b-9c5f-3cba150d28eb,72bb912d-7da6-4785-b63b-4dc3a559e463,2020-02-17 09:30:58.917208+00:00,2,donut
f07db671-caea-4ae5-a90a-7b80af8d888d,72bb912d-7da6-4785-b63b-4dc3a559e463,2020-02-17 10:19:09.836865+00:00,4,drink
affdd43b-2c69-4f04-82bb-eaae222db2cf,72bb912d-7da6-4785-b63b-4dc3a559e463,2020-02-17 11:35:34.873496+00:00,3,cookie
5e1b015f-6a1c-401b-959b-2b6b32dba028,72bb912d-7da6-4785-b63b-4dc3a559e463,2020-02-17 12:10:54.801314+00:00,4,donut
05e15e2f-f2b7-4922-854e-dd713977fd2f,72bb912d-7da6-4785-b63b-4dc3a559e463,2020-02-17 13:55:23.204467+00:00,5,drink
f9606ca3-16c7-4b1a-a826-fac73a8c8ed5,72bb912d-7da6-4785-b63b-4dc3a559e463,2020-02-17 14:27:44.729580+00:00,3,drink
66aa394c-0cbe-438d-ab33-9734da119684,72bb912d-7da6-4785-b63b-4dc3a559e463,2020-02-17 15:37:04.814579+00:00,5,cookie
5e3003e1-f541-444e-96cc-b813263553ba,72bb912d-7da6-4785-b63b-4dc3a559e463,2020-02-17 16:10:12.442382+00:00,5,bread
6f669013-869d-4cb7-b7f5-155a039d08d0,72bb912d-7da6-4785-b63b-4dc3a559e463,2020-02-17 17:46:24.093554+00:00,4,drink
b6ac1c8e-3977-47b4-9e56-d3467e808d05,72bb912d-7da6-4785-b63b-4dc3a559e463,2020-02-17 18:12:11.323310+00:00,3,cookie
2154be4a-61cf-41fb-be81-cdfabf16e3e9,72bb912d-7da6-4785-b63b-4dc3a559e463,2020-02-17 19:25:52.710920+00:00,2,donut
48708a92-d2f7-4d5d-bec5-ea47372f5f47,72bb912d-7da6-4785-b63b-4dc3a559e463,2020-02-17 20:43:36.149041+00:00,2,croissant
255c82c7-cade-43ec-a895-09082e2cb850,72bb912d-7da6-4785-b63b-4dc3a559e463,2020-02-17 21:01:43.583219+00:00,3,brioche
3f91c419-e846-49df-b373-35549e204ac7,72bb912d-7da6-4785-b63b-4dc3a559e463,2020-02-17 22:22:10.695862+00:00,4,bread
df16eb70-2219-47f7-b808-a00402a458e1,72bb912d-7da6-4785-b63b-4dc3a559e463,2020-02-17 23:19:23.685527+00:00,4,drink
b55d2fc1-622c-4212-b69d-2f483653e588,72bb912d-7da6-4785-b63b-4dc3a559e463,2020-02-18 00:25:23.847424+00:00,5,cookie
0f0a6450-8e97-4ce1-9864-3b6a12b3c5eb,72bb912d-7da6-4785-b63b-4dc3a559e463,2020-02-18 01:03:07.605402+00:00,2,croissant
9b3b5b4c-ff2a-40c0-9ab3-83c9e88188c3,72bb912d-7da6-4785-b63b-4dc3a559e463,2020-02-18 02:56:21.558985+00:00,5,drink
015f566c-0ba6-4a86-8f52-85f7bf8cc6f9,72bb912d-7da6-4785-b63b-4dc3a559e463,2020-02-18 03:15:13.164778+00:00,5,croissant
abd7d3f1-650a-49aa-ba3f-012e4d711f28,72bb912d-7da6-4785-b63b-4dc3a559e463,2020-02-18 04:22:15.244367+00:00,5,bread
2b7c5ee3-42a2-4950-adeb-5687949aca46,72bb912d-7da6-4785-b63b-4dc3a559e463,2020-02-18 05:30:13.488199+00:00,3,croissant
b5d34f2f-513b-465c-96f3-2b9321c57a88,72bb912d-7da6-4785-b63b-4dc3a559e463,2020-02-18 06:31:49.525683+00:00,2,cookie
fa801062-0b4e-460a-9032-6fe61de95c72,72bb912d-7da6-4785-b63b-4dc3a559e463,2020-02-18 07:07:40.337381+00:00,3,drink
486dce57-6e1a-4e1b-ad1d-defa5c4fc55e,72bb912d-7da6-4785-b63b-4dc3a559e463,2020-02-18 08:54:10.053635+00:00,3,donut
4385a3e3-ed3d-4159-82f5-da5fd45ff4db,72bb912d-7da6-4785-b63b-4dc3a559e463,2020-02-18 09:31:01.101669+00:00,4,brioche
7dc42f12-fe9b-40e1-bca3-765350c76baa,72bb912d-7da6-4785-b63b-4dc3a559e463,2020-02-18 10:45:49.231489+00:00,2,donut
a2fba345-a84c-4488-ac40-14c6da6069f3,72bb912d-7da6-4785-b63b-4dc3a559e463,2020-02-18 11:47:53.592660+00:00,1,brioche
2ee25989-3ad8-4406-8df8-1d2b260c037e,72bb912d-7da6-4785-b63b-4dc3a559e463,2020-02-18 12:02:09.104093+00:00,3,brioche
1db3c075-6fb9-4e37-b796-048fb4b9fb73,72bb912d-7da6-4785-b63b-4dc3a559e463,2020-02-18 13:59:42.726276+00:00,4,bread
b582ef0c-fd23-46f4-9b44-e6ed71076f2e,72bb912d-7da6-4785-b63b-4dc3a559e463,2020-02-18 14:33:39.076274+00:00,4,croissant
ddebcd5c-b842-4379-9888-dcb61ccc33c1,72bb912d-7da6-4785-b63b-4dc3a559e463,2020-02-18 15:08:52.993344+00:00,3,bread
2e3f674c-48bb-4b12-9e40-97c33427e466,72bb912d-7da6-4785-b63b-4dc3a559e463,2020-02-18 16:50:05.833174+00:00,5,cookie
95eef45c-a9c3-440d-a411-a9d79030fb0c,72bb912d-7da6-4785-b63b-4dc3a559e463,2020-02-18 17:12:44.626164+00:00,1,donut
6a9a6f4b-2e39-429a-921f-266fc4502052,72bb912d-7da6-4785-b63b-4dc3a559e463,2020-02-18 18:55:13.487508+00:00,2,croissant
5422ea97-e32a-4787-9824-6315ad49e072,72bb912d-7da6-4785-b63b-4dc3a559e463,2020-02-18 19:01:33.463807+00:00,1,croissant
f38324f7-eddc-4c0a-9720-6c665fa18468,72bb912d-7da6-4785-b63b-4dc3a559e463,2020-02-18 20:06:21.851717+00:00,3,brioche
d4a8b45a-75d1-4776-94c0-8f6d076451d3,72bb912d-7da6-4785-b63b-4dc3a559e463,2020-02-18 21:42:27.743940+00:00,4,croissant
981dc530-44f2-4d97-b488-1671a0dbfca2,72bb912d-7da6-4785-b63b-4dc3a559e463,2020-02-18 22:39:28.822691+00:00,3,bread
73fe7e1d-f36d-4b13-9f53-4d9aa7faf009,72bb912d-7da6-4785-b63b-4dc3a559e463,2020-02-18 23:19:29.695686+00:00,5,brioche
cd32e712-0c76-4092-9cff-d7b6361c2373,72bb912d-7da6-4785-b63b-4dc3a559e463,2020-02-19 00:38:37.118506+00:00,3,bread
f3afbb09-8c12-4e0e-921a-f952be69ad39,72bb912d-7da6-4785-b63b-4dc3a559e463,2020-02-19 01:36:08.249498+00:00,1,croissant
f70d78a0-3d75-4423-ad92-1dab41526bff,72bb912d-7da6-4785-b63b-4dc3a559e463,2020-02-19 02:46:15.158953+00:00,4,bread
29b67b14-354e-45ec-9a33-562c054046cc,72bb912d-7da6-4785-b63b-4dc3a559e463,2020-02-19 03:23:18.610446+00:00,4,cookie
27755e9d-a770-4217-b455-af73c0a7ad9c,88bd13d1-b540-430e-839f-3a254d6168bd,2020-02-19 04:07:14.167143+00:00,4,croissant
4f62cc9d-ebf4-44d0-8e6d-29bfbc633d6c,88bd13d1-b540-430e-839f-3a254d6168bd,2020-02-19 05:54:13.443379+00:00,5,brioche
d5016ada-189a-435d-aa5f-89ca5bea530d,88bd13d1-b540-430e-839f-3a254d6168bd,2020-02-19 06:22:02.844579+00:00,2,croissant
79f7f38c-6359-45ce-a2aa-6dc77208838e,88bd13d1-b540-430e-839f-3a254d6168bd,2020-02-19 07:16:06.525853+00:00,5,croissant
cf9d539c-6c2b-4781-81a9-5ee21718cfde,88bd13d1-b540-430e-839f-3a254d6168bd,2020-02-19 08:22:05.649716+00:00,2,croissant
0a5a2698-17cb-47b8-ad0f-74e6a174a785,88bd13d1-b540-430e-839f-3a254d6168bd,2020-02-19 09:30:48.029253+00:00,4,drink
b6b0d0b9-afad-428e-a5c9-cf20396726aa,88bd13d1-b540-430e-839f-3a254d6168bd,2020-02-19 10:09:18.250923+00:00,4,donut
157f108b-8651-4886-a5b0-9024a12ad119,88bd13d1-b540-430e-839f-3a254d6168bd,2020-02-19 11:17:26.530888+00:00,4,bread
4ce6929f-7a44-4d05-8d32-0878e83ec3a0,88bd13d1-b540-430e-839f-3a254d6168bd,2020-02-19 12:08:54.983539+00:00,2,drink
3fa7c199-d76f-4813-8ce7-94d7e724b119,88bd13d1-b540-430e-839f-3a254d6168bd,2020-02-19 13:31:23.131405+00:00,3,donut
ead44e11-1397-429f-8d0d-f6f60c37eb80,88bd13d1-b540-430e-839f-3a254d6168bd,2020-02-19 14:02:42.341653+00:00,1,donut
76f3ba50-1830-4082-a9bb-a3c46cc721f0,88bd13d1-b540-430e-839f-3a254d6168bd,2020-02-19 15:39:39.078914+00:00,5,cookie
14eed987-95e7-46e4-813e-84bd5aff4594,88bd13d1-b540-430e-839f-3a254d6168bd,2020-02-19 16:46:07.128383+00:00,1,bread
2df721e0-767f-4c15-a95d-3271bd9277a4,88bd13d1-b540-430e-839f-3a254d6168bd,2020-02-19 17:47:10.237534+00:00,4,bread
b4522738-e073-49de-aa8f-7654155287c7,88bd13d1-b540-430e-839f-3a254d6168bd,2020-02-19 18:17:51.531057+00:00,5,drink
732fc932-ab96-4697-81e1-f813747ac231,88bd13d1-b540-430e-839f-3a254d6168bd,2020-02-19 19:37:25.717419+00:00,3,cookie
cf5c8dd3-df10-4434-ab09-6202f77aefe1,88bd13d1-b540-430e-839f-3a254d6168bd,2020-02-19 20:11:13.890242+00:00,2,bread
4262a48c-9aa3-4580-bb70-8dd7bf3d5023,88bd13d1-b540-430e-839f-3a254d6168bd,2020-02-19 21:52:17.816861+00:00,1,croissant
651a6277-017f-419f-8496-179588ccddbc,88bd13d1-b540-430e-839f-3a254d6168bd,2020-02-19 22:07:00.041737+00:00,2,drink
67b41520-b11a-4696-b5cd-3e5c7a248720,88bd13d1-b540-430e-839f-3a254d6168bd,2020-02-19 23:52:07.609875+00:00,5,drink
d029733c-9e55-498d-8d84-4cb67c99d86e,88bd13d1-b540-430e-839f-3a254d6168bd,2020-02-20 00:58:26.118812+00:00,3,drink
acd380ef-b0b7-40ab-b690-72cfac7e5cc6,88bd13d1-b540-430e-839f-3a254d6168bd,2020-02-20 01:23:41.990056+00:00,3,bread
30d867cd-038d-4f5a-a296-d3f62005dd7e,88bd13d1-b540-430e-839f-3a254d6168bd,2020-02-20 02:06:42.885009+00:00,1,drink
06dd5e19-dbe8-4664-b02f-420ef87405ca,88bd13d1-b540-430e-839f-3a254d6168bd,2020-02-20 03:12:33.226129+00:00,2,drink
a0456992-d793-40f1-af8f-d55c3de54ee2,88bd13d1-b540-430e-839f-3a254d6168bd,2020-02-20 04:51:29.481688+00:00,5,brioche
76a30eb0-c50c-41f4-8d08-f416160a3a13,88bd13d1-b540-430e-839f-3a254d6168bd,2020-02-20 05:08:53.396328+00:00,4,bread
270524cb-e704-4115-aa85-e3b11dd03ecd,88bd13d1-b540-430e-839f-3a254d6168bd,2020-02-20 06:44:19.612254+00:00,4,croissant
73137fa5-dc1b-4eb1-8506-536c78b3842a,88bd13d1-b540-430e-839f-3a254d6168bd,2020-02-20 07:35:06.814570+00:00,2,cookie
6448a3d5-d576-4137-9456-e29d91c631cf,88bd13d1-b540-430e-839f-3a254d6168bd,2020-02-20 08:03:03.319849+00:00,1,bread
6e89a7a8-b68d-4037-98fe-3fb8a1628abf,88bd13d1-b540-430e-839f-3a254d6168bd,2020-02-20 09:58:46.152977+00:00,4,drink
8de6e6b3-bb27-46bc-9888-f0d99423251e,88bd13d1-b540-430e-839f-3a254d6168bd,2020-02-20 10:59:56.494924+00:00,1,croissant
974e598d-836b-47c3-bc71-1cc8665173fa,88bd13d1-b540-430e-839f-3a254d6168bd,2020-02-20 11:43:28.611067+00:00,4,brioche
04de78f8-873f-4f03-8f8a-579cb6dbbb2c,88bd13d1-b540-430e-839f-3a254d6168bd,2020-02-20 12:25:19.216371+00:00,3,donut
a5f701fe-e493-498a-8491-be4010423a8e,88bd13d1-b540-430e-839f-3a254d6168bd,2020-02-20 13:25:01.694849+00:00,4,bread
a56c0a56-f05f-49c3-9f69-0cde7eaa7a91,88bd13d1-b540-430e-839f-3a254d6168bd,2020-02-20 14:20:48.350808+00:00,4,bread
31341ab8-b9e8-4781-89bb-1313294d25fc,88bd13d1-b540-430e-839f-3a254d6168bd,2020-02-20 15:28:09.265573+00:00,4,brioche
e8b8d252-9670-4d19-b83e-69a481f46dfd,88bd13d1-b540-430e-839f-3a254d6168bd,2020-02-20 16:41:05.906704+00:00,5,drink
e217a6df-2193-4b93-b7ed-78d9a82e6889,88bd13d1-b540-430e-839f-3a254d6168bd,2020-02-20 17:17:36.218551+00:00,4,croissant
a70a409d-ac50-4260-b0f2-4933d544c79b,88bd13d1-b540-430e-839f-3a254d6168bd,2020-02-20 18:44:04.504676+00:00,4,brioche
b0d18df1-484f-4db9-b50b-9f519f310fff,88bd13d1-b540-430e-839f-3a254d6168bd,2020-02-20 19:44:57.315487+00:00,4,brioche
9b125dfb-2804-435a-b311-65e02c5cce54,88bd13d1-b540-430e-839f-3a254d6168bd,2020-02-20 20:29:31.868646+00:00,4,croissant
8e8c71d8-359d-45ae-bc16-89c24dbc217c,88bd13d1-b540-430e-839f-3a254d6168bd,2020-02-20 21:02:49.377610+00:00,1,cookie
ad4b24ec-5b67-4a25-82c4-5041e1831003,88bd13d1-b540-430e-839f-3a254d6168bd,2020-02-20 22:09:30.979674+00:00,5,bread
6e3d2494-5675-48f3-904c-6350ce8b76a2,88bd13d1-b540-430e-839f-3a254d6168bd,2020-02-20 23:06:50.289456+00:00,2,bread
4200a1aa-7c82-4fbe-b95e-54f08fde042a,88bd13d1-b540-430e-839f-3a254d6168bd,2020-02-21 00:59:37.186158+00:00,3,bread
447a4e2c-8e99-4457-a0b1-d762c524f047,88bd13d1-b540-430e-839f-3a254d6168bd,2020-02-21 01:53:46.743717+00:00,5,donut
0ce87570-b4d6-43e6-9aa9-0d26ab636d66,88bd13d1-b540-430e-839f-3a254d6168bd,2020-02-21 02:55:35.875554+00:00,4,croissant
1c65f6bd-c179-4596-9772-e63ef6700a62,88bd13d1-b540-430e-839f-3a254d6168bd,2020-02-21 03:58:28.775124+00:00,5,donut
1a140609-f287-4989-9bbf-46edc83b6467,88bd13d1-b540-430e-839f-3a254d6168bd,2020-02-21 04:49:24.996821+00:00,1,donut
1e392331-a142-468f-aac3-8bd31afc388c,88bd13d1-b540-430e-839f-3a254d6168bd,2020-02-21 05:52:15.130107+00:00,3,brioche
7107514f-b54a-41ba-8ac8-927eba751921,88bd13d1-b540-430e-839f-3a254d6168bd,2020-02-21 06:45:43.072884+00:00,4,drink
a5a7e280-277f-4cc6-996b-58f1ded89c47,88bd13d1-b540-430e-839f-3a254d6168bd,2020-02-21 07:21:49.452868+00:00,2,bread
f83a1bce-7069-4977-b3af-15bed93d8722,88bd13d1-b540-430e-839f-3a254d6168bd,2020-02-21 08:24:56.699419+00:00,1,brioche
5760c094-7942-400a-8f24-2413d5b65438,88bd13d1-b540-430e-839f-3a254d6168bd,2020-02-21 09:17:12.329880+00:00,2,bread
c13d8929-b717-448d-9f57-fd27441999b6,88bd13d1-b540-430e-839f-3a254d6168bd,2020-02-21 10:24:54.030986+00:00,2,brioche
6bf5fc98-8797-4916-80e5-d883c0d2201b,88bd13d1-b540-430e-839f-3a254d6168bd,2020-02-21 11:47:13.976668+00:00,2,croissant
e5e79add-68c8-4ed8-ab03-5cda69d53317,88bd13d1-b540-430e-839f-3a254d6168bd,2020-02-21 12:27:31.511030+00:00,5,drink
714cd65e-079e-4b0b-b198-f62e5c9d3ead,88bd13d1-b540-430e-839f-3a254d6168bd,2020-02-21 13:08:44.103501+00:00,1,drink
11d012a7-f192-43c9-8470-f6c8ce6631cb,88bd13d1-b540-430e-839f-3a254d6168bd,2020-02-21 14:05:05.201572+00:00,3,croissant
6f1f5c6a-2a11-4eab-85ba-36affb60be1c,88bd13d1-b540-430e-839f-3a254d6168bd,2020-02-21 15:03:41.285983+00:00,1,drink
e70af828-26a4-4bef-a437-199cec2a322b,88bd13d1-b540-430e-839f-3a254d6168bd,2020-02-21 16:34:28.406137+00:00,5,cookie
ae4d8a19-e2c2-4a24-a6e9-a80e6b579789,88bd13d1-b540-430e-839f-3a254d6168bd,2020-02-21 17:42:02.845420+00:00,3,drink
581ab26c-e8c3-4a79-904e-54acbe216c79,88bd13d1-b540-430e-839f-3a254d6168bd,2020-02-21 18:00:28.448041+00:00,3,donut
b3468999-2598-4c54-aba2-a67c9c433e67,88bd13d1-b540-430e-839f-3a254d6168bd,2020-02-21 19:24:14.177064+00:00,2,donut
a6ebe702-9e41-4884-89d0-c0fc9fd60922,88bd13d1-b540-430e-839f-3a254d6168bd,2020-02-21 20:26:31.717745+00:00,3,drink
e1878e93-3281-4976-8680-a2e5678daf97,88bd13d1-b540-430e-839f-3a254d6168bd,2020-02-21 21:18:05.513084+00:00,1,donut
b8088e14-b9a0-4137-a3d6-9dd855a15414,88bd13d1-b540-430e-839f-3a254d6168bd,2020-02-21 22:44:24.188000+00:00,2,donut
36b74e27-48af-4f10-8a71-3a73fdeebaa1,88bd13d1-b540-430e-839f-3a254d6168bd,2020-02-21 23:05:34.150444+00:00,5,cookie
a2bc491e-c1cd-49a4-9738-b27785764472,88bd13d1-b540-430e-839f-3a254d6168bd,2020-02-22 00:09:36.098425+00:00,1,donut
d50cf57e-3dc8-419c-8239-850b97ae50f0,88bd13d1-b540-430e-839f-3a254d6168bd,2020-02-22 01:46:26.968034+00:00,4,donut
d7720330-0f58-4a93-bb63-721d1c45eba3,88bd13d1-b540-430e-839f-3a254d6168bd,2020-02-22 02:22:22.723925+00:00,5,cookie
a6a5790a-c1ad-498a-8c38-38a51fb235c4,88bd13d1-b540-430e-839f-3a254d6168bd,2020-02-22 03:56:28.834918+00:00,4,cookie
740173c1-0155-4a51-bca2-c581928b1e4b,88bd13d1-b540-430e-839f-3a254d6168bd,2020-02-22 04:20:20.329061+00:00,2,drink
b6f31d02-90ca-4ac3-94e3-552bfd2f1be9,88bd13d1-b540-430e-839f-3a254d6168bd,2020-02-22 05:53:39.620032+00:00,5,donut
48d75165-4c98-4a1b-99af-b1d13bdccce0,88bd13d1-b540-430e-839f-3a254d6168bd,2020-02-22 06:40:00.920546+00:00,5,drink
8508df91-60ae-4372-b6df-b4a623d52be0,88bd13d1-b540-430e-839f-3a254d6168bd,2020-02-22 07:44:15.044360+00:00,1,cookie
d2a5d216-314b-4d36-9516-235984362fc7,88bd13d1-b540-430e-839f-3a254d6168bd,2020-02-22 08:46:42.778236+00:00,4,bread
d4147d03-6cfa-48cf-b62e-110a25848385,88bd13d1-b540-430e-839f-3a254d6168bd,2020-02-22 09:24:43.390629+00:00,1,bread
79ebb8bb-214b-4473-a375-58676cc56071,88bd13d1-b540-430e-839f-3a254d6168bd,2020-02-22 10:12:53.223847+00:00,1,cookie
9696dc6c-671a-4de5-86b8-afefad443c48,88bd13d1-b540-430e-839f-3a254d6168bd,2020-02-22 11:33:32.286424+00:00,4,cookie
6c65659d-a2ef-4e21-bfb3-25689594eea8,88bd13d1-b540-430e-839f-3a254d6168bd,2020-02-22 12:59:47.442392+00:00,4,drink
29b01062-d2e5-4512-aabb-6c41f92862a9,88bd13d1-b540-430e-839f-3a254d6168bd,2020-02-22 13:08:39.646253+00:00,2,croissant
b45bbad3-f7d0-4ea0-a11f-632b752caa97,90164161-cfa7-41cd-a631-d00b26d794d3,2020-02-22 14:30:47.467747+00:00,5,bread
792dd499-7497-475c-b66f-bdddb1c8d50a,90164161-cfa7-41cd-a631-d00b26d794d3,2020-02-22 15:01:57.386602+00:00,2,donut
1e6773d7-f3aa-472b-abf4-5b9d5e8c8bbf,90164161-cfa7-41cd-a631-d00b26d794d3,2020-02-22 16:36:05.760769+00:00,4,bread
4a229ba5-925f-4cc6-9e9d-2f8a1ef11a27,90164161-cfa7-41cd-a631-d00b26d794d3,2020-02-22 17:02:25.015710+00:00,2,bread
5fdc9844-fdb3-4e45-8e0f-89b95f187c02,90164161-cfa7-41cd-a631-d00b26d794d3,2020-02-22 18:18:11.736298+00:00,4,bread
c8a6a005-2463-463c-a493-16b4ca8c5366,90164161-cfa7-41cd-a631-d00b26d794d3,2020-02-22 19:35:22.647279+00:00,1,cookie
2ede2487-3730-48be-8892-4bd6e39940dd,90164161-cfa7-41cd-a631-d00b26d794d3,2020-02-22 20:49:08.850249+00:00,4,bread
114be8ca-5941-4ea3-8c2b-678e1f50e1aa,90164161-cfa7-41cd-a631-d00b26d794d3,2020-02-22 21:52:13.535529+00:00,4,croissant
73cecf7c-90d5-487e-8f48-9f4592b4002c,90164161-cfa7-41cd-a631-d00b26d794d3,2020-02-22 22:54:01.034237+00:00,4,croissant
9b0fcaa7-d56c-478f-b854-1d6ad59f2b69,90164161-cfa7-41cd-a631-d00b26d794d3,2020-02-22 23:07:58.114587+00:00,2,donut
732e9280-c2fd-4177-b5ff-e99aa2ef0f53,90164161-cfa7-41cd-a631-d00b26d794d3,2020-02-23 00:40:01.994682+00:00,2,drink
9ff0f466-ccc0-4446-96dd-58af53415fe2,90164161-cfa7-41cd-a631-d00b26d794d3,2020-02-23 01:39:52.208325+00:00,4,croissant
56c890a5-6538-4f11-a676-6b0a3b9a3daf,90164161-cfa7-41cd-a631-d00b26d794d3,2020-02-23 02:32:27.580023+00:00,4,drink
ddaf2233-16a9-4518-a55a-c92f47020de0,90164161-cfa7-41cd-a631-d00b26d794d3,2020-02-23 03:09:56.213214+00:00,1,donut
b518174f-c587-4243-8bd1-0fdca14ed649,90164161-cfa7-41cd-a631-d00b26d794d3,2020-02-23 04:18:31.853087+00:00,1,drink
f485e944-3142-40c7-95cc-861a8f31bf2e,90164161-cfa7-41cd-a631-d00b26d794d3,2020-02-23 05:37:07.334597+00:00,5,bread
307c3f63-8591-4818-91fb-8925f5112438,90164161-cfa7-41cd-a631-d00b26d794d3,2020-02-23 06:45:02.010865+00:00,5,bread
8827f0b5-efa9-4c7e-a883-5c661ecae0c0,90164161-cfa7-41cd-a631-d00b26d794d3,2020-02-23 07:10:47.076245+00:00,1,cookie
d4669984-3ecb-4bd6-b4af-a2e1c968e8ee,90164161-cfa7-41cd-a631-d00b26d794d3,2020-02-23 08:42:20.223728+00:00,5,croissant
9b5ad674-8896-44b2-8e92-605915ab7cd2,90164161-cfa7-41cd-a631-d00b26d794d3,2020-02-23 09:19:13.552179+00:00,5,bread
05f4949b-ef10-46cc-9caa-59947dd12d57,90164161-cfa7-41cd-a631-d00b26d794d3,2020-02-23 10:20:23.843598+00:00,2,croissant
513ff9a9-8724-41ca-9c11-eb1306289878,90164161-cfa7-41cd-a631-d00b26d794d3,2020-02-23 11:22:55.239540+00:00,1,bread
2b0c456b-8ab2-4bf4-996d-edc0fad34352,90164161-cfa7-41cd-a631-d00b26d794d3,2020-02-23 12:17:07.266208+00:00,2,cookie
4e8a10cb-277b-41ea-96f1-e5cbc4af9dc9,90164161-cfa7-41cd-a631-d00b26d794d3,2020-02-23 13:57:07.793019+00:00,2,bread
2e740569-5346-405c-b60c-2dd39d4e42f2,90164161-cfa7-41cd-a631-d00b26d794d3,2020-02-23 14:01:37.816293+00:00,1,cookie
24784b7d-51ee-4cc8-9947-4d1a63d316c1,90164161-cfa7-41cd-a631-d00b26d794d3,2020-02-23 15:24:46.162123+00:00,3,cookie
e645bb00-d3e6-4c21-b10b-394d6021a15b,90164161-cfa7-41cd-a631-d00b26d794d3,2020-02-23 16:07:15.478549+00:00,2,brioche
3c8aae87-9606-406a-98d5-4b7ec08bd631,90164161-cfa7-41cd-a631-d00b26d794d3,2020-02-23 17:29:34.725987+00:00,5,croissant
0f8593c3-44f0-4717-9d75-f901f309106e,90164161-cfa7-41cd-a631-d00b26d794d3,2020-02-23 18:19:06.011204+00:00,5,croissant
68518341-0766-499f-bbf2-aa0610c1de9c,90164161-cfa7-41cd-a631-d00b26d794d3,2020-02-23 19:38:00.748663+00:00,1,cookie
acd32f62-960f-49fc-b6a6-46ee8dd7e052,90164161-cfa7-41cd-a631-d00b26d794d3,2020-02-23 20:06:05.433899+00:00,5,drink
91788bdd-4dfb-4b6e-a025-7194c903cc1d,90164161-cfa7-41cd-a631-d00b26d794d3,2020-02-23 21:24:24.285317+00:00,1,drink
f7c90c89-c86a-4d73-b415-c076801c5617,90164161-cfa7-41cd-a631-d00b26d794d3,2020-02-23 22:08:32.521310+00:00,5,brioche
f3de6bc2-899b-4f4b-bec2-e72ac832b3f0,90164161-cfa7-41cd-a631-d00b26d794d3,2020-02-23 23:25:25.508844+00:00,5,croissant
76f36fc7-d009-4b2a-8041-9afc0ab2e2ca,90164161-cfa7-41cd-a631-d00b26d794d3,2020-02-24 00:57:40.011993+00:00,5,cookie
002394e2-2ad9-4682-b8da-5a79a72edd5f,90164161-cfa7-41cd-a631-d00b26d794d3,2020-02-24 01:03:36.630111+00:00,4,cookie
ae1455f4-d6e8-4ad3-803a-423a990ddc73,90164161-cfa7-41cd-a631-d00b26d794d3,2020-02-24 02:22:48.552652+00:00,3,drink
82a4e22e-d737-4450-95cc-fda236770e04,90164161-cfa7-41cd-a631-d00b26d794d3,2020-02-24 03:16:52.720640+00:00,2,drink
4cf6a297-11e7-4656-9026-1d4c88ba135e,90164161-cfa7-41cd-a631-d00b26d794d3,2020-02-24 04:05:22.974374+00:00,1,brioche
478a943a-ffb2-4fe1-8e75-69bcb99e6f7b,90164161-cfa7-41cd-a631-d00b26d794d3,2020-02-24 05:52:41.805459+00:00,2,donut
517c5dec-cd53-4417-b519-4ab9813be64b,90164161-cfa7-41cd-a631-d00b26d794d3,2020-02-24 06:53:02.153804+00:00,3,drink
b52f5f46-c0b0-4dd0-bac9-b5b642e88605,90164161-cfa7-41cd-a631-d00b26d794d3,2020-02-24 07:27:09.785092+00:00,2,drink
35eb728f-5775-4d0f-9256-e276fba75385,90164161-cfa7-41cd-a631-d00b26d794d3,2020-02-24 08:27:35.277630+00:00,5,cookie
223bd9be-b11c-420e-a9fd-197204105bd1,90164161-cfa7-41cd-a631-d00b26d794d3,2020-02-24 09:38:47.195851+00:00,1,donut
0273be68-e6c5-4969-8118-71cf79fdcd33,90164161-cfa7-41cd-a631-d00b26d794d3,2020-02-24 10:40:21.743055+00:00,4,donut
7d2d93e8-b40b-4288-b24d-2a35e5304b87,90164161-cfa7-41cd-a631-d00b26d794d3,2020-02-24 11:45:44.874869+00:00,5,bread
a6b96653-a62b-4d30-a070-bdb9c98cd5fb,90164161-cfa7-41cd-a631-d00b26d794d3,2020-02-24 12:04:39.083219+00:00,1,drink
5a5ddcc5-1f98-4a0d-ac18-4ef971f71add,90164161-cfa7-41cd-a631-d00b26d794d3,2020-02-24 13:58:19.340499+00:00,4,donut
d6d24227-2d5c-4a61-a302-1daa5ba3a49c,90164161-cfa7-41cd-a631-d00b26d794d3,2020-02-24 14:46:04.677040+00:00,1,bread
3167d947-efad-4069-9ed7-d1a676730495,90164161-cfa7-41cd-a631-d00b26d794d3,2020-02-24 15:26:40.479564+00:00,2,drink
ae38cf46-47f8-4de4-8227-e0f205106943,90164161-cfa7-41cd-a631-d00b26d794d3,2020-02-24 16:55:17.035283+00:00,3,brioche
a00f80d4-9d0a-44df-90f7-c7b017080bbd,90164161-cfa7-41cd-a631-d00b26d794d3,2020-02-24 17:18:11.442717+00:00,2,brioche
5ced83b3-f7a0-4e7a-be6a-3ea7fae91634,90164161-cfa7-41cd-a631-d00b26d794d3,2020-02-24 18:02:12.465755+00:00,4,drink
01d3a033-3586-4e6f-9b24-955cb4fbdaf2,90164161-cfa7-41cd-a631-d00b26d794d3,2020-02-24 19:11:45.912458+00:00,4,bread
80155756-91b0-4f07-8700-3fcfdeb2d490,90164161-cfa7-41cd-a631-d00b26d794d3,2020-02-24 20:29:38.440757+00:00,5,brioche
ac13b249-90d2-4d54-bd22-f7fca8eb2ba6,90164161-cfa7-41cd-a631-d00b26d794d3,2020-02-24 21:40:56.580965+00:00,5,brioche
bef81d85-20d4-4165-9691-f45d10bb794e,90164161-cfa7-41cd-a631-d00b26d794d3,2020-02-24 22:03:54.177557+00:00,3,donut
85e89165-e189-4b25-ba5b-ece9db00ab4c,90164161-cfa7-41cd-a631-d00b26d794d3,2020-02-24 23:43:44.035919+00:00,3,brioche
fdf0861e-05eb-474d-ad90-0360d900b745,90164161-cfa7-41cd-a631-d00b26d794d3,2020-02-25 00:58:11.318706+00:00,5,donut
e212f7e1-8f63-42bb-ae41-115540bf6f6b,90164161-cfa7-41cd-a631-d00b26d794d3,2020-02-25 01:27:14.134045+00:00,4,drink
0d46e159-a668-4e80-b16d-4fe8ac504475,90164161-cfa7-41cd-a631-d00b26d794d3,2020-02-25 02:51:13.895322+00:00,3,croissant
46273272-6829-44ca-bebf-4c56d826c496,90164161-cfa7-41cd-a631-d00b26d794d3,2020-02-25 03:07:18.183707+00:00,5,croissant
c24f3f4c-846a-42e6-9c89-6b2a7eddfc17,90164161-cfa7-41cd-a631-d00b26d794d3,2020-02-25 04:02:36.472829+00:00,2,bread
884c0a55-6b89-4000-ab1b-b47f47269e7f,90164161-cfa7-41cd-a631-d00b26d794d3,2020-02-25 05:26:55.901389+00:00,1,croissant
e14e21f7-14f1-4d92-95af-47da31d1d6cb,90164161-cfa7-41cd-a631-d00b26d794d3,2020-02-25 06:34:18.550621+00:00,1,drink
6c7f7bef-b086-47e1-ba64-795839c2c1a2,90164161-cfa7-41cd-a631-d00b26d794d3,2020-02-25 07:57:27.992458+00:00,2,brioche
10168d65-4f90-491a-9448-10de2a1b76e3,90164161-cfa7-41cd-a631-d00b26d794d3,2020-02-25 08:37:33.580873+00:00,1,bread
062667fc-cedc-45bf-ae94-34ab7adf1458,90164161-cfa7-41cd-a631-d00b26d794d3,2020-02-25 09:35:33.110774+00:00,3,cookie
3d051bf4-793c-4fbf-9b9b-71f03f4574d4,90164161-cfa7-41cd-a631-d00b26d794d3,2020-02-25 10:57:31.689568+00:00,1,cookie
f18c5581-3c9b-4b84-8b4a-ddc685096c78,90164161-cfa7-41cd-a631-d00b26d794d3,2020-02-25 11:04:22.479010+00:00,5,donut
a016db34-187d-40c5-839b-f6de704377c3,90164161-cfa7-41cd-a631-d00b26d794d3,2020-02-25 12:26:47.242287+00:00,1,bread
0889360f-eaad-4b2f-8f89-2df6f97a822c,90164161-cfa7-41cd-a631-d00b26d794d3,2020-02-25 13:22:38.622479+00:00,1,brioche
71219097-cd69-4dab-ab4b-2c0c0fdf60d5,90164161-cfa7-41cd-a631-d00b26d794d3,2020-02-25 14:03:17.239789+00:00,5,drink
ad74dd43-1a11-4f59-90d7-a1646e8d0018,90164161-cfa7-41cd-a631-d00b26d794d3,2020-02-25 15:03:20.843853+00:00,1,cookie
188854db-66d4-4394-a1a7-1114d994f7ba,90164161-cfa7-41cd-a631-d00b26d794d3,2020-02-25 16:37:02.287115+00:00,4,brioche
a8e3ac9b-c997-42fa-997d-cd9add554b7d,90164161-cfa7-41cd-a631-d00b26d794d3,2020-02-25 17:37:26.429363+00:00,4,croissant
e143a0ad-6d98-467e-8b8f-e98176d6682f,90164161-cfa7-41cd-a631-d00b26d794d3,2020-02-25 18:37:12.758536+00:00,1,cookie
c86e0b55-acff-499f-b005-8f9aa6a2c945,90164161-cfa7-41cd-a631-d00b26d794d3,2020-02-25 19:01:33.499485+00:00,5,cookie
1a49de98-1ba6-41ed-b146-74a6967aefbb,90164161-cfa7-41cd-a631-d00b26d794d3,2020-02-25 20:00:44.238896+00:00,1,donut
e784cabe-3190-48f4-973d-52baca1731d0,90164161-cfa7-41cd-a631-d00b26d794d3,2020-02-25 21:34:23.563678+00:00,5,cookie
b980e521-7b3c-4c10-abc7-1d7f5afaeb32,90164161-cfa7-41cd-a631-d00b26d794d3,2020-02-25 22:37:15.063192+00:00,2,brioche
0f7c59ad-0b48-4935-8c09-de64233e84ac,90164161-cfa7-41cd-a631-d00b26d794d3,2020-02-25 23:07:39.650704+00:00,5,croissant
c11ea16b-a6d6-4330-b5b1-9be4835c3541,90164161-cfa7-41cd-a631-d00b26d794d3,2020-02-26 00:21:27.877097+00:00,5,donut
7832b59c-25bc-49ae-a547-a8dcc686e251,90164161-cfa7-41cd-a631-d00b26d794d3,2020-02-26 01:18:31.227892+00:00,3,cookie
8486b704-0211-46ca-b863-af2d5e6ba460,90164161-cfa7-41cd-a631-d00b26d794d3,2020-02-26 02:35:11.183685+00:00,2,bread
d5ce0626-d1b6-4755-81d1-d2263cc56af3,90164161-cfa7-41cd-a631-d00b26d794d3,2020-02-26 03:33:34.019703+00:00,1,croissant
334b92a2-f9fc-4c3f-b206-33885804550b,90164161-cfa7-41cd-a631-d00b26d794d3,2020-02-26 04:38:25.997253+00:00,2,bread
79c91e00-aaf8-41d5-b079-9b56576ff264,90164161-cfa7-41cd-a631-d00b26d794d3,2020-02-26 05:41:41.213676+00:00,4,donut
9412ba0f-da1d-4dab-94c5-f266b1420898,90164161-cfa7-41cd-a631-d00b26d794d3,2020-02-26 06:33:57.948873+00:00,3,donut
298b2e78-5420-40ce-ab2f-9d474cb4a7f6,90164161-cfa7-41cd-a631-d00b26d794d3,2020-02-26 07:06:17.452427+00:00,1,croissant
a3863cd1-00f2-4a96-ab82-1435382afbde,90164161-cfa7-41cd-a631-d00b26d794d3,2020-02-26 08:13:22.890319+00:00,2,croissant
bc0dd6ed-7b12-4ee5-bd30-5a0736903edb,48603b32-b4fb-4eb9-89c1-3de73b4206c5,2020-02-26 09:46:06.054277+00:00,3,drink
2f2aa5e8-667a-4277-b48f-9ce0603bc183,48603b32-b4fb-4eb9-89c1-3de73b4206c5,2020-02-26 10:49:33.903563+00:00,1,cookie
07af3b8a-5b9e-45f4-92e0-0b9c028849d9,48603b32-b4fb-4eb9-89c1-3de73b4206c5,2020-02-26 11:33:16.889782+00:00,2,cookie
95ef8b1b-a19f-4485-b1c4-6c9e70be9630,48603b32-b4fb-4eb9-89c1-3de73b4206c5,2020-02-26 12:54:45.751554+00:00,3,bread
32a4a8a4-32f9-4771-8799-7940f9adde7d,48603b32-b4fb-4eb9-89c1-3de73b4206c5,2020-02-26 13:17:02.763182+00:00,2,cookie
d8f80018-56fe-4769-ac9d-e90ab805ae3c,48603b32-b4fb-4eb9-89c1-3de73b4206c5,2020-02-26 14:33:16.217839+00:00,2,brioche
430493f0-d7c7-43b7-ad13-68f305808066,48603b32-b4fb-4eb9-89c1-3de73b4206c5,2020-02-26 15:54:38.336221+00:00,1,drink
c993f819-a7a5-41e8-a101-14f423226464,48603b32-b4fb-4eb9-89c1-3de73b4206c5,2020-02-26 16:53:06.041489+00:00,3,brioche
5ea0c503-3d7a-474e-b4c9-c3ad4e19392b,48603b32-b4fb-4eb9-89c1-3de73b4206c5,2020-02-26 17:48:34.155973+00:00,2,donut
9f8a4862-ff68-4f1a-8c8c-c291fa2358bc,48603b32-b4fb-4eb9-89c1-3de73b4206c5,2020-02-26 18:52:53.989662+00:00,1,bread
217bc29e-ec95-43e9-a1fa-246624f982ec,48603b32-b4fb-4eb9-89c1-3de73b4206c5,2020-02-26 19:47:41.633219+00:00,2,donut
516546ca-5fcf-4219-b1c1-2d4b60d16c16,48603b32-b4fb-4eb9-89c1-3de73b4206c5,2020-02-26 20:35:58.376985+00:00,2,bread
3068ffdd-965a-4d0f-9db4-02f1c3595dc2,48603b32-b4fb-4eb9-89c1-3de73b4206c5,2020-02-26 21:51:15.967559+00:00,3,brioche
a1243bea-0da2-4154-bf46-a43a53e2e047,48603b32-b4fb-4eb9-89c1-3de73b4206c5,2020-02-26 22:47:44.202912+00:00,2,donut
7d2e7d9e-e2c6-493e-9586-6982f7e808a2,48603b32-b4fb-4eb9-89c1-3de73b4206c5,2020-02-26 23:12:33.255265+00:00,1,croissant
109b851a-9d69-42c9-a9db-47b9ca7ecb33,48603b32-b4fb-4eb9-89c1-3de73b4206c5,2020-02-27 00:10:02.760749+00:00,4,drink
7fa372cd-5fcf-4711-8258-3678c04a7761,48603b32-b4fb-4eb9-89c1-3de73b4206c5,2020-02-27 01:31:08.012518+00:00,2,cookie
b1cb62d0-8685-42d2-9fb6-8406b6658a34,48603b32-b4fb-4eb9-89c1-3de73b4206c5,2020-02-27 02:28:59.869399+00:00,4,croissant
a35ae369-66a4-46d4-94c8-a69d44b1a1ee,48603b32-b4fb-4eb9-89c1-3de73b4206c5,2020-02-27 03:55:16.266805+00:00,5,drink
e51728b2-3832-4fc1-b50b-0860095ee97c,48603b32-b4fb-4eb9-89c1-3de73b4206c5,2020-02-27 04:12:10.801788+00:00,2,croissant
e3826da1-6cce-4c23-8e55-f3fe37f5c238,48603b32-b4fb-4eb9-89c1-3de73b4206c5,2020-02-27 05:22:37.498667+00:00,2,cookie
226378ab-15b2-42b4-8cf0-f97b4128d40b,48603b32-b4fb-4eb9-89c1-3de73b4206c5,2020-02-27 06:45:05.841907+00:00,3,croissant
957e8c66-3aec-4af8-9a00-d0f284d16f5e,48603b32-b4fb-4eb9-89c1-3de73b4206c5,2020-02-27 07:02:28.114518+00:00,5,donut
77b16be3-737e-452f-ad15-0b06561c9af3,48603b32-b4fb-4eb9-89c1-3de73b4206c5,2020-02-27 08:25:57.020386+00:00,3,croissant
0653ee85-61e3-4fb4-85e4-9a9e51284026,48603b32-b4fb-4eb9-89c1-3de73b4206c5,2020-02-27 09:10:46.436632+00:00,2,cookie
e6c71f15-5bed-43be-936d-6ccea535f9d7,48603b32-b4fb-4eb9-89c1-3de73b4206c5,2020-02-27 10:04:56.706640+00:00,5,donut
c92efe01-1402-4a93-a4c6-88ec8bf160df,48603b32-b4fb-4eb9-89c1-3de73b4206c5,2020-02-27 11:16:35.129825+00:00,2,bread
09cccf1a-5c38-4c2a-9243-e8381e5bc68b,48603b32-b4fb-4eb9-89c1-3de73b4206c5,2020-02-27 12:32:45.693816+00:00,3,brioche
4d7ec4b1-4001-4cbe-9449-2845acd3d56f,48603b32-b4fb-4eb9-89c1-3de73b4206c5,2020-02-27 13:44:42.760848+00:00,3,brioche
234b20fd-ff7c-458f-9aa1-f98bb4a4feee,48603b32-b4fb-4eb9-89c1-3de73b4206c5,2020-02-27 14:59:54.258352+00:00,5,cookie
482702f0-4caa-468b-8523-b4e9022f46bb,48603b32-b4fb-4eb9-89c1-3de73b4206c5,2020-02-27 15:49:20.311881+00:00,4,croissant
a7c24c68-c1ff-4427-9477-d9d7d26580c0,48603b32-b4fb-4eb9-89c1-3de73b4206c5,2020-02-27 16:00:42.806593+00:00,5,brioche
3a17d79a-3a42-458b-a5c2-e80ddd8f3007,48603b32-b4fb-4eb9-89c1-3de73b4206c5,2020-02-27 17:43:24.009204+00:00,2,croissant
c935a278-9645-4ec1-840d-214b3bd54863,48603b32-b4fb-4eb9-89c1-3de73b4206c5,2020-02-27 18:33:09.414912+00:00,4,drink
cabaef3c-5735-473c-b61e-6287d07c5e53,48603b32-b4fb-4eb9-89c1-3de73b4206c5,2020-02-27 19:05:09.153082+00:00,2,croissant
6aed979f-b2ac-4768-b122-4f43c5274f35,48603b32-b4fb-4eb9-89c1-3de73b4206c5,2020-02-27 20:12:34.505113+00:00,4,donut
93d797e7-2392-4df4-9fec-59ac07b4e684,48603b32-b4fb-4eb9-89c1-3de73b4206c5,2020-02-27 21:52:25.500759+00:00,3,drink
a8aa454e-cf76-470a-bff2-e80a027a76dc,48603b32-b4fb-4eb9-89c1-3de73b4206c5,2020-02-27 22:50:03.475974+00:00,3,brioche
c0ac1c00-af8e-46b2-acfb-f1736b4d3d1a,48603b32-b4fb-4eb9-89c1-3de73b4206c5,2020-02-27 23:24:12.127382+00:00,5,cookie
914cc11c-05f3-4bc5-9642-b0525379f279,48603b32-b4fb-4eb9-89c1-3de73b4206c5,2020-02-28 00:47:07.288119+00:00,2,brioche
548b4c63-fe87-46bc-b3e0-0dc5fa2c9e79,48603b32-b4fb-4eb9-89c1-3de73b4206c5,2020-02-28 01:34:05.487185+00:00,5,donut
faec8f42-6411-48ec-9df0-177192e9b765,48603b32-b4fb-4eb9-89c1-3de73b4206c5,2020-02-28 02:22:52.746828+00:00,4,bread
798b0757-3036-46b9-a2ed-540388d45ff4,48603b32-b4fb-4eb9-89c1-3de73b4206c5,2020-02-28 03:06:31.098082+00:00,5,croissant
17deace8-4dfd-4ecd-a50d-ede5a395b867,48603b32-b4fb-4eb9-89c1-3de73b4206c5,2020-02-28 04:10:17.125174+00:00,5,brioche
9a760ea9-b063-49a0-9393-daad0835075f,48603b32-b4fb-4eb9-89c1-3de73b4206c5,2020-02-28 05:29:19.007961+00:00,2,brioche
62c9f4fc-f686-4fa7-a94d-ed1e11ca2a0b,48603b32-b4fb-4eb9-89c1-3de73b4206c5,2020-02-28 06:17:01.743434+00:00,2,cookie
7464d6f2-11ea-4c00-863e-cbe2a8d99292,48603b32-b4fb-4eb9-89c1-3de73b4206c5,2020-02-28 07:03:26.831450+00:00,5,bread
e8e977f0-dc15-47c5-93a7-55812bfcc524,48603b32-b4fb-4eb9-89c1-3de73b4206c5,2020-02-28 08:24:39.100443+00:00,2,bread
7a6eaaa5-6b1d-40b9-8954-fc3d210f2a8a,48603b32-b4fb-4eb9-89c1-3de73b4206c5,2020-02-28 09:44:35.313916+00:00,4,brioche
4f4c3f0b-34a7-4f9d-9ed5-c01721433dfc,48603b32-b4fb-4eb9-89c1-3de73b4206c5,2020-02-28 10:25:55.922435+00:00,4,brioche
4f70b88b-f06c-49d9-9339-304b9a8cb3d7,48603b32-b4fb-4eb9-89c1-3de73b4206c5,2020-02-28 11:35:14.971032+00:00,5,drink
33a2ca5f-4683-4cc5-b57e-2b43af516850,48603b32-b4fb-4eb9-89c1-3de73b4206c5,2020-02-28 12:00:26.795912+00:00,2,croissant
9ad75b94-6634-43e9-9317-d8c91060573a,48603b32-b4fb-4eb9-89c1-3de73b4206c5,2020-02-28 13:48:27.236997+00:00,5,cookie
7daf76e7-e115-452b-91b8-ff07e9099654,48603b32-b4fb-4eb9-89c1-3de73b4206c5,2020-02-28 14:27:36.736416+00:00,5,bread
a573dc30-49b4-4625-9752-815cbcbf1583,48603b32-b4fb-4eb9-89c1-3de73b4206c5,2020-02-28 15:52:51.578664+00:00,4,cookie
cad73d36-b62e-4f02-97b7-3862b347f1d4,48603b32-b4fb-4eb9-89c1-3de73b4206c5,2020-02-28 16:17:50.815419+00:00,5,brioche
e66414db-2df8-44a8-bfc7-4cb86a40e5cc,48603b32-b4fb-4eb9-89c1-3de73b4206c5,2020-02-28 17:37:03.851459+00:00,4,croissant
2ef634f2-a8b9-4820-a92c-5b92627967a3,48603b32-b4fb-4eb9-89c1-3de73b4206c5,2020-02-28 18:41:54.679328+00:00,1,croissant
3d5cab0e-0b2d-483a-b218-9128b2da61f7,48603b32-b4fb-4eb9-89c1-3de73b4206c5,2020-02-28 19:53:07.950545+00:00,2,cookie
4ab946a2-89a9-4af3-a0ca-0f8ee1ef2dd3,48603b32-b4fb-4eb9-89c1-3de73b4206c5,2020-02-28 20:39:59.964986+00:00,1,drink
379e03dd-e6f8-4ac3-b8ef-d250b9fe60c6,48603b32-b4fb-4eb9-89c1-3de73b4206c5,2020-02-28 21:54:31.451296+00:00,4,donut
1397b542-5e65-4990-becd-0ded1f08f855,48603b32-b4fb-4eb9-89c1-3de73b4206c5,2020-02-28 22:45:19.428718+00:00,5,cookie
40b55023-2a32-4553-b370-8a7e68fc0e45,48603b32-b4fb-4eb9-89c1-3de73b4206c5,2020-02-28 23:12:26.539544+00:00,1,croissant
b1c9d0dc-a38c-435f-92bc-f09006d6fba7,48603b32-b4fb-4eb9-89c1-3de73b4206c5,2020-02-29 00:40:32.239439+00:00,4,croissant
db13f2ec-663b-4427-bef7-110a57f9f3a7,48603b32-b4fb-4eb9-89c1-3de73b4206c5,2020-02-29 01:11:39.852903+00:00,1,bread
eac97d37-b587-4d33-9d5b-d8b04027b283,48603b32-b4fb-4eb9-89c1-3de73b4206c5,2020-02-29 02:08:11.330060+00:00,4,croissant
8c65d01b-1521-4825-9177-fdd5761b7e11,48603b32-b4fb-4eb9-89c1-3de73b4206c5,2020-02-29 03:39:25.281377+00:00,4,brioche
d770a46e-4775-47ab-9207-7bc478858b6d,48603b32-b4fb-4eb9-89c1-3de73b4206c5,2020-02-29 04:09:40.919512+00:00,1,donut
1fc8628d-4b4d-4079-ad5f-60d919bb5bf0,48603b32-b4fb-4eb9-89c1-3de73b4206c5,2020-02-29 05:32:04.753799+00:00,4,brioche
02deb2e6-c37a-427b-abe0-5b2213dca154,48603b32-b4fb-4eb9-89c1-3de73b4206c5,2020-02-29 06:40:38.579310+00:00,2,croissant
b6e3b91b-3777-4823-ad8d-7db85bab96cc,48603b32-b4fb-4eb9-89c1-3de73b4206c5,2020-02-29 07:02:04.001443+00:00,5,brioche
d624f055-0c39-4d0e-b25d-b530712ab8eb,48603b32-b4fb-4eb9-89c1-3de73b4206c5,2020-02-29 08:38:05.245482+00:00,5,drink
e5a2709d-a8f8-487b-b766-ac85a99c37b3,48603b32-b4fb-4eb9-89c1-3de73b4206c5,2020-02-29 09:06:10.055832+00:00,3,croissant
0c754a17-0131-4601-9923-fc7a0d6b160f,48603b32-b4fb-4eb9-89c1-3de73b4206c5,2020-02-29 10:46:20.674903+00:00,2,brioche
3332432b-3d10-4a95-a8a4-42385fe8b710,48603b32-b4fb-4eb9-89c1-3de73b4206c5,2020-02-29 11:05:28.991148+00:00,4,bread
d20e0734-564d-46aa-83ba-33a0fd42269c,48603b32-b4fb-4eb9-89c1-3de73b4206c5,2020-02-29 12:11:31.746551+00:00,1,brioche
cc0338d3-18ba-4cc9-a1dd-7fdff5705436,48603b32-b4fb-4eb9-89c1-3de73b4206c5,2020-02-29 13:50:07.386298+00:00,2,drink
833334f6-6a6a-4149-8b44-676d2ac39be9,48603b32-b4fb-4eb9-89c1-3de73b4206c5,2020-02-29 14:06:27.661783+00:00,3,cookie
9fea97cc-3086-4fe3-a075-13728fe2c74f,48603b32-b4fb-4eb9-89c1-3de73b4206c5,2020-02-29 15:12:25.629535+00:00,5,croissant
1b1b4cd7-36ba-4918-bb7f-19981eed0236,964db03f-9340-4fad-9c4a-d56bd6016237,2020-02-29 16:21:23.674773+00:00,2,bread
03113626-50f5-4e97-a76c-11cb66f29d1d,964db03f-9340-4fad-9c4a-d56bd6016237,2020-02-29 17:23:21.071974+00:00,4,brioche
4748ffb3-d0a9-4757-a870-2d9710e67176,964db03f-9340-4fad-9c4a-d56bd6016237,2020-02-29 18:38:59.801984+00:00,3,bread
693da46c-37f3-4aac-a2ad-828b113c9f25,964db03f-9340-4fad-9c4a-d56bd6016237,2020-02-29 19:18:05.523295+00:00,5,croissant
b668705d-1a10-448c-bd8f-b938fbac9ade,964db03f-9340-4fad-9c4a-d56bd6016237,2020-02-29 20:32:10.253509+00:00,5,brioche
9990e4a9-1841-4e07-b583-4c69407f2654,964db03f-9340-4fad-9c4a-d56bd6016237,2020-02-29 21:19:27.675447+00:00,4,drink
b197aed1-c57a-43ff-b8ed-08aeecaf8800,964db03f-9340-4fad-9c4a-d56bd6016237,2020-02-29 22:07:58.553170+00:00,2,drink
5166488b-b008-42da-a24b-a9d4c2ffd690,964db03f-9340-4fad-9c4a-d56bd6016237,2020-02-29 23:58:40.877512+00:00,4,bread
e97f995d-9bc8-46f6-8484-a1b355c974a4,964db03f-9340-4fad-9c4a-d56bd6016237,2020-03-01 00:35:06.132892+00:00,4,donut
80e022c8-3b80-4c61-bde7-8473a3fdd59c,964db03f-9340-4fad-9c4a-d56bd6016237,2020-03-01 01:35:14.886771+00:00,1,brioche
e593562b-c249-459a-9dc9-06df056e3d78,964db03f-9340-4fad-9c4a-d56bd6016237,2020-03-01 02:07:26.602186+00:00,2,drink
9ea8ffe3-3e59-434b-81da-db7d6db2094b,964db03f-9340-4fad-9c4a-d56bd6016237,2020-03-01 03:04:45.802703+00:00,2,cookie
26d3e222-33b7-4b63-8bee-f1607fac89fe,964db03f-9340-4fad-9c4a-d56bd6016237,2020-03-01 04:22:32.692595+00:00,1,brioche
fd11b3ff-991b-449e-b9ad-d00aec648a9b,964db03f-9340-4fad-9c4a-d56bd6016237,2020-03-01 05:56:45.155391+00:00,3,brioche
c976ec61-a4c3-4af7-914a-36bf47334b73,964db03f-9340-4fad-9c4a-d56bd6016237,2020-03-01 06:45:37.777976+00:00,5,croissant
c0241ac1-49d8-4188-900d-cc4fa5e65ec4,964db03f-9340-4fad-9c4a-d56bd6016237,2020-03-01 07:01:25.295996+00:00,3,cookie
0dd7cac2-8a10-45c5-b4b0-738e3e040782,964db03f-9340-4fad-9c4a-d56bd6016237,2020-03-01 08:54:23.875408+00:00,2,drink
9baa0785-38f2-47f0-b831-4c26b23f4738,964db03f-9340-4fad-9c4a-d56bd6016237,2020-03-01 09:52:21.740818+00:00,5,cookie
018c0313-a139-4d49-b13e-90352efcd60c,964db03f-9340-4fad-9c4a-d56bd6016237,2020-03-01 10:03:52.620769+00:00,4,bread
a265df65-0d56-4000-b145-6a6cf42323d9,964db03f-9340-4fad-9c4a-d56bd6016237,2020-03-01 11:59:31.245248+00:00,2,brioche
8c813e53-97b6-4461-ac76-04c1177d8b26,964db03f-9340-4fad-9c4a-d56bd6016237,2020-03-01 12:49:52.395163+00:00,2,brioche
b998e2d3-6d1e-4d7d-9402-96ee81e6935f,964db03f-9340-4fad-9c4a-d56bd6016237,2020-03-01 13:28:01.467291+00:00,2,drink
2d2ae08e-6c8c-4d0e-beb3-66fd3291bc95,964db03f-9340-4fad-9c4a-d56bd6016237,2020-03-01 14:36:21.064445+00:00,3,cookie
a2b6eddc-f7bc-40ef-b2c1-e68e93906193,964db03f-9340-4fad-9c4a-d56bd6016237,2020-03-01 15:12:05.043617+00:00,4,bread
65f35984-5c0d-4fcc-b8f9-60bdf37599aa,964db03f-9340-4fad-9c4a-d56bd6016237,2020-03-01 16:22:39.782959+00:00,4,croissant
bc243f9f-9c01-4262-815a-da5d6c35e33c,964db03f-9340-4fad-9c4a-d56bd6016237,2020-03-01 17:26:00.349768+00:00,2,croissant
6d69e88c-61a4-4230-830d-cc74051256b8,964db03f-9340-4fad-9c4a-d56bd6016237,2020-03-01 18:51:14.551957+00:00,3,donut
ba059e68-8d87-47be-a71d-d0f18985c98d,964db03f-9340-4fad-9c4a-d56bd6016237,2020-03-01 19:10:32.517544+00:00,4,croissant
6009a05a-4881-4b98-b41f-55454e4c01f6,964db03f-9340-4fad-9c4a-d56bd6016237,2020-03-01 20:33:43.711564+00:00,4,bread
782152e0-b701-4925-a2fb-e906554ed52c,964db03f-9340-4fad-9c4a-d56bd6016237,2020-03-01 21:11:44.576696+00:00,2,bread
baf9706d-802d-4cc4-9c95-6e3103491b41,964db03f-9340-4fad-9c4a-d56bd6016237,2020-03-01 22:43:31.243353+00:00,4,croissant
6507c321-f0b6-444f-aa73-30b3ecfa1700,964db03f-9340-4fad-9c4a-d56bd6016237,2020-03-01 23:58:13.773492+00:00,3,croissant
fcce3ef8-a41b-44c2-8ecc-b0ab7d5338ca,964db03f-9340-4fad-9c4a-d56bd6016237,2020-03-02 00:35:17.912420+00:00,4,bread
6283f50f-1fdd-420a-abee-30cffe12ace5,964db03f-9340-4fad-9c4a-d56bd6016237,2020-03-02 01:55:55.666411+00:00,2,brioche
41589d90-f504-4d15-afb1-38c2c350bf4f,964db03f-9340-4fad-9c4a-d56bd6016237,2020-03-02 02:46:16.573364+00:00,3,donut
b040d75a-a28e-4841-bd16-5228b589717e,964db03f-9340-4fad-9c4a-d56bd6016237,2020-03-02 03:22:05.449947+00:00,1,drink
bc547d54-6c8d-4840-ad30-555662a53193,964db03f-9340-4fad-9c4a-d56bd6016237,2020-03-02 04:14:48.450522+00:00,4,bread
a1861de1-5c85-458c-9029-0d6bebe55cc4,964db03f-9340-4fad-9c4a-d56bd6016237,2020-03-02 05:42:23.612239+00:00,1,drink
42e6918c-25db-4e8d-a534-9425aa69b7f7,964db03f-9340-4fad-9c4a-d56bd6016237,2020-03-02 06:36:19.568288+00:00,2,cookie
f3a7bd25-940e-4521-9a26-755a3f569381,964db03f-9340-4fad-9c4a-d56bd6016237,2020-03-02 07:39:45.376798+00:00,2,bread
a4f73a30-17a1-4a60-855e-6efb1de20f2d,964db03f-9340-4fad-9c4a-d56bd6016237,2020-03-02 08:42:41.794082+00:00,4,croissant
e6a7a6b0-f961-4ae2-960e-9c1ab4c0fd18,964db03f-9340-4fad-9c4a-d56bd6016237,2020-03-02 09:04:49.253940+00:00,2,croissant
40bc2b56-6d47-42f8-946a-77af2a736a67,964db03f-9340-4fad-9c4a-d56bd6016237,2020-03-02 10:41:30.612476+00:00,5,donut
960952eb-61fe-4f28-a2fb-8d66a8928ad4,964db03f-9340-4fad-9c4a-d56bd6016237,2020-03-02 11:18:28.723919+00:00,4,drink
a2dcb574-1bf9-42a5-96c0-68e8de922cf1,964db03f-9340-4fad-9c4a-d56bd6016237,2020-03-02 12:34:21.402103+00:00,3,brioche
ee1595cf-35a3-4765-bfac-c63e44de950f,964db03f-9340-4fad-9c4a-d56bd6016237,2020-03-02 13:44:53.844904+00:00,3,bread
7de1936b-d0fe-44f1-ab1c-2d3dfcadb3fd,964db03f-9340-4fad-9c4a-d56bd6016237,2020-03-02 14:00:05.682879+00:00,1,drink
a78eb37c-6ab6-4dbf-8663-e8bb6af7895b,964db03f-9340-4fad-9c4a-d56bd6016237,2020-03-02 15:17:18.024940+00:00,4,brioche
b43c6fef-2fb7-49bd-9fe9-27502d28a2a8,964db03f-9340-4fad-9c4a-d56bd6016237,2020-03-02 16:08:03.595424+00:00,4,brioche
735e8153-1c38-42e8-b2cf-cd6380ab4b7f,964db03f-9340-4fad-9c4a-d56bd6016237,2020-03-02 17:34:01.531683+00:00,2,brioche
2ec75a83-bffa-4a4f-8f19-72db3370dc1d,964db03f-9340-4fad-9c4a-d56bd6016237,2020-03-02 18:48:33.043054+00:00,2,cookie
68a69e71-df22-4246-a6fb-61d3fba26c21,964db03f-9340-4fad-9c4a-d56bd6016237,2020-03-02 19:26:26.629619+00:00,5,bread
146e6a4f-2a87-4e02-a2ed-50b9de4cf8bc,964db03f-9340-4fad-9c4a-d56bd6016237,2020-03-02 20:17:35.252107+00:00,4,bread
07983bc0-5797-44ba-9073-80cb46d9e34d,964db03f-9340-4fad-9c4a-d56bd6016237,2020-03-02 21:35:08.327040+00:00,4,croissant
0fa1659f-026f-45f6-99ce-a0c3c2b2547d,d045dd1c-6684-49e3-b1f8-343ea99f1318,2020-03-02 22:15:57.890701+00:00,1,drink
0ab74b5d-fcd4-4681-8a09-7b17951b2503,d045dd1c-6684-49e3-b1f8-343ea99f1318,2020-03-02 23:05:48.630663+00:00,5,bread
fca54576-8523-43d7-9a5d-376e602ba256,d045dd1c-6684-49e3-b1f8-343ea99f1318,2020-03-03 00:57:43.408365+00:00,3,croissant
9ab8180f-5647-4889-81c4-f6187925b7d5,d045dd1c-6684-49e3-b1f8-343ea99f1318,2020-03-03 01:25:46.033037+00:00,3,drink
50b281c0-ffdb-42ee-97d3-ec63e3e103bb,d045dd1c-6684-49e3-b1f8-343ea99f1318,2020-03-03 02:49:00.649891+00:00,3,drink
0ea761a6-9c5d-4b8d-a0e1-2973660237ed,d045dd1c-6684-49e3-b1f8-343ea99f1318,2020-03-03 03:58:31.098219+00:00,3,bread
b2c454a4-dedb-4ef9-b4f8-a91300ca280f,d045dd1c-6684-49e3-b1f8-343ea99f1318,2020-03-03 04:24:06.510084+00:00,2,bread
87d75309-de77-4156-9f76-043f9a16b853,d045dd1c-6684-49e3-b1f8-343ea99f1318,2020-03-03 05:16:46.083109+00:00,2,cookie
a8ac1ab1-afa9-402c-9e4c-4be773b0e73d,d045dd1c-6684-49e3-b1f8-343ea99f1318,2020-03-03 06:52:11.471045+00:00,5,croissant
fc76627b-00cd-41a8-b01c-8108a904babd,d045dd1c-6684-49e3-b1f8-343ea99f1318,2020-03-03 07:38:17.063728+00:00,3,bread
0bb68d75-df99-4726-9c36-6f5ca23f3abf,d045dd1c-6684-49e3-b1f8-343ea99f1318,2020-03-03 08:58:10.551276+00:00,3,drink
7c0a8f90-9b54-4227-bbca-7ff671be0c72,d045dd1c-6684-49e3-b1f8-343ea99f1318,2020-03-03 09:24:00.594687+00:00,5,bread
ee75b34e-f067-4ba1-ad8b-ebc3592c6a0e,d045dd1c-6684-49e3-b1f8-343ea99f1318,2020-03-03 10:56:29.319400+00:00,4,drink
19b7775f-e7bb-4e42-b312-6a11db6ae7db,d045dd1c-6684-49e3-b1f8-343ea99f1318,2020-03-03 11:44:03.399875+00:00,3,donut
deaf0fa9-24a6-4a6c-b641-d44931f09021,d045dd1c-6684-49e3-b1f8-343ea99f1318,2020-03-03 12:31:12.195944+00:00,5,drink
7f780428-20bb-459a-8820-7d4e812fdd98,d045dd1c-6684-49e3-b1f8-343ea99f1318,2020-03-03 13:47:48.554738+00:00,3,drink
dff1f5e3-fcba-4c80-8c7a-a939ff0dd3c2,d045dd1c-6684-49e3-b1f8-343ea99f1318,2020-03-03 14:28:00.490963+00:00,4,bread
3dabba61-8a69-4650-a9a2-e9cd7b6f65df,d045dd1c-6684-49e3-b1f8-343ea99f1318,2020-03-03 15:14:36.081594+00:00,2,drink
6f552c9e-1b00-4f9f-96e5-00e5b32d3c81,d045dd1c-6684-49e3-b1f8-343ea99f1318,2020-03-03 16:59:36.101295+00:00,1,brioche
e713f930-5395-4e5c-add0-ce02edd32be9,d045dd1c-6684-49e3-b1f8-343ea99f1318,2020-03-03 17:23:00.563336+00:00,3,brioche
79eef2c0-aa7a-407d-81f3-f1b9b81bda1d,d045dd1c-6684-49e3-b1f8-343ea99f1318,2020-03-03 18:57:05.413966+00:00,1,drink
a23036d2-88d7-447c-ac38-704b22c0eee9,d045dd1c-6684-49e3-b1f8-343ea99f1318,2020-03-03 19:43:31.491863+00:00,1,drink
ee892190-394b-4d35-9f37-7ff855327432,d045dd1c-6684-49e3-b1f8-343ea99f1318,2020-03-03 20:34:33.499509+00:00,5,bread
e900b66f-6083-4f88-97dd-a51ea4dc4d4e,d045dd1c-6684-49e3-b1f8-343ea99f1318,2020-03-03 21:43:02.793843+00:00,4,drink
f75c0751-8fd8-4cb4-88fb-2050a460cf44,d045dd1c-6684-49e3-b1f8-343ea99f1318,2020-03-03 22:51:22.107642+00:00,2,brioche
1672380e-4a7d-4fa1-9d9d-db864253fb27,d045dd1c-6684-49e3-b1f8-343ea99f1318,2020-03-03 23:06:40.977081+00:00,3,drink
be9f44cb-302b-4401-afed-098b979a7368,d045dd1c-6684-49e3-b1f8-343ea99f1318,2020-03-04 00:56:31.227636+00:00,5,cookie
f43dd740-5039-4a8c-9a73-dae0209e6e48,d045dd1c-6684-49e3-b1f8-343ea99f1318,2020-03-04 01:22:48.702388+00:00,1,cookie
309a8327-891d-47fe-970e-287a0fd7b0f2,d045dd1c-6684-49e3-b1f8-343ea99f1318,2020-03-04 02:50:49.626948+00:00,4,cookie
ade6bf3c-cc2a-461d-9d72-33dbc572aa5b,d045dd1c-6684-49e3-b1f8-343ea99f1318,2020-03-04 03:56:02.130595+00:00,2,donut
38de44f1-973d-4855-9a03-9d06a9eb0bf9,d045dd1c-6684-49e3-b1f8-343ea99f1318,2020-03-04 04:06:23.709322+00:00,1,donut
250b1c5a-50e0-4a81-b5ea-1023da3465d9,d045dd1c-6684-49e3-b1f8-343ea99f1318,2020-03-04 05:48:58.132657+00:00,3,brioche
25bdab14-74ae-4b96-ae13-3adc7ff5088e,d045dd1c-6684-49e3-b1f8-343ea99f1318,2020-03-04 06:36:05.275489+00:00,2,drink
d3e78237-cd21-44d3-9960-6af0aa546c79,d045dd1c-6684-49e3-b1f8-343ea99f1318,2020-03-04 07:42:10.680514+00:00,5,cookie
b04816fd-fd86-4a13-809b-d8134f13823b,d045dd1c-6684-49e3-b1f8-343ea99f1318,2020-03-04 08:07:24.470446+00:00,5,croissant
7eb9fe2d-3738-4270-9424-d9f3a18e4440,d045dd1c-6684-49e3-b1f8-343ea99f1318,2020-03-04 09:17:29.382378+00:00,4,bread
27177e59-5548-4613-8f69-ef2dfb2c2c83,d045dd1c-6684-49e3-b1f8-343ea99f1318,2020-03-04 10:49:40.384900+00:00,2,drink
b34de663-399e-4d08-8f77-98ccef36feb1,d045dd1c-6684-49e3-b1f8-343ea99f1318,2020-03-04 11:44:08.612068+00:00,2,croissant
fc00f3e7-4c91-4f0e-a44d-852cba3696cc,d045dd1c-6684-49e3-b1f8-343ea99f1318,2020-03-04 12:48:54.043783+00:00,2,bread
6c24dcaa-5660-42e1-a46c-d3c18c45fc9e,d045dd1c-6684-49e3-b1f8-343ea99f1318,2020-03-04 13:40:40.435270+00:00,3,croissant
ba0c96e2-8720-400f-9263-01a0641cb619,d045dd1c-6684-49e3-b1f8-343ea99f1318,2020-03-04 14:16:58.943532+00:00,2,drink
18e9ef77-64ce-4589-8c4a-62badb335860,d045dd1c-6684-49e3-b1f8-343ea99f1318,2020-03-04 15:07:51.242460+00:00,5,bread
4dd7cb5c-b5a7-4756-af40-55ddd98d213c,d045dd1c-6684-49e3-b1f8-343ea99f1318,2020-03-04 16:27:27.117001+00:00,2,donut
7b814ce1-b22a-4428-b11f-4ae4233731e0,d045dd1c-6684-49e3-b1f8-343ea99f1318,2020-03-04 17:17:27.893650+00:00,2,brioche
32167340-bf95-4f33-8dea-6f5237d7cab3,d045dd1c-6684-49e3-b1f8-343ea99f1318,2020-03-04 18:44:07.148028+00:00,1,cookie
1a1940e4-935f-46e2-9b2c-1379b9d859f5,d045dd1c-6684-49e3-b1f8-343ea99f1318,2020-03-04 19:40:41.944102+00:00,2,croissant
adf01fe0-6d57-4692-bb92-4354f34d4b13,d045dd1c-6684-49e3-b1f8-343ea99f1318,2020-03-04 20:50:29.976328+00:00,1,bread
2dfc6b9c-794f-4bef-b962-77e55b078b11,d045dd1c-6684-49e3-b1f8-343ea99f1318,2020-03-04 21:56:42.227507+00:00,1,donut
6f0eebef-97e8-4057-96a7-01aba66ccf43,d045dd1c-6684-49e3-b1f8-343ea99f1318,2020-03-04 22:58:11.017104+00:00,4,brioche
658a8377-3da8-437a-9e69-d7ef08b3c111,d045dd1c-6684-49e3-b1f8-343ea99f1318,2020-03-04 23:29:19.053218+00:00,5,brioche
c69e17c9-6018-4b17-bec5-715ca71db3a6,d045dd1c-6684-49e3-b1f8-343ea99f1318,2020-03-05 00:41:30.461460+00:00,1,croissant
61d15db2-a67a-470a-9175-3cd1dd69cf6b,d045dd1c-6684-49e3-b1f8-343ea99f1318,2020-03-05 01:16:30.777745+00:00,4,cookie
1527b2ac-1ddb-4f15-9eb8-586302f86044,d045dd1c-6684-49e3-b1f8-343ea99f1318,2020-03-05 02:07:19.385627+00:00,5,brioche
fcc2ed18-92ae-413c-963b-d56405e514ff,d045dd1c-6684-49e3-b1f8-343ea99f1318,2020-03-05 03:34:21.470036+00:00,3,drink
97c6eb3c-cb5a-4c0e-9834-a40dbecfdded,d045dd1c-6684-49e3-b1f8-343ea99f1318,2020-03-05 04:10:51.947738+00:00,4,drink
9248c8c8-4c61-4a43-af04-1c76b3e6922d,d045dd1c-6684-49e3-b1f8-343ea99f1318,2020-03-05 05:07:30.851175+00:00,3,bread
cb93dab6-dcb9-4394-a8ac-64c4b6b98240,d045dd1c-6684-49e3-b1f8-343ea99f1318,2020-03-05 06:32:15.039841+00:00,4,drink
d1453eb7-8e59-4579-a4cf-d9b9050e1961,d045dd1c-6684-49e3-b1f8-343ea99f1318,2020-03-05 07:32:11.100443+00:00,5,croissant
95b04f8a-d64f-40b5-84d6-b400105dd35c,d045dd1c-6684-49e3-b1f8-343ea99f1318,2020-03-05 08:32:20.334429+00:00,1,brioche
1e0914d2-e5c9-43b1-a898-dac4f736df7e,d045dd1c-6684-49e3-b1f8-343ea99f1318,2020-03-05 09:10:50.391024+00:00,5,drink
727dda84-8e02-4ef0-815c-e9f42e106355,d045dd1c-6684-49e3-b1f8-343ea99f1318,2020-03-05 10:48:01.846699+00:00,1,bread
a71372ab-34cb-4b9a-9338-82b320fa15b7,d045dd1c-6684-49e3-b1f8-343ea99f1318,2020-03-05 11:09:40.356943+00:00,5,cookie
15a905b4-08f6-4b3f-80c9-1cd8d9f8a24e,d045dd1c-6684-49e3-b1f8-343ea99f1318,2020-03-05 12:58:47.742365+00:00,5,cookie
2bee2fff-8b5f-43fe-b75d-dff45d123e9b,d045dd1c-6684-49e3-b1f8-343ea99f1318,2020-03-05 13:25:22.984778+00:00,1,brioche
f21f9823-f23b-4efb-8bd1-8d4a4cf41edd,d045dd1c-6684-49e3-b1f8-343ea99f1318,2020-03-05 14:31:09.995058+00:00,3,drink
93baf4a3-23cd-4a44-b1e6-4bce88baef4a,d045dd1c-6684-49e3-b1f8-343ea99f1318,2020-03-05 15:29:25.594170+00:00,3,donut
5a24591d-ff2e-4955-bc6b-c66be92915a3,d045dd1c-6684-49e3-b1f8-343ea99f1318,2020-03-05 16:36:22.219681+00:00,5,brioche
d1dc01e5-a9a1-4475-9958-a981b01c337e,d045dd1c-6684-49e3-b1f8-343ea99f1318,2020-03-05 17:02:41.047990+00:00,1,brioche
d527189b-db28-45da-8cb9-be7b24444f64,d045dd1c-6684-49e3-b1f8-343ea99f1318,2020-03-05 18:12:54.766587+00:00,2,donut
5bebb1c7-977f-499a-b74e-65388d548038,d045dd1c-6684-49e3-b1f8-343ea99f1318,2020-03-05 19:16:38.624588+00:00,5,croissant
42bb8f63-4145-4abc-8cc2-e0f013093c17,d045dd1c-6684-49e3-b1f8-343ea99f1318,2020-03-05 20:22:54.416327+00:00,2,croissant
4111e681-f1da-433d-9550-239074c0db3e,d045dd1c-6684-49e3-b1f8-343ea99f1318,2020-03-05 21:40:35.492414+00:00,2,donut
bb909511-a12b-41ae-9210-17873429ce3b,d045dd1c-6684-49e3-b1f8-343ea99f1318,2020-03-05 22:16:09.838875+00:00,2,drink
a5d453c4-a845-4ee9-904a-da375f44b716,d045dd1c-6684-49e3-b1f8-343ea99f1318,2020-03-05 23:49:13.829550+00:00,5,brioche
50fcfdaa-274b-469e-9252-44876b709287,d045dd1c-6684-49e3-b1f8-343ea99f1318,2020-03-06 00:59:32.816369+00:00,4,croissant
3f5c022a-9a86-413d-b6c9-dd3806a2074c,d045dd1c-6684-49e3-b1f8-343ea99f1318,2020-03-06 01:04:39.088549+00:00,1,donut
6822d128-8c61-459f-af19-43901c285022,d045dd1c-6684-49e3-b1f8-343ea99f1318,2020-03-06 02:03:57.453693+00:00,1,cookie
45f3e8a4-c72f-486e-9561-6496e8c44e4c,d045dd1c-6684-49e3-b1f8-343ea99f1318,2020-03-06 03:08:46.786679+00:00,2,cookie
fabf8aef-608d-4b54-9913-0b900286675d,d045dd1c-6684-49e3-b1f8-343ea99f1318,2020-03-06 04:58:07.584549+00:00,4,bread
2cfcbb3f-1f9d-4ccd-acf6-78c0c8613afa,d045dd1c-6684-49e3-b1f8-343ea99f1318,2020-03-06 05:31:35.312424+00:00,3,donut
1875589a-7d57-451f-8e8a-5306d2438d1b,d045dd1c-6684-49e3-b1f8-343ea99f1318,2020-03-06 06:31:44.256428+00:00,5,cookie
195c663b-9b82-4430-8563-cafe8d31df34,d045dd1c-6684-49e3-b1f8-343ea99f1318,2020-03-06 07:53:47.652876+00:00,2,cookie
2e408d57-63ba-4c3d-807a-be48f24e7fd6,d045dd1c-6684-49e3-b1f8-343ea99f1318,2020-03-06 08:20:42.622397+00:00,5,donut
6714272a-d981-4a41-a1cc-233c9838d168,d045dd1c-6684-49e3-b1f8-343ea99f1318,2020-03-06 09:28:36.702728+00:00,2,cookie
b695c2bf-8379-45ed-afc8-d769026e6d11,d045dd1c-6684-49e3-b1f8-343ea99f1318,2020-03-06 10:09:19.768617+00:00,2,brioche
44725ab7-bc44-4417-914b-a9bb60f91495,d045dd1c-6684-49e3-b1f8-343ea99f1318,2020-03-06 11:03:10.312652+00:00,3,drink
6b1205aa-9bd3-4580-ad9f-835f3fc5c786,8d605936-0380-4b70-8d03-c91e4f8d5238,2020-03-06 12:42:24.432345+00:00,2,croissant
77fa7bbc-cc68-453e-9a9f-d637fc7aa2dc,8d605936-0380-4b70-8d03-c91e4f8d5238,2020-03-06 13:30:08.025284+00:00,3,croissant
e1a29ffa-b7ed-40cf-b111-be9e8545b11f,8d605936-0380-4b70-8d03-c91e4f8d5238,2020-03-06 14:55:25.723041+00:00,2,cookie
f28c635f-1641-4960-9ba0-bdeca2b8fdcc,8d605936-0380-4b70-8d03-c91e4f8d5238,2020-03-06 15:18:20.381409+00:00,3,bread
bade33a0-13a2-4a82-9458-771da27a2bda,8d605936-0380-4b70-8d03-c91e4f8d5238,2020-03-06 16:14:24.132266+00:00,1,brioche
be501500-15a7-4ed9-8eb2-858f9347f486,8d605936-0380-4b70-8d03-c91e4f8d5238,2020-03-06 17:17:09.063112+00:00,4,bread
ad5209e7-6c8a-40c1-b2ca-2002f6508852,8d605936-0380-4b70-8d03-c91e4f8d5238,2020-03-06 18:30:31.256504+00:00,2,croissant
ff79f0f4-af64-4572-83d7-cafc7f702973,8d605936-0380-4b70-8d03-c91e4f8d5238,2020-03-06 19:40:36.386997+00:00,5,drink
9dc4f583-038e-47af-a7cc-fa381febc9af,8d605936-0380-4b70-8d03-c91e4f8d5238,2020-03-06 20:11:24.662414+00:00,1,drink
bfea3d2a-88c9-42ec-b3dd-0cfb6ccb6ae1,8d605936-0380-4b70-8d03-c91e4f8d5238,2020-03-06 21:20:42.218254+00:00,5,drink
72dadc21-9b7c-4539-8ad7-d77c9bf41cc6,8d605936-0380-4b70-8d03-c91e4f8d5238,2020-03-06 22:57:52.730582+00:00,5,brioche
d6e38103-5df7-4cc1-933b-385e2cc09f87,8d605936-0380-4b70-8d03-c91e4f8d5238,2020-03-06 23:07:59.947682+00:00,3,bread
2ba4d656-610c-4ade-bed9-9a6b6c3786c2,8d605936-0380-4b70-8d03-c91e4f8d5238,2020-03-07 00:22:23.821316+00:00,1,cookie
d4ec0595-3ff0-4d13-add7-1599e9fedd48,8d605936-0380-4b70-8d03-c91e4f8d5238,2020-03-07 01:32:20.830641+00:00,1,cookie
43c6b532-4b25-4483-bbae-0f3b4c96edc2,8d605936-0380-4b70-8d03-c91e4f8d5238,2020-03-07 02:12:47.037401+00:00,5,croissant
edda1677-4e08-4b81-ac4d-6c0037abaaf8,8d605936-0380-4b70-8d03-c91e4f8d5238,2020-03-07 03:55:59.201198+00:00,5,bread
9e24c724-e47a-4b03-b68a-e6fbef775124,8d605936-0380-4b70-8d03-c91e4f8d5238,2020-03-07 04:50:54.066409+00:00,1,cookie
541bf89c-75d9-407c-9d93-63ea0182144d,8d605936-0380-4b70-8d03-c91e4f8d5238,2020-03-07 05:17:54.062339+00:00,1,bread
2fa80808-b8f1-4861-a3e3-e73b59875c7d,8d605936-0380-4b70-8d03-c91e4f8d5238,2020-03-07 06:24:07.445119+00:00,1,bread
15b1c4a6-3292-45ba-bdf6-bc1d6e4928ac,8d605936-0380-4b70-8d03-c91e4f8d5238,2020-03-07 07:31:44.747625+00:00,2,croissant
01c4e229-7cc7-4b17-a9c1-84ce1fb426c0,8d605936-0380-4b70-8d03-c91e4f8d5238,2020-03-07 08:09:20.269442+00:00,3,brioche
4c9df049-5fd2-4ec3-a536-3c77787fb578,8d605936-0380-4b70-8d03-c91e4f8d5238,2020-03-07 09:21:52.184512+00:00,2,donut
fd474d95-1bd3-4f41-84fc-c054cfc15689,8d605936-0380-4b70-8d03-c91e4f8d5238,2020-03-07 10:26:18.859448+00:00,4,brioche
6f180343-bf41-4c98-9a8e-8f0523cecf1e,8d605936-0380-4b70-8d03-c91e4f8d5238,2020-03-07 11:00:20.916787+00:00,2,bread
2238dfc6-0a4e-4ccf-88ef-30ff308777b4,8d605936-0380-4b70-8d03-c91e4f8d5238,2020-03-07 12:23:40.365619+00:00,3,bread
f2c8c25e-32f1-427c-aa8c-662d290a3d67,8d605936-0380-4b70-8d03-c91e4f8d5238,2020-03-07 13:28:45.461947+00:00,3,bread
7edd8483-8cd4-47bc-bd33-8ca26bcce72a,8d605936-0380-4b70-8d03-c91e4f8d5238,2020-03-07 14:47:59.352308+00:00,2,cookie
e1bb7399-c7c4-42a0-83af-3d93c0476d80,8d605936-0380-4b70-8d03-c91e4f8d5238,2020-03-07 15:23:59.553689+00:00,4,brioche
caef3c9e-1b9d-4f1b-b52a-6cbf1c17729f,8d605936-0380-4b70-8d03-c91e4f8d5238,2020-03-07 16:01:16.147944+00:00,2,cookie
af374e8c-c473-4700-837e-7f6080000fac,8d605936-0380-4b70-8d03-c91e4f8d5238,2020-03-07 17:14:11.417766+00:00,3,croissant
020e2e6a-bcc8-409b-98da-ae8cf9f7e004,8d605936-0380-4b70-8d03-c91e4f8d5238,2020-03-07 18:26:03.582654+00:00,3,cookie
6dcfcb58-c2ca-45ed-9526-3fef7c65dbfb,8d605936-0380-4b70-8d03-c91e4f8d5238,2020-03-07 19:14:51.890277+00:00,2,drink
47f8b6f1-3fdd-4e2b-afd6-129a82e09d39,8d605936-0380-4b70-8d03-c91e4f8d5238,2020-03-07 20:46:00.219377+00:00,3,drink
6ddd5c02-d213-4565-aa94-a1d43f529dae,8d605936-0380-4b70-8d03-c91e4f8d5238,2020-03-07 21:11:54.284853+00:00,1,drink
2e625a6f-9c71-4439-8098-f50dbaff361a,8d605936-0380-4b70-8d03-c91e4f8d5238,2020-03-07 22:11:19.208386+00:00,5,drink
1ed68b71-3ab8-4c3f-a612-e9e5a26d18f6,8d605936-0380-4b70-8d03-c91e4f8d5238,2020-03-07 23:07:56.264926+00:00,1,cookie
256df639-edd9-436e-b132-8995fd8ac696,8d605936-0380-4b70-8d03-c91e4f8d5238,2020-03-08 00:25:34.690717+00:00,5,brioche
615eca80-0d0b-4920-9d46-0c9117478b5c,8d605936-0380-4b70-8d03-c91e4f8d5238,2020-03-08 01:24:26.269886+00:00,3,drink
38c6430f-3b3e-47bd-bae9-6dd3a2209a31,8d605936-0380-4b70-8d03-c91e4f8d5238,2020-03-08 02:20:10.240265+00:00,4,bread
0d394b57-a4d4-4f15-ad54-a50182866d40,8d605936-0380-4b70-8d03-c91e4f8d5238,2020-03-08 03:18:15.443964+00:00,3,cookie
b62a7941-59dc-4e0f-b168-5db847d28391,8d605936-0380-4b70-8d03-c91e4f8d5238,2020-03-08 04:25:05.067120+00:00,3,bread
0d586ee2-0023-4f70-8a77-b5cc2e874651,8d605936-0380-4b70-8d03-c91e4f8d5238,2020-03-08 05:39:37.550726+00:00,3,brioche
e892464d-47b8-45fa-b8d8-cdd6490a886c,8d605936-0380-4b70-8d03-c91e4f8d5238,2020-03-08 06:36:23.478564+00:00,4,brioche
5d13a906-7dc4-412b-b2c5-a2da40944f95,8d605936-0380-4b70-8d03-c91e4f8d5238,2020-03-08 07:20:03.415730+00:00,1,bread
8d40aeb2-aed6-40cc-837f-5347ab402561,8d605936-0380-4b70-8d03-c91e4f8d5238,2020-03-08 08:46:13.669120+00:00,2,cookie
5c83b98e-cf5e-4840-bdc5-51bb5c4e3b00,8d605936-0380-4b70-8d03-c91e4f8d5238,2020-03-08 09:44:34.555272+00:00,5,donut
a676ace1-3cfe-48e9-9f20-ac069ace8631,8d605936-0380-4b70-8d03-c91e4f8d5238,2020-03-08 10:16:33.409008+00:00,5,croissant
21677dca-1b3a-454c-a31f-22121654c83f,8d605936-0380-4b70-8d03-c91e4f8d5238,2020-03-08 11:37:46.411062+00:00,5,bread
e9846baa-f7e4-4c8c-9628-e4290a81870a,8d605936-0380-4b70-8d03-c91e4f8d5238,2020-03-08 12:53:02.548946+00:00,2,brioche
19404d24-eced-4c30-b21d-f83cb46499f4,8d605936-0380-4b70-8d03-c91e4f8d5238,2020-03-08 13:04:29.566564+00:00,5,donut
796512e3-b9b0-44ac-8d2d-8efd57c8294c,8d605936-0380-4b70-8d03-c91e4f8d5238,2020-03-08 14:59:22.720614+00:00,2,donut
20b99830-0b37-4468-a757-1245b8845902,8d605936-0380-4b70-8d03-c91e4f8d5238,2020-03-08 15:11:30.144219+00:00,5,drink
c2651976-e088-4267-a43f-05c840a582f7,8d605936-0380-4b70-8d03-c91e4f8d5238,2020-03-08 16:51:12.377859+00:00,5,cookie
a13ecf15-72cf-4b0e-9db2-f6cee5190530,8d605936-0380-4b70-8d03-c91e4f8d5238,2020-03-08 17:43:02.373148+00:00,4,bread
ee6bcb89-8615-40f6-ab43-db407b9a21c4,8d605936-0380-4b70-8d03-c91e4f8d5238,2020-03-08 18:57:08.799226+00:00,1,brioche
f7ad3965-b25b-46dc-862e-9af399622263,8d605936-0380-4b70-8d03-c91e4f8d5238,2020-03-08 19:07:44.163252+00:00,1,donut
b19d1860-f8f4-4e49-8b5d-2aff0f9027d5,8d605936-0380-4b70-8d03-c91e4f8d5238,2020-03-08 20:11:24.687300+00:00,4,croissant
8373edf3-dec9-4438-884f-f1a7af481fc0,8d605936-0380-4b70-8d03-c91e4f8d5238,2020-03-08 21:58:17.538303+00:00,2,croissant
8fffe845-6257-4e9c-8260-1132c02fb24f,8d605936-0380-4b70-8d03-c91e4f8d5238,2020-03-08 22:46:45.739825+00:00,4,donut
00ebf725-2f1e-48dc-b4f9-02b74580a4ae,8d605936-0380-4b70-8d03-c91e4f8d5238,2020-03-08 23:09:36.010999+00:00,2,donut
edba84d1-e110-4d91-8244-bc44b25c5b50,8d605936-0380-4b70-8d03-c91e4f8d5238,2020-03-09 00:47:26.328758+00:00,4,donut
4242fc5c-866b-429a-b877-e049b52f5e0d,8d605936-0380-4b70-8d03-c91e4f8d5238,2020-03-09 01:18:12.276617+00:00,2,cookie
1e7d8f7b-8d59-434d-84bd-604fb5502e2b,8d605936-0380-4b70-8d03-c91e4f8d5238,2020-03-09 02:10:15.992749+00:00,1,donut
a3bdd4d6-0a01-48b6-8ab6-3e0f3cfbc642,8d605936-0380-4b70-8d03-c91e4f8d5238,2020-03-09 03:08:53.302115+00:00,3,brioche
0d3069bf-ca66-48a8-9f96-048a453b37f5,8d605936-0380-4b70-8d03-c91e4f8d5238,2020-03-09 04:38:32.687248+00:00,2,brioche
a60da1aa-005b-4f73-9dbe-4a3c88db3692,8d605936-0380-4b70-8d03-c91e4f8d5238,2020-03-09 05:20:50.862836+00:00,5,cookie
b4992393-f249-4816-954f-9eb453167cb5,8d605936-0380-4b70-8d03-c91e4f8d5238,2020-03-09 06:53:02.350996+00:00,3,drink
9c8a1631-e5f9-4507-a889-28ad22345eac,8d605936-0380-4b70-8d03-c91e4f8d5238,2020-03-09 07:17:41.623219+00:00,1,drink
5b00f1a0-d2ed-4196-82aa-1c76d0e04655,8d605936-0380-4b70-8d03-c91e4f8d5238,2020-03-09 08:13:09.406534+00:00,3,brioche
89924e2d-0400-4249-b8bb-1616418860b9,8d605936-0380-4b70-8d03-c91e4f8d5238,2020-03-09 09:39:26.343337+00:00,5,bread
61c9815e-b028-4484-beea-c4d3b8fc7513,8d605936-0380-4b70-8d03-c91e4f8d5238,2020-03-09 10:56:44.362696+00:00,3,drink
34c6d620-8d06-43e2-9ab6-2311a261d918,8d605936-0380-4b70-8d03-c91e4f8d5238,2020-03-09 11:49:00.649307+00:00,2,cookie
a13a9da2-94e7-4b2a-b434-02ef44cfa6ba,8d605936-0380-4b70-8d03-c91e4f8d5238,2020-03-09 12:48:27.838660+00:00,4,brioche
b9ede33f-bad4-43e0-bb52-35257230b85b,8d605936-0380-4b70-8d03-c91e4f8d5238,2020-03-09 13:26:02.052826+00:00,2,croissant
759a9725-2e77-4be3-bef7-4fdb17fc2335,8d605936-0380-4b70-8d03-c91e4f8d5238,2020-03-09 14:11:06.100882+00:00,2,brioche
babf3375-f17f-4786-bd92-9cc091d51b06,8d605936-0380-4b70-8d03-c91e4f8d5238,2020-03-09 15:10:49.463912+00:00,3,bread
2d7ffe23-e29f-419c-a9b5-09424f66a914,8d605936-0380-4b70-8d03-c91e4f8d5238,2020-03-09 16:49:02.997123+00:00,5,brioche
6d283989-1271-4873-a4bd-e1a811c7bec9,8d605936-0380-4b70-8d03-c91e4f8d5238,2020-03-09 17:14:42.913804+00:00,4,bread
ba0d3f1f-2325-45b4-86da-f596b96c2da0,8d605936-0380-4b70-8d03-c91e4f8d5238,2020-03-09 18:45:01.599128+00:00,1,donut
054da360-624d-4473-a0bc-6cbc1987e6d0,8d605936-0380-4b70-8d03-c91e4f8d5238,2020-03-09 19:06:36.127854+00:00,1,drink
3f936724-21d6-4c73-8b32-8c23ef470a44,8d605936-0380-4b70-8d03-c91e4f8d5238,2020-03-09 20:46:12.423454+00:00,3,brioche
03748864-9981-428f-a09c-4325f047fbeb,8d605936-0380-4b70-8d03-c91e4f8d5238,2020-03-09 21:47:32.641564+00:00,1,bread
56a0b8b4-d179-4ee0-bc73-1d478ad8c568,8d605936-0380-4b70-8d03-c91e4f8d5238,2020-03-09 22:51:09.792769+00:00,1,brioche
901704a8-c279-4913-bafd-292323a49571,8d605936-0380-4b70-8d03-c91e4f8d5238,2020-03-09 23:53:32.605050+00:00,2,cookie
3e6a41f1-278e-4f60-ba99-bd7654edfb70,8d605936-0380-4b70-8d03-c91e4f8d5238,2020-03-10 00:03:21.151824+00:00,3,drink
d32e4757-056d-4195-9f81-e0978b2a3730,8d605936-0380-4b70-8d03-c91e4f8d5238,2020-03-10 01:02:40.293051+00:00,5,cookie
d623c671-e2ee-464b-82f4-71961a41c57f,8d605936-0380-4b70-8d03-c91e4f8d5238,2020-03-10 02:24:55.024819+00:00,1,brioche
62a876d7-6d58-4f63-ba07-61d90624ebdf,8d605936-0380-4b70-8d03-c91e4f8d5238,2020-03-10 03:08:50.555437+00:00,3,brioche
627e91e1-af35-4bc0-a105-7ec8ebf3ef99,8d605936-0380-4b70-8d03-c91e4f8d5238,2020-03-10 04:41:12.358638+00:00,1,croissant
397a4dc8-1c31-49b9-bda2-f9a02b6838e3,8d605936-0380-4b70-8d03-c91e4f8d5238,2020-03-10 05:06:06.250517+00:00,3,cookie
1e4c3fdf-556e-4ce4-9d9e-4da21387bcda,8d605936-0380-4b70-8d03-c91e4f8d5238,2020-03-10 06:21:37.776637+00:00,1,bread
6dba9754-2d95-498d-a6ae-af299ac0ee26,8d605936-0380-4b70-8d03-c91e4f8d5238,2020-03-10 07:31:49.730306+00:00,5,brioche
e4a35a10-2674-41ff-acdc-d3beadef5777,8d605936-0380-4b70-8d03-c91e4f8d5238,2020-03-10 08:40:02.184186+00:00,3,donut
e01a5b5e-592f-4dc6-8979-3220d14bc771,8d605936-0380-4b70-8d03-c91e4f8d5238,2020-03-10 09:06:14.121226+00:00,4,drink
cf8b4eb2-43f1-4176-aed1-58095e7e2813,8d605936-0380-4b70-8d03-c91e4f8d5238,2020-03-10 10:54:25.144758+00:00,1,bread
260d76ca-fa61-426a-aedf-4f78dc994976,8d605936-0380-4b70-8d03-c91e4f8d5238,2020-03-10 11:46:40.022542+00:00,2,cookie
b8a9f704-725a-410d-a3fe-557c25d4ec19,8d605936-0380-4b70-8d03-c91e4f8d5238,2020-03-10 12:47:48.662662+00:00,4,bread
f5a7620d-6d6d-41e1-93ed-82c51cf85164,8d605936-0380-4b70-8d03-c91e4f8d5238,2020-03-10 13:43:36.147824+00:00,2,bread
2e8f2f7f-20a6-4edf-bea9-5b7352b3a0d1,8d605936-0380-4b70-8d03-c91e4f8d5238,2020-03-10 14:46:03.127489+00:00,3,cookie
f90c9f84-b184-471c-bb35-b9f96c80423a,d20f87d0-4465-4d6b-81fb-18b3c9a7d91f,2020-03-10 15:24:50.199645+00:00,3,brioche
ebee4c80-a769-4b2d-b1ab-f7a0cd591b8c,d20f87d0-4465-4d6b-81fb-18b3c9a7d91f,2020-03-10 16:14:45.269238+00:00,4,donut
7e1b2034-88a5-416f-89eb-56c17f421889,d20f87d0-4465-4d6b-81fb-18b3c9a7d91f,2020-03-10 17:31:56.907957+00:00,2,croissant
6bfdc189-b705-40f8-94ba-0d7c1567f88e,d20f87d0-4465-4d6b-81fb-18b3c9a7d91f,2020-03-10 18:31:37.005404+00:00,2,drink
00bbd543-5c98-4d57-bc35-9ce2165607c0,d20f87d0-4465-4d6b-81fb-18b3c9a7d91f,2020-03-10 19:12:11.806800+00:00,1,cookie
2233212a-f526-4ea2-b953-3cb78ef1a114,d20f87d0-4465-4d6b-81fb-18b3c9a7d91f,2020-03-10 20:55:15.254763+00:00,1,cookie
dde4cd87-d96d-4200-9947-c72a5c613985,d20f87d0-4465-4d6b-81fb-18b3c9a7d91f,2020-03-10 21:46:43.128759+00:00,2,cookie
da72ab37-d5d3-48cf-a4e6-5ffd75dc037d,d20f87d0-4465-4d6b-81fb-18b3c9a7d91f,2020-03-10 22:33:05.401394+00:00,4,brioche
0e4d364e-397e-4bfb-93ec-214935f2e254,d20f87d0-4465-4d6b-81fb-18b3c9a7d91f,2020-03-10 23:44:49.183299+00:00,1,drink
bbab3b0e-60a1-451d-a4a0-aaadb436e8fb,d20f87d0-4465-4d6b-81fb-18b3c9a7d91f,2020-03-11 00:01:34.848777+00:00,4,cookie
a9a9cef7-1b23-45d0-b38f-10f20dd867e5,d20f87d0-4465-4d6b-81fb-18b3c9a7d91f,2020-03-11 01:34:53.785467+00:00,4,donut
259a5d6c-07ba-408b-a87e-09f1ded7945e,d20f87d0-4465-4d6b-81fb-18b3c9a7d91f,2020-03-11 02:21:54.879186+00:00,1,brioche
d4c0df28-91b5-4cb4-8331-bd0d13ba8d24,d20f87d0-4465-4d6b-81fb-18b3c9a7d91f,2020-03-11 03:48:49.360532+00:00,2,brioche
bf83f2d4-23de-47fc-be59-d03578428071,d20f87d0-4465-4d6b-81fb-18b3c9a7d91f,2020-03-11 04:31:38.820136+00:00,3,croissant
71a84189-565b-4785-b8f9-85fc69598983,d20f87d0-4465-4d6b-81fb-18b3c9a7d91f,2020-03-11 05:46:53.028868+00:00,1,cookie
e19383a9-0f5c-465a-a7e8-3b871c7bf8eb,d20f87d0-4465-4d6b-81fb-18b3c9a7d91f,2020-03-11 06:38:32.835414+00:00,5,brioche
6579dc22-02c8-47b6-a90c-9e5180d7f805,d20f87d0-4465-4d6b-81fb-18b3c9a7d91f,2020-03-11 07:49:57.648340+00:00,4,donut
eb4d6df5-420f-49a8-945b-4e9bb61ec0ed,d20f87d0-4465-4d6b-81fb-18b3c9a7d91f,2020-03-11 08:34:19.434481+00:00,3,drink
2824162d-ee73-45d8-ac75-a7653a314e67,d20f87d0-4465-4d6b-81fb-18b3c9a7d91f,2020-03-11 09:16:18.579389+00:00,1,donut
2008bd4c-f379-45df-ba59-607b60a7ca57,d20f87d0-4465-4d6b-81fb-18b3c9a7d91f,2020-03-11 10:44:35.285059+00:00,4,donut
2f068e12-646d-4e33-b80a-402d0e55ced3,d20f87d0-4465-4d6b-81fb-18b3c9a7d91f,2020-03-11 11:49:21.017876+00:00,5,donut
b142de87-d109-4fe5-93c3-fc1bd77a80b8,d20f87d0-4465-4d6b-81fb-18b3c9a7d91f,2020-03-11 12:28:06.369945+00:00,3,drink
61667c7c-d3c6-45a0-a7b4-a019a452f530,d20f87d0-4465-4d6b-81fb-18b3c9a7d91f,2020-03-11 13:09:53.367694+00:00,3,drink
1bc02912-4519-42c4-b1d9-dd326c99ce56,d20f87d0-4465-4d6b-81fb-18b3c9a7d91f,2020-03-11 14:06:15.840222+00:00,3,donut
072e35dd-55e1-4880-98bb-62b7c75f41dc,d20f87d0-4465-4d6b-81fb-18b3c9a7d91f,2020-03-11 15:14:22.307702+00:00,2,donut
98dc4031-363f-4ae9-90b8-c1c51b4142aa,d20f87d0-4465-4d6b-81fb-18b3c9a7d91f,2020-03-11 16:00:39.517247+00:00,3,brioche
ede02d33-a36d-4567-b3a4-4f408d3ba57f,d20f87d0-4465-4d6b-81fb-18b3c9a7d91f,2020-03-11 17:01:56.520450+00:00,3,bread
0b7ce5c6-9096-4629-91f3-90f4fa069889,d20f87d0-4465-4d6b-81fb-18b3c9a7d91f,2020-03-11 18:33:49.461559+00:00,4,bread
f189d0b1-17dc-4bf5-9088-55810c4ceedf,d20f87d0-4465-4d6b-81fb-18b3c9a7d91f,2020-03-11 19:18:30.977492+00:00,3,cookie
31e3e608-800e-4952-a5ec-4424f56febb1,d20f87d0-4465-4d6b-81fb-18b3c9a7d91f,2020-03-11 20:18:52.100793+00:00,4,drink
b3e1511b-2128-44c5-b94e-485d5b182716,d20f87d0-4465-4d6b-81fb-18b3c9a7d91f,2020-03-11 21:40:28.871104+00:00,3,croissant
19db533e-80ea-43af-bdcf-c159e581c1bc,d20f87d0-4465-4d6b-81fb-18b3c9a7d91f,2020-03-11 22:30:07.837624+00:00,2,bread
7a199807-61d2-4319-8bcb-329396512240,d20f87d0-4465-4d6b-81fb-18b3c9a7d91f,2020-03-11 23:35:10.889533+00:00,1,cookie
768e212d-aeb0-4fb9-a6cb-2e992945e93a,d20f87d0-4465-4d6b-81fb-18b3c9a7d91f,2020-03-12 00:04:43.510294+00:00,1,drink
ceb6bfdc-3734-478d-a268-2c9f3b482d28,d20f87d0-4465-4d6b-81fb-18b3c9a7d91f,2020-03-12 01:40:53.255054+00:00,2,drink
806a29ad-f6b2-4778-be50-8d4d293a60be,d20f87d0-4465-4d6b-81fb-18b3c9a7d91f,2020-03-12 02:30:58.682871+00:00,5,drink
5766fe0c-c4c5-47d8-ae23-5eb085f62467,d20f87d0-4465-4d6b-81fb-18b3c9a7d91f,2020-03-12 03:26:50.928747+00:00,2,cookie
db1fb4d4-9f9b-47bd-9c3d-b15c4a74982e,d20f87d0-4465-4d6b-81fb-18b3c9a7d91f,2020-03-12 04:56:24.508094+00:00,1,drink
3d365abf-633b-4fff-aed0-cbcfc6305536,d20f87d0-4465-4d6b-81fb-18b3c9a7d91f,2020-03-12 05:12:31.754308+00:00,5,donut
91206a37-2703-475d-b540-838e13331679,d20f87d0-4465-4d6b-81fb-18b3c9a7d91f,2020-03-12 06:37:40.042727+00:00,4,bread
c42d5f03-2482-48d1-83d3-3907ce028d60,d20f87d0-4465-4d6b-81fb-18b3c9a7d91f,2020-03-12 07:52:13.646929+00:00,5,bread
504fde7c-746e-49a8-9817-dac57fb8b6c6,d20f87d0-4465-4d6b-81fb-18b3c9a7d91f,2020-03-12 08:10:10.983501+00:00,3,brioche
5d0314d8-9396-4405-87b5-c4cd11730df2,d20f87d0-4465-4d6b-81fb-18b3c9a7d91f,2020-03-12 09:21:12.126516+00:00,1,brioche
42089fc8-75f3-41cb-859d-e4aab5ed7ce8,d20f87d0-4465-4d6b-81fb-18b3c9a7d91f,2020-03-12 10:59:10.115914+00:00,3,croissant
f098aa1f-23f4-49be-ac95-ccf1a6798ab0,d20f87d0-4465-4d6b-81fb-18b3c9a7d91f,2020-03-12 11:07:26.278407+00:00,5,croissant
496042b0-dbe7-4333-9d0c-82050a22be56,d20f87d0-4465-4d6b-81fb-18b3c9a7d91f,2020-03-12 12:24:03.381171+00:00,5,drink
8331d711-5de2-4a7d-b0da-152821051c60,d20f87d0-4465-4d6b-81fb-18b3c9a7d91f,2020-03-12 13:50:41.408317+00:00,3,cookie
8185716a-69c7-48ee-aea4-b7d6155fa2f4,d20f87d0-4465-4d6b-81fb-18b3c9a7d91f,2020-03-12 14:27:00.332183+00:00,1,donut
bdb4f711-0e9b-45bb-a4d4-7431fa38f5a0,d20f87d0-4465-4d6b-81fb-18b3c9a7d91f,2020-03-12 15:47:26.126298+00:00,5,bread
4a68bbad-1af4-4f72-9a62-2059279163f4,d20f87d0-4465-4d6b-81fb-18b3c9a7d91f,2020-03-12 16:22:32.958078+00:00,5,croissant
63629509-3919-43be-92ae-bb0eda948cdf,d20f87d0-4465-4d6b-81fb-18b3c9a7d91f,2020-03-12 17:52:26.971986+00:00,1,cookie
88fd5890-a479-4ce2-b7ee-e00f7743c104,d20f87d0-4465-4d6b-81fb-18b3c9a7d91f,2020-03-12 18:54:00.455456+00:00,4,bread
1bbcb748-bb55-4fa3-ae26-651915f87768,d20f87d0-4465-4d6b-81fb-18b3c9a7d91f,2020-03-12 19:55:02.857267+00:00,4,croissant
108134dc-5427-4925-a6ca-0baf3310880a,d20f87d0-4465-4d6b-81fb-18b3c9a7d91f,2020-03-12 20:19:02.225504+00:00,5,croissant
79e984e1-bdc4-4680-b3c9-5502366f4268,d20f87d0-4465-4d6b-81fb-18b3c9a7d91f,2020-03-12 21:06:51.575164+00:00,4,bread
784fcb14-f2d3-4a65-a7de-a64c8b8a7166,d20f87d0-4465-4d6b-81fb-18b3c9a7d91f,2020-03-12 22:08:43.849680+00:00,2,cookie
99e03598-fce1-4a25-8804-ccea9175fc63,d20f87d0-4465-4d6b-81fb-18b3c9a7d91f,2020-03-12 23:46:27.139885+00:00,1,cookie
79315fc6-fa82-465d-ae1b-abe2ca208c07,d20f87d0-4465-4d6b-81fb-18b3c9a7d91f,2020-03-13 00:12:48.314992+00:00,2,bread
6c44821e-af05-4764-8234-af07f3e08b1f,d20f87d0-4465-4d6b-81fb-18b3c9a7d91f,2020-03-13 01:16:11.453197+00:00,2,bread
67b2916c-461e-48aa-91ba-f6162448ef43,d20f87d0-4465-4d6b-81fb-18b3c9a7d91f,2020-03-13 02:04:54.152801+00:00,4,croissant
e4a07521-ab6d-40aa-b6cf-94298657d8ff,d20f87d0-4465-4d6b-81fb-18b3c9a7d91f,2020-03-13 03:15:34.010013+00:00,1,bread
578e911f-6db4-4c7f-a6d1-fe21e51bdfff,d20f87d0-4465-4d6b-81fb-18b3c9a7d91f,2020-03-13 04:57:48.116769+00:00,3,brioche
6b4a3541-f123-467e-996a-2b3632d7cc22,d20f87d0-4465-4d6b-81fb-18b3c9a7d91f,2020-03-13 05:28:53.850918+00:00,5,drink
6fd1134e-b25a-4809-b730-e52e2922ecb0,2051acef-097a-4e10-b6fe-bc0e7ecddbaf,2020-03-13 06:21:16.892555+00:00,5,croissant
c8776e4b-8f97-421d-828a-df1cd2b12838,2051acef-097a-4e10-b6fe-bc0e7ecddbaf,2020-03-13 07:53:37.605443+00:00,2,bread
9dd3c15a-9417-40f5-aaff-96ffb9046b52,2051acef-097a-4e10-b6fe-bc0e7ecddbaf,2020-03-13 08:08:40.622062+00:00,3,bread
ef0ec9cb-756a-4e2d-a581-18d126879443,2051acef-097a-4e10-b6fe-bc0e7ecddbaf,2020-03-13 09:08:50.951710+00:00,3,bread
6808f471-ac87-4e14-b850-5ae9cac19d2e,2051acef-097a-4e10-b6fe-bc0e7ecddbaf,2020-03-13 10:15:46.089699+00:00,1,croissant
202f00a8-db75-4ada-951f-6de1f17daa26,2051acef-097a-4e10-b6fe-bc0e7ecddbaf,2020-03-13 11:38:03.454991+00:00,5,bread
faa1d736-bee6-406e-b7f7-a96a09572517,2051acef-097a-4e10-b6fe-bc0e7ecddbaf,2020-03-13 12:11:15.564992+00:00,5,brioche
591c228f-3754-45ec-a0a7-8c2099d76c9c,2051acef-097a-4e10-b6fe-bc0e7ecddbaf,2020-03-13 13:12:35.147086+00:00,2,drink
5ec91fdc-03ad-41a4-b481-b9cb93ab8d5e,2051acef-097a-4e10-b6fe-bc0e7ecddbaf,2020-03-13 14:48:49.605658+00:00,1,cookie
d1ad5c22-8088-47de-8e95-4929e58b2d2d,2051acef-097a-4e10-b6fe-bc0e7ecddbaf,2020-03-13 15:52:03.929334+00:00,4,drink
690f1c3c-69ff-4cc0-b4bc-405cffc19ef6,2051acef-097a-4e10-b6fe-bc0e7ecddbaf,2020-03-13 16:21:06.224322+00:00,5,croissant
55f8bbb8-c3dc-4b92-b95c-a96d85ee751c,2051acef-097a-4e10-b6fe-bc0e7ecddbaf,2020-03-13 17:06:48.167998+00:00,2,croissant
8d814215-2d49-4058-9f84-e3c56daa8c7e,2051acef-097a-4e10-b6fe-bc0e7ecddbaf,2020-03-13 18:35:41.610517+00:00,5,croissant
a8dbe9a1-d857-4c60-88f7-972661ae2255,2051acef-097a-4e10-b6fe-bc0e7ecddbaf,2020-03-13 19:41:18.782362+00:00,4,drink
f01a5097-9ed0-4e5f-b3bc-57914882f6eb,2051acef-097a-4e10-b6fe-bc0e7ecddbaf,2020-03-13 20:55:30.488149+00:00,1,bread
16f28319-1a93-4d0c-9655-005dce521176,2051acef-097a-4e10-b6fe-bc0e7ecddbaf,2020-03-13 21:38:58.648510+00:00,5,croissant
c0712a38-bffc-4f09-bf14-64b31a8a76f3,2051acef-097a-4e10-b6fe-bc0e7ecddbaf,2020-03-13 22:37:25.772488+00:00,5,bread
94cbb94e-80dc-4cf9-b1b0-c1faa22eb45b,2051acef-097a-4e10-b6fe-bc0e7ecddbaf,2020-03-13 23:48:21.134322+00:00,3,croissant
74629fb5-c6e1-4fd7-b90e-9f57363d2fb5,2051acef-097a-4e10-b6fe-bc0e7ecddbaf,2020-03-14 00:33:05.716484+00:00,1,brioche
1fdb563a-f357-47c5-b836-0477db394550,2051acef-097a-4e10-b6fe-bc0e7ecddbaf,2020-03-14 01:21:02.209260+00:00,4,croissant
b42e8714-a515-41ba-9206-e99ae8724434,2051acef-097a-4e10-b6fe-bc0e7ecddbaf,2020-03-14 02:47:04.686610+00:00,4,bread
3953e8bb-c83e-4032-9fe8-a7f4f08aba21,2051acef-097a-4e10-b6fe-bc0e7ecddbaf,2020-03-14 03:30:27.218930+00:00,3,drink
e71594ff-d6a6-4618-8eb1-8c8843b63613,2051acef-097a-4e10-b6fe-bc0e7ecddbaf,2020-03-14 04:47:42.497554+00:00,4,drink
e8b81813-e672-4bf5-8110-783e3dd6831b,2051acef-097a-4e10-b6fe-bc0e7ecddbaf,2020-03-14 05:24:52.403976+00:00,1,bread
d73cad84-5fd9-4dfe-8a5e-df3827439b53,2051acef-097a-4e10-b6fe-bc0e7ecddbaf,2020-03-14 06:49:00.145241+00:00,5,cookie
927ae04e-f58b-4c61-aba0-09ec55c87441,2051acef-097a-4e10-b6fe-bc0e7ecddbaf,2020-03-14 07:59:34.184850+00:00,2,donut
9dc3bbee-3152-4136-a430-5373f936a968,2051acef-097a-4e10-b6fe-bc0e7ecddbaf,2020-03-14 08:38:39.963689+00:00,1,donut
a2e2d1ca-f07b-49bb-a0fd-a7846dd9a879,2051acef-097a-4e10-b6fe-bc0e7ecddbaf,2020-03-14 09:23:25.482110+00:00,2,croissant
288fc36a-846c-454c-9170-a2efe777c664,2051acef-097a-4e10-b6fe-bc0e7ecddbaf,2020-03-14 10:26:14.645713+00:00,1,drink
1e4dacd6-8116-4d6c-a057-2e73cd199b5e,2051acef-097a-4e10-b6fe-bc0e7ecddbaf,2020-03-14 11:37:53.187846+00:00,4,drink
8d8b3728-d65b-4676-829e-70e0eaaa94c8,2051acef-097a-4e10-b6fe-bc0e7ecddbaf,2020-03-14 12:09:32.591408+00:00,3,brioche
6ffad356-0690-4ba5-97e0-3df517df85b3,2051acef-097a-4e10-b6fe-bc0e7ecddbaf,2020-03-14 13:00:41.537242+00:00,5,brioche
8b2e1eb3-b523-41f3-9e3b-c735071f1a27,2051acef-097a-4e10-b6fe-bc0e7ecddbaf,2020-03-14 14:55:14.139818+00:00,1,donut
bbf282a9-be09-4835-8679-65ab61e548ca,2051acef-097a-4e10-b6fe-bc0e7ecddbaf,2020-03-14 15:07:49.972854+00:00,4,drink
2fc2147c-5bad-4755-8710-1f3da1aa19f0,2051acef-097a-4e10-b6fe-bc0e7ecddbaf,2020-03-14 16:14:22.998783+00:00,2,cookie
3ec8fe58-d728-4d30-8911-1a42319ec58b,2051acef-097a-4e10-b6fe-bc0e7ecddbaf,2020-03-14 17:43:34.725435+00:00,4,cookie
153d1653-4664-4858-8d3f-69eda8c51cca,2051acef-097a-4e10-b6fe-bc0e7ecddbaf,2020-03-14 18:56:05.913216+00:00,1,drink
1a79aec1-ddef-47bb-9450-94c8fc1bb61a,2051acef-097a-4e10-b6fe-bc0e7ecddbaf,2020-03-14 19:06:39.353469+00:00,5,bread
4312153d-484f-4f7c-a44f-52f41b696031,2051acef-097a-4e10-b6fe-bc0e7ecddbaf,2020-03-14 20:53:40.577239+00:00,1,bread
e9a7f5e0-5c84-48db-9839-40c97e86d7f8,2051acef-097a-4e10-b6fe-bc0e7ecddbaf,2020-03-14 21:50:17.937180+00:00,4,bread
69eb337c-059e-48d8-8ba2-0d387db4990d,2051acef-097a-4e10-b6fe-bc0e7ecddbaf,2020-03-14 22:04:24.873491+00:00,1,brioche
e3c443f1-6010-4b93-ab7f-0864aff54774,2051acef-097a-4e10-b6fe-bc0e7ecddbaf,2020-03-14 23:18:48.905769+00:00,4,brioche
e754d4c3-0298-4dd2-8c7b-34e22e07cb63,2051acef-097a-4e10-b6fe-bc0e7ecddbaf,2020-03-15 00:10:43.237459+00:00,5,drink
1e014975-080d-4370-9ad4-c20f9b4dbb90,2051acef-097a-4e10-b6fe-bc0e7ecddbaf,2020-03-15 01:58:33.297147+00:00,3,croissant
8be64b98-9999-41ec-9d2f-6e76feb2d172,2051acef-097a-4e10-b6fe-bc0e7ecddbaf,2020-03-15 02:00:18.052397+00:00,5,drink
315e4e80-1f20-4257-ad34-8e324126fa8f,2051acef-097a-4e10-b6fe-bc0e7ecddbaf,2020-03-15 03:36:21.998787+00:00,5,bread
2700260b-c2ce-46bd-8301-b3a6849b50bc,2051acef-097a-4e10-b6fe-bc0e7ecddbaf,2020-03-15 04:12:58.703504+00:00,3,bread
53d9a4dd-078d-47e5-b78a-8ba6e608d6d3,2051acef-097a-4e10-b6fe-bc0e7ecddbaf,2020-03-15 05:08:18.834074+00:00,1,drink
4480d02d-2067-402b-b099-e2b6b10ccf77,2051acef-097a-4e10-b6fe-bc0e7ecddbaf,2020-03-15 06:16:25.199336+00:00,2,bread
a6e486bf-8d2e-4a22-b544-f70c593acb51,2051acef-097a-4e10-b6fe-bc0e7ecddbaf,2020-03-15 07:17:39.555159+00:00,4,croissant
ec1f0155-6662-4bd2-b243-b5c6833d7595,2051acef-097a-4e10-b6fe-bc0e7ecddbaf,2020-03-15 08:11:34.995258+00:00,2,brioche
b7a745e2-e327-419f-9895-cceaafe2ff5c,2051acef-097a-4e10-b6fe-bc0e7ecddbaf,2020-03-15 09:16:51.897950+00:00,4,bread
966b91e7-c435-4e28-8b0c-17099569f8cb,2051acef-097a-4e10-b6fe-bc0e7ecddbaf,2020-03-15 10:18:41.706466+00:00,2,drink
723764ba-e202-4022-aef7-ffc37ce28b5b,2051acef-097a-4e10-b6fe-bc0e7ecddbaf,2020-03-15 11:25:25.454358+00:00,3,cookie
620f4af4-9b77-4a46-9b88-fe699f7717ca,2051acef-097a-4e10-b6fe-bc0e7ecddbaf,2020-03-15 12:25:45.526712+00:00,5,cookie
d1c06099-a1f8-46ce-a5dc-6ce55fbbdfd7,2051acef-097a-4e10-b6fe-bc0e7ecddbaf,2020-03-15 13:03:51.358510+00:00,2,bread
963d101f-40c8-47a3-82e8-47aef545dfb3,2051acef-097a-4e10-b6fe-bc0e7ecddbaf,2020-03-15 14:24:35.309755+00:00,5,drink
5a2d465b-87ce-4aaa-b713-c245f34bfa59,2051acef-097a-4e10-b6fe-bc0e7ecddbaf,2020-03-15 15:23:53.904005+00:00,1,brioche
ca782f58-6dec-4b0d-929b-3b96cf1d46be,2051acef-097a-4e10-b6fe-bc0e7ecddbaf,2020-03-15 16:11:09.293610+00:00,2,bread
5f390d2b-5f25-410e-a82e-2d6137164f31,2051acef-097a-4e10-b6fe-bc0e7ecddbaf,2020-03-15 17:08:42.142833+00:00,3,bread
02ca68d5-b033-4e83-918f-0ed402774ef3,2051acef-097a-4e10-b6fe-bc0e7ecddbaf,2020-03-15 18:43:00.489439+00:00,2,croissant
e61415dd-5251-4645-8b94-cf8d9145aa38,2051acef-097a-4e10-b6fe-bc0e7ecddbaf,2020-03-15 19:13:57.535471+00:00,1,croissant
86faaa83-3651-4c93-9a0f-b0b8489af195,2051acef-097a-4e10-b6fe-bc0e7ecddbaf,2020-03-15 20:13:02.868311+00:00,5,cookie
e223e389-f23e-41fc-9b9f-9efeb75d2f0c,2051acef-097a-4e10-b6fe-bc0e7ecddbaf,2020-03-15 21:48:26.735387+00:00,1,donut
aea03292-6bf7-4125-a571-f542e485a118,2051acef-097a-4e10-b6fe-bc0e7ecddbaf,2020-03-15 22:45:22.324332+00:00,3,cookie
cd7f65f6-0cb6-4029-b276-ab7532b9fc56,2051acef-097a-4e10-b6fe-bc0e7ecddbaf,2020-03-15 23:29:38.163345+00:00,1,cookie
73e9b99b-1fc4-49b3-9e87-c27e6bd63443,2051acef-097a-4e10-b6fe-bc0e7ecddbaf,2020-03-16 00:10:16.103024+00:00,3,donut
0571dd83-938f-4b37-bc86-25826202f35d,2051acef-097a-4e10-b6fe-bc0e7ecddbaf,2020-03-16 01:17:06.132891+00:00,5,bread
218d0520-48cc-42c6-b636-ae1ce96171f3,2051acef-097a-4e10-b6fe-bc0e7ecddbaf,2020-03-16 02:50:29.914310+00:00,4,bread
870b230c-eb04-4ecb-8891-4b26e5551570,2051acef-097a-4e10-b6fe-bc0e7ecddbaf,2020-03-16 03:02:20.832880+00:00,1,bread
cd7182b4-d471-404f-9859-c5ae784aee43,2051acef-097a-4e10-b6fe-bc0e7ecddbaf,2020-03-16 04:24:54.283928+00:00,3,cookie
667cf788-5887-43d2-80f1-fa3a5133577b,2051acef-097a-4e10-b6fe-bc0e7ecddbaf,2020-03-16 05:04:47.161952+00:00,3,croissant
4c66d04f-64b1-4c49-8c0c-f61e9cc10bd8,2051acef-097a-4e10-b6fe-bc0e7ecddbaf,2020-03-16 06:41:47.244980+00:00,4,croissant
e914ae70-f797-4ec8-a41e-f111d94296b6,2051acef-097a-4e10-b6fe-bc0e7ecddbaf,2020-03-16 07:07:17.086608+00:00,3,donut
0c3edd5c-3959-4149-877f-6e361a4d67db,2051acef-097a-4e10-b6fe-bc0e7ecddbaf,2020-03-16 08:49:31.643508+00:00,2,bread
b0067b61-dc83-496f-92a6-e3d4fe58a970,2051acef-097a-4e10-b6fe-bc0e7ecddbaf,2020-03-16 09:43:27.312095+00:00,2,brioche
e6fb976b-b95f-42d5-b0ef-d76b16884399,2051acef-097a-4e10-b6fe-bc0e7ecddbaf,2020-03-16 10:48:44.215169+00:00,5,bread
0d700c8b-de36-490a-b030-9415ef21db2c,2051acef-097a-4e10-b6fe-bc0e7ecddbaf,2020-03-16 11:15:34.875688+00:00,1,bread
1335f6c3-4de5-44af-b278-15f60c49f33a,2051acef-097a-4e10-b6fe-bc0e7ecddbaf,2020-03-16 12:15:49.417671+00:00,5,croissant
ecc38555-2b9b-4ffc-b2db-b2c54518f4c6,2051acef-097a-4e10-b6fe-bc0e7ecddbaf,2020-03-16 13:08:15.947973+00:00,4,bread
25e36ccd-dca5-44f2-91bf-c946205474fa,2051acef-097a-4e10-b6fe-bc0e7ecddbaf,2020-03-16 14:45:10.925377+00:00,4,drink
85924e5f-1f53-4b6e-ab11-77367260282f,2051acef-097a-4e10-b6fe-bc0e7ecddbaf,2020-03-16 15:31:39.320141+00:00,5,croissant
47d1931c-f9f2-49ab-bd77-71f8a948ec66,2051acef-097a-4e10-b6fe-bc0e7ecddbaf,2020-03-16 16:19:18.880907+00:00,4,brioche
4bd600e6-c425-4020-8389-2f66178029e9,2051acef-097a-4e10-b6fe-bc0e7ecddbaf,2020-03-16 17:42:40.972955+00:00,3,donut
a8d3bb7d-3e0c-4ec5-9f74-8fb5d5e6162f,2051acef-097a-4e10-b6fe-bc0e7ecddbaf,2020-03-16 18:38:49.683380+00:00,2,drink
7e9e7b8a-f8c5-4ac6-933c-a9cf13f8e789,2051acef-097a-4e10-b6fe-bc0e7ecddbaf,2020-03-16 19:03:36.960943+00:00,1,drink
62934e8e-d189-4750-b7d8-b4283754a771,2051acef-097a-4e10-b6fe-bc0e7ecddbaf,2020-03-16 20:11:16.502748+00:00,1,cookie
c2f86229-972c-4583-9062-00e3356ad651,2051acef-097a-4e10-b6fe-bc0e7ecddbaf,2020-03-16 21:31:39.520697+00:00,3,cookie
276c7935-a7c1-4adb-b43a-c892b56110f6,2051acef-097a-4e10-b6fe-bc0e7ecddbaf,2020-03-16 22:50:52.105124+00:00,1,brioche
62b51781-5d17-425d-aaac-abb43802485f,2051acef-097a-4e10-b6fe-bc0e7ecddbaf,2020-03-16 23:58:30.232860+00:00,5,donut
301db817-6673-442d-87af-75de33f92a87,2051acef-097a-4e10-b6fe-bc0e7ecddbaf,2020-03-17 00:04:07.101517+00:00,4,brioche
dead44fc-f395-4657-8ea1-2bd9afaf20ec,2051acef-097a-4e10-b6fe-bc0e7ecddbaf,2020-03-17 01:34:38.072217+00:00,1,brioche
beba0619-1b6f-4706-a04e-6585760116cf,2051acef-097a-4e10-b6fe-bc0e7ecddbaf,2020-03-17 02:06:36.717039+00:00,1,croissant
79eae461-0751-4daa-844a-2a482fe12ed8,2051acef-097a-4e10-b6fe-bc0e7ecddbaf,2020-03-17 03:39:42.787814+00:00,4,cookie
8ce0bd8f-ed4b-429f-9e4a-a01643fcf7b7,2051acef-097a-4e10-b6fe-bc0e7ecddbaf,2020-03-17 04:05:02.640358+00:00,4,brioche
6e4c1501-808f-4cb9-a59d-12db268f090a,2051acef-097a-4e10-b6fe-bc0e7ecddbaf,2020-03-17 05:30:28.536567+00:00,1,croissant
0c941263-190a-40d6-9ea9-f25945c86249,2051acef-097a-4e10-b6fe-bc0e7ecddbaf,2020-03-17 06:38:55.038294+00:00,4,brioche
2d389d1f-6716-4461-b07f-c5764b43f873,2051acef-097a-4e10-b6fe-bc0e7ecddbaf,2020-03-17 07:35:38.576995+00:00,5,donut
1bf384ef-6efe-4368-84c4-2de17e5da21a,2051acef-097a-4e10-b6fe-bc0e7ecddbaf,2020-03-17 08:40:52.177890+00:00,2,bread
e5228d31-0d9a-4fce-9d7c-f46d3836613c,2051acef-097a-4e10-b6fe-bc0e7ecddbaf,2020-03-17 09:02:08.476647+00:00,3,brioche
39f99c64-4684-433e-99dd-3b908839c8e4,1723199d-bf2c-44a0-ba3c-8a71ff574e2b,2020-03-17 10:52:57.361043+00:00,4,croissant
bbe277ba-384a-4967-99ef-13bf649423aa,1723199d-bf2c-44a0-ba3c-8a71ff574e2b,2020-03-17 11:49:26.647166+00:00,3,croissant
341d85cd-c925-4285-abc8-906f34a91b86,1723199d-bf2c-44a0-ba3c-8a71ff574e2b,2020-03-17 12:20:51.479208+00:00,3,drink
00cb9caa-bbdf-4574-89b8-f7ba98a7fea2,1723199d-bf2c-44a0-ba3c-8a71ff574e2b,2020-03-17 13:05:39.273240+00:00,5,drink
4e29b9da-bd35-4d2a-ba0c-d56d9f4325f4,1723199d-bf2c-44a0-ba3c-8a71ff574e2b,2020-03-17 14:51:09.230181+00:00,2,brioche
2aa946d4-11c7-476c-ae73-03c050ab3660,1723199d-bf2c-44a0-ba3c-8a71ff574e2b,2020-03-17 15:11:14.439883+00:00,4,brioche
797f6e4d-aa81-4850-8342-96faf6558f35,1723199d-bf2c-44a0-ba3c-8a71ff574e2b,2020-03-17 16:25:40.521178+00:00,1,brioche
13b4c4f6-e19a-47f6-838a-819ef9705e4b,1723199d-bf2c-44a0-ba3c-8a71ff574e2b,2020-03-17 17:10:14.610404+00:00,1,donut
0041f5d4-9549-4631-b94c-eef2f833dfa7,aab612c9-415d-474a-b5a6-69814104a8b5,2020-03-17 18:29:17.906428+00:00,2,croissant
0473b982-d1a5-49db-8b90-b03d1c00b895,aab612c9-415d-474a-b5a6-69814104a8b5,2020-03-17 19:34:02.160228+00:00,3,brioche
c1472ff2-2ad4-4bba-80ce-350586780a98,aab612c9-415d-474a-b5a6-69814104a8b5,2020-03-17 20:08:47.698654+00:00,1,bread
55eef366-bc76-4752-8dcb-e8184dfa6a17,aab612c9-415d-474a-b5a6-69814104a8b5,2020-03-17 21:27:09.418869+00:00,3,donut
40e7ca76-7c8a-437a-a9d5-240141e1008c,aab612c9-415d-474a-b5a6-69814104a8b5,2020-03-17 22:21:51.441595+00:00,1,cookie
e430fb91-556f-490e-b5cc-dbe64d171ebc,aab612c9-415d-474a-b5a6-69814104a8b5,2020-03-17 23:31:04.191800+00:00,5,croissant
84f16d9d-af8f-4cf0-851a-9ec71cdde8ca,aab612c9-415d-474a-b5a6-69814104a8b5,2020-03-18 00:43:41.575954+00:00,1,brioche
3862abcf-db34-47bb-a90a-a98bfa87fba5,aab612c9-415d-474a-b5a6-69814104a8b5,2020-03-18 01:39:33.720887+00:00,2,cookie
93dc8eea-3e8e-436a-87e9-5e6d7f71eef6,aab612c9-415d-474a-b5a6-69814104a8b5,2020-03-18 02:44:27.644746+00:00,4,cookie
319fa2f7-16da-48f5-be8e-b66f34d091d1,aab612c9-415d-474a-b5a6-69814104a8b5,2020-03-18 03:55:14.330121+00:00,4,drink
e08c82ea-461f-4028-b727-ee901ba168b8,aab612c9-415d-474a-b5a6-69814104a8b5,2020-03-18 04:37:36.810147+00:00,5,croissant
86e35e9b-e047-4ecb-b553-8cd3fcc1c48c,aab612c9-415d-474a-b5a6-69814104a8b5,2020-03-18 05:10:29.828094+00:00,3,cookie
f1fcfc36-6ad3-4c40-96d2-6487641a4b74,aab612c9-415d-474a-b5a6-69814104a8b5,2020-03-18 06:59:38.197350+00:00,3,brioche
b3ab800b-8523-4070-945b-37110a858722,aab612c9-415d-474a-b5a6-69814104a8b5,2020-03-18 07:20:35.787995+00:00,5,bread
9110c9fd-747c-418f-8b9a-efff6ef735aa,aab612c9-415d-474a-b5a6-69814104a8b5,2020-03-18 08:58:05.350928+00:00,3,cookie
7fb9ae49-0222-4c10-b82f-2dc31c35730b,aab612c9-415d-474a-b5a6-69814104a8b5,2020-03-18 09:55:38.038910+00:00,2,croissant
f777c816-85ef-475e-a675-5363ae50f96e,aab612c9-415d-474a-b5a6-69814104a8b5,2020-03-18 10:17:23.214395+00:00,5,drink
49cb6790-7ca0-4cde-8dbb-b7cd29a099de,aab612c9-415d-474a-b5a6-69814104a8b5,2020-03-18 11:03:52.619373+00:00,3,bread
4873d252-37a2-4180-8a7b-e6e774300ccc,aab612c9-415d-474a-b5a6-69814104a8b5,2020-03-18 12:49:31.694164+00:00,1,bread
6e29a319-014d-4829-8e4a-516f7d05955b,aab612c9-415d-474a-b5a6-69814104a8b5,2020-03-18 13:21:08.119874+00:00,1,bread
e0f3ee66-59a7-46e4-a341-89c5405df186,aab612c9-415d-474a-b5a6-69814104a8b5,2020-03-18 14:16:59.755933+00:00,5,drink
27b0816b-8f8d-4107-84d5-ac13f561d900,aab612c9-415d-474a-b5a6-69814104a8b5,2020-03-18 15:57:13.266916+00:00,3,brioche
6e9ae156-325c-4a4e-bba9-5ec4fef43c9c,aab612c9-415d-474a-b5a6-69814104a8b5,2020-03-18 16:35:06.809411+00:00,1,cookie
eed4d005-7922-4d87-883a-1c2738071019,aab612c9-415d-474a-b5a6-69814104a8b5,2020-03-18 17:21:16.676056+00:00,4,croissant
191f9e05-e777-4701-b787-3461662c4f00,aab612c9-415d-474a-b5a6-69814104a8b5,2020-03-18 18:53:34.921106+00:00,3,donut
6f91a7be-905c-4fd9-ac5d-849c4f8c61b9,aab612c9-415d-474a-b5a6-69814104a8b5,2020-03-18 19:40:44.123560+00:00,3,donut
3312de73-c485-43a3-aeee-230223a10fdd,aab612c9-415d-474a-b5a6-69814104a8b5,2020-03-18 20:15:00.073603+00:00,4,donut
15e9bee4-4e14-4977-8d12-6ab13313f36c,aab612c9-415d-474a-b5a6-69814104a8b5,2020-03-18 21:17:50.402926+00:00,4,donut
e03c63df-c84b-4df5-a03f-4ddc2ef17a90,aab612c9-415d-474a-b5a6-69814104a8b5,2020-03-18 22:50:01.868448+00:00,1,brioche
5031d661-b1b2-49c6-b120-721e86cd6214,aab612c9-415d-474a-b5a6-69814104a8b5,2020-03-18 23:30:13.734625+00:00,3,croissant
6ba64252-776f-4d03-ad7b-ba175aac72b1,aab612c9-415d-474a-b5a6-69814104a8b5,2020-03-19 00:57:41.208918+00:00,4,bread
f51e2df3-06c3-498e-8f14-aac7e99d6b91,aab612c9-415d-474a-b5a6-69814104a8b5,2020-03-19 01:46:00.370930+00:00,1,brioche
c960b851-4d69-4e19-a827-3dee9d7e4eb7,aab612c9-415d-474a-b5a6-69814104a8b5,2020-03-19 02:14:33.524359+00:00,5,cookie
e660a8e0-8b13-4689-9ef2-a148209515d5,aab612c9-415d-474a-b5a6-69814104a8b5,2020-03-19 03:33:56.068561+00:00,3,bread
203d54c9-6485-425e-9858-f464c15da547,aab612c9-415d-474a-b5a6-69814104a8b5,2020-03-19 04:24:10.591654+00:00,1,croissant
849c30c6-dffa-48ae-8353-ac87ceb7138a,aab612c9-415d-474a-b5a6-69814104a8b5,2020-03-19 05:27:36.794711+00:00,1,bread
fc75de3d-d473-43b5-852a-2da70e00583d,aab612c9-415d-474a-b5a6-69814104a8b5,2020-03-19 06:38:59.567786+00:00,3,donut
90c0e607-4a63-4fc3-926a-ab2718ef2501,aab612c9-415d-474a-b5a6-69814104a8b5,2020-03-19 07:28:53.284441+00:00,3,bread
aca65492-95a9-4dd7-bd8f-a26f1f16de17,aab612c9-415d-474a-b5a6-69814104a8b5,2020-03-19 08:30:38.955136+00:00,1,drink
8fe275b1-24e7-4383-8429-e12c347f1a8c,aab612c9-415d-474a-b5a6-69814104a8b5,2020-03-19 09:44:25.526827+00:00,4,brioche
a3c14a53-acf9-4a12-a522-266c393a26ee,aab612c9-415d-474a-b5a6-69814104a8b5,2020-03-19 10:51:08.120505+00:00,3,drink
efc08273-fd39-4fe7-b819-b15d4f968a84,aab612c9-415d-474a-b5a6-69814104a8b5,2020-03-19 11:00:23.222882+00:00,4,donut
113038f5-1d5d-4f65-b361-1134b01200ab,aab612c9-415d-474a-b5a6-69814104a8b5,2020-03-19 12:00:00.128562+00:00,5,bread
344c96cc-3f48-45f0-98cc-0e298513176c,aab612c9-415d-474a-b5a6-69814104a8b5,2020-03-19 13:06:12.985289+00:00,1,donut
ed113faf-0e3f-4912-a405-d362719deadd,aab612c9-415d-474a-b5a6-69814104a8b5,2020-03-19 14:07:18.521092+00:00,4,croissant
d904b887-d77b-43b3-bc24-3b45d1fd4711,d47d577b-fa5a-41ca-859d-d55d4b943e30,2020-03-19 15:32:48.189291+00:00,5,drink
9dfe19d2-a87d-4106-9bfb-fea4706ad042,d47d577b-fa5a-41ca-859d-d55d4b943e30,2020-03-19 16:07:23.507510+00:00,2,drink
d18c7fde-2445-4bad-af4f-914c058b5ee1,d47d577b-fa5a-41ca-859d-d55d4b943e30,2020-03-19 17:44:40.554565+00:00,2,brioche
8bf349a3-b31a-4d22-bddd-bd3682f2a59e,d47d577b-fa5a-41ca-859d-d55d4b943e30,2020-03-19 18:12:01.263746+00:00,4,cookie
f58703c5-199a-43da-aae3-9bc04a1954ec,d47d577b-fa5a-41ca-859d-d55d4b943e30,2020-03-19 19:35:19.549678+00:00,3,drink
b2995e18-62c5-46ab-a424-fa05467248f6,d47d577b-fa5a-41ca-859d-d55d4b943e30,2020-03-19 20:47:59.478705+00:00,4,croissant
072915c7-25ee-4dfd-acc1-da4dd0411dec,d47d577b-fa5a-41ca-859d-d55d4b943e30,2020-03-19 21:17:00.319993+00:00,1,donut
4d81c859-949e-44ad-82d2-2ee763b1a52e,d47d577b-fa5a-41ca-859d-d55d4b943e30,2020-03-19 22:02:02.700753+00:00,5,croissant
5acf614a-e834-4b5b-a879-c9a60ae9eacc,d47d577b-fa5a-41ca-859d-d55d4b943e30,2020-03-19 23:57:46.067491+00:00,4,drink
fb5435ba-0255-413b-86e3-2efc75566ff1,d47d577b-fa5a-41ca-859d-d55d4b943e30,2020-03-20 00:09:29.932303+00:00,5,donut
b4cb22f4-e70d-4d07-994d-30a935f5afea,d47d577b-fa5a-41ca-859d-d55d4b943e30,2020-03-20 01:31:30.200339+00:00,5,bread
5a13f4bb-26c2-4405-a7ea-52f02cabd3d7,d47d577b-fa5a-41ca-859d-d55d4b943e30,2020-03-20 02:39:21.360188+00:00,5,cookie
c964f746-dbd1-45a3-b716-307d75a09875,d47d577b-fa5a-41ca-859d-d55d4b943e30,2020-03-20 03:08:24.141469+00:00,3,croissant
a5278097-d6de-4902-aa89-7692117637b2,d47d577b-fa5a-41ca-859d-d55d4b943e30,2020-03-20 04:29:01.480781+00:00,4,donut
b5604484-9377-49f6-ae2d-0681a8b26070,d47d577b-fa5a-41ca-859d-d55d4b943e30,2020-03-20 05:55:38.684084+00:00,5,cookie
96bf02dd-52f6-4f5a-b2a0-f8512121cc4f,d47d577b-fa5a-41ca-859d-d55d4b943e30,2020-03-20 06:57:18.700548+00:00,3,donut
114c440d-675d-493b-9473-6d379e12d7cf,d47d577b-fa5a-41ca-859d-d55d4b943e30,2020-03-20 07:02:41.744875+00:00,2,brioche
7fdae666-1b31-4321-aa4e-8b0318b6dfc7,d47d577b-fa5a-41ca-859d-d55d4b943e30,2020-03-20 08:56:03.242072+00:00,4,cookie
c590f851-fb38-4671-bb45-d977c2896a30,d47d577b-fa5a-41ca-859d-d55d4b943e30,2020-03-20 09:48:30.799740+00:00,2,bread
ba68e69f-2c8b-4151-a179-2fcde658eb6a,d47d577b-fa5a-41ca-859d-d55d4b943e30,2020-03-20 10:53:32.902264+00:00,4,bread
1d4e2772-401f-45a6-9ca5-b74f0fda6ca4,d47d577b-fa5a-41ca-859d-d55d4b943e30,2020-03-20 11:02:14.705790+00:00,1,croissant
a19c7caf-9b45-4430-9fd3-92e2c36b0890,d47d577b-fa5a-41ca-859d-d55d4b943e30,2020-03-20 12:50:26.445679+00:00,2,cookie
60ac4a64-7313-4038-b2df-b0751b8fabe9,d47d577b-fa5a-41ca-859d-d55d4b943e30,2020-03-20 13:07:59.579910+00:00,5,donut
7000f93b-7db8-4d71-80a3-823b321a9240,e05fb8bc-8a16-406c-8958-e75e21d53971,2020-03-20 14:40:43.856477+00:00,2,brioche
d057ab85-6f1e-40de-a97e-b3f4bdfdcc7b,e05fb8bc-8a16-406c-8958-e75e21d53971,2020-03-20 15:31:42.706016+00:00,2,bread
f5b79271-a10d-4956-8634-caf6950506dd,e05fb8bc-8a16-406c-8958-e75e21d53971,2020-03-20 16:40:07.169699+00:00,2,bread
01572a56-e4ae-485f-a3fb-e8f2cf5cbd7f,e05fb8bc-8a16-406c-8958-e75e21d53971,2020-03-20 17:21:34.419607+00:00,4,donut
5738db52-126c-4e50-9d4f-4af28becb8cc,e05fb8bc-8a16-406c-8958-e75e21d53971,2020-03-20 18:11:07.095682+00:00,5,croissant
9203c5d2-351d-4137-9518-5b7230accfda,e05fb8bc-8a16-406c-8958-e75e21d53971,2020-03-20 19:49:39.272661+00:00,5,cookie
8f06c963-e656-44ac-9e54-a1755b429d0e,e05fb8bc-8a16-406c-8958-e75e21d53971,2020-03-20 20:51:12.317759+00:00,1,croissant
dfbcf340-6049-48be-a01e-d90e6d7168e9,e05fb8bc-8a16-406c-8958-e75e21d53971,2020-03-20 21:04:15.123422+00:00,1,brioche
19d56f42-4c58-4a8e-846a-4a71c84a89b8,e05fb8bc-8a16-406c-8958-e75e21d53971,2020-03-20 22:07:04.538983+00:00,2,bread
05c55810-54b7-48fa-8a60-b33299fb38a9,e05fb8bc-8a16-406c-8958-e75e21d53971,2020-03-20 23:13:26.476409+00:00,3,cookie
11655b1e-5b9f-4cde-b409-b85563f2fc26,e05fb8bc-8a16-406c-8958-e75e21d53971,2020-03-21 00:52:20.793126+00:00,2,cookie
3dcc4915-934a-45d9-88cf-ffa2132497ee,e05fb8bc-8a16-406c-8958-e75e21d53971,2020-03-21 01:51:11.502780+00:00,5,donut
0e807f03-9e5f-4378-a633-427e4feeea91,e05fb8bc-8a16-406c-8958-e75e21d53971,2020-03-21 02:32:45.389828+00:00,1,donut
fc24a159-eada-4885-afda-70bf78920f72,e05fb8bc-8a16-406c-8958-e75e21d53971,2020-03-21 03:15:46.991059+00:00,1,bread
3354b4be-42c9-4aaf-abe1-3e78568a220d,e05fb8bc-8a16-406c-8958-e75e21d53971,2020-03-21 04:20:04.348484+00:00,1,brioche
bbdf144c-d117-46d5-8c0d-ea8b3448a247,e05fb8bc-8a16-406c-8958-e75e21d53971,2020-03-21 05:19:46.593012+00:00,1,brioche
f2aff86f-ce3f-4e9a-92aa-5ab47e59a0d1,e05fb8bc-8a16-406c-8958-e75e21d53971,2020-03-21 06:33:49.882315+00:00,5,drink
090d7d2f-ceb7-403e-83fc-ac0ed5c2c94d,e05fb8bc-8a16-406c-8958-e75e21d53971,2020-03-21 07:20:45.044061+00:00,1,croissant
edeac5b8-9cc8-42cd-bd42-11d1992033eb,e05fb8bc-8a16-406c-8958-e75e21d53971,2020-03-21 08:04:50.136558+00:00,5,croissant
b92c23e3-4540-49f2-a124-9735f2546c17,e05fb8bc-8a16-406c-8958-e75e21d53971,2020-03-21 09:02:30.267517+00:00,1,croissant
59aa7cd5-a67c-4bd7-b9a9-a8a981f25a73,e05fb8bc-8a16-406c-8958-e75e21d53971,2020-03-21 10:25:53.456027+00:00,3,brioche
06bf1fb7-0e2b-48c9-ae66-2c46057d4e28,e05fb8bc-8a16-406c-8958-e75e21d53971,2020-03-21 11:46:25.007674+00:00,2,donut
ae93b319-611f-48ef-9c3c-423a9baefd9e,e05fb8bc-8a16-406c-8958-e75e21d53971,2020-03-21 12:41:00.942240+00:00,1,donut
c403b430-631a-4c3c-8d59-13037b6fb65b,e05fb8bc-8a16-406c-8958-e75e21d53971,2020-03-21 13:22:38.020119+00:00,2,croissant
2344ec54-8cae-49ec-ad44-f723b38adf82,e05fb8bc-8a16-406c-8958-e75e21d53971,2020-03-21 14:06:56.099518+00:00,1,donut
6fc0174f-57d7-44f1-b192-c29c5a0ed9b7,ea4e3617-53f8-482b-8fb8-64e4f1738856,2020-03-21 15:55:05.046918+00:00,2,brioche
3a24ec19-0292-4d3d-96af-a28a178cb5a0,ea4e3617-53f8-482b-8fb8-64e4f1738856,2020-03-21 16:24:47.035742+00:00,5,donut
03d06453-cd40-4bc9-bdae-29200bb8382f,ea4e3617-53f8-482b-8fb8-64e4f1738856,2020-03-21 17:52:23.720914+00:00,2,bread
704532d5-2070-43f0-8e80-ea41139cd2b0,ea4e3617-53f8-482b-8fb8-64e4f1738856,2020-03-21 18:10:50.136520+00:00,1,cookie
e3f2df80-a7bb-4612-9a37-ef9d5983ce94,ea4e3617-53f8-482b-8fb8-64e4f1738856,2020-03-21 19:14:39.279640+00:00,3,brioche
a8575900-7a8c-4c36-a5d7-71639b2aeea6,ea4e3617-53f8-482b-8fb8-64e4f1738856,2020-03-21 20:07:20.554887+00:00,1,bread
34b34dcb-8b2c-45b5-b039-0686400d083a,ea4e3617-53f8-482b-8fb8-64e4f1738856,2020-03-21 21:29:41.745307+00:00,3,brioche
f1015bfe-4d7e-4c8e-b68f-f0dc718bf53a,ea4e3617-53f8-482b-8fb8-64e4f1738856,2020-03-21 22:22:00.961085+00:00,5,cookie
86df42bd-3e84-455f-a755-3468de74e122,ea4e3617-53f8-482b-8fb8-64e4f1738856,2020-03-21 23:53:34.722515+00:00,3,drink
0dd2c843-1ab8-4733-80e1-cc418a9a727f,ea4e3617-53f8-482b-8fb8-64e4f1738856,2020-03-22 00:20:47.887630+00:00,4,drink
479fea14-7c78-4b98-9f32-fd3ef358206d,ea4e3617-53f8-482b-8fb8-64e4f1738856,2020-03-22 01:04:42.405877+00:00,2,donut
8d8f2868-bded-49cc-8e10-7ed63b046707,ea4e3617-53f8-482b-8fb8-64e4f1738856,2020-03-22 02:12:38.770675+00:00,3,drink
092e9fab-2457-4251-89b6-7093d0fe42af,ea4e3617-53f8-482b-8fb8-64e4f1738856,2020-03-22 03:58:40.474923+00:00,4,drink
1d3ebe5b-f3fa-4150-b429-cf81c3a215ff,ea4e3617-53f8-482b-8fb8-64e4f1738856,2020-03-22 04:01:16.642741+00:00,1,cookie
4ce7db3f-6259-46cc-9696-e8334728ddf6,ea4e3617-53f8-482b-8fb8-64e4f1738856,2020-03-22 05:49:37.843862+00:00,1,bread
6249a586-9c18-4d49-9ac5-609e47729adf,ea4e3617-53f8-482b-8fb8-64e4f1738856,2020-03-22 06:29:43.286995+00:00,4,croissant
34aababd-3975-4433-8b5e-d14871ab4711,ea4e3617-53f8-482b-8fb8-64e4f1738856,2020-03-22 07:22:45.577121+00:00,4,donut
0803ad31-4e1e-4f3d-a910-22b80d60e364,ea4e3617-53f8-482b-8fb8-64e4f1738856,2020-03-22 08:32:29.577000+00:00,3,bread
e4a6bf51-c125-498e-9bd6-5690e8f94c88,ea4e3617-53f8-482b-8fb8-64e4f1738856,2020-03-22 09:20:10.385869+00:00,3,donut
5748218a-0700-4750-81db-480a376f6fff,ea4e3617-53f8-482b-8fb8-64e4f1738856,2020-03-22 10:43:32.830616+00:00,5,croissant
baae905c-c859-4dfb-ad73-dd1ddda1497a,ea4e3617-53f8-482b-8fb8-64e4f1738856,2020-03-22 11:55:42.839314+00:00,1,bread
b8a6ebf6-f3d5-4f3e-a35b-36bd8da4afbe,ea4e3617-53f8-482b-8fb8-64e4f1738856,2020-03-22 12:55:56.901706+00:00,3,donut
b81ed083-9296-44b5-ac80-73b776a81a27,ea4e3617-53f8-482b-8fb8-64e4f1738856,2020-03-22 13:34:05.890996+00:00,5,cookie
77a319c6-619c-4a06-b5d6-8c8f299ccd73,ea4e3617-53f8-482b-8fb8-64e4f1738856,2020-03-22 14:44:44.281933+00:00,2,brioche
ccb1dc1e-47db-46a2-83e3-0f78e85fda55,ea4e3617-53f8-482b-8fb8-64e4f1738856,2020-03-22 15:40:57.355435+00:00,3,bread
8af53d42-c576-4c74-bffb-9577ffb1c192,ea4e3617-53f8-482b-8fb8-64e4f1738856,2020-03-22 16:17:44.969704+00:00,5,croissant
5c9808f4-4636-4d12-9d94-813f09e218a7,ea4e3617-53f8-482b-8fb8-64e4f1738856,2020-03-22 17:16:07.490458+00:00,3,drink
0328a80d-9ba5-458b-8585-36b7cf6d2a9d,ea4e3617-53f8-482b-8fb8-64e4f1738856,2020-03-22 18:07:27.503086+00:00,5,drink
d8fbd542-43b7-4bf2-9604-153c522c5c44,ea4e3617-53f8-482b-8fb8-64e4f1738856,2020-03-22 19:10:43.623826+00:00,4,bread
09791408-7768-4441-8245-59a5709de505,ea4e3617-53f8-482b-8fb8-64e4f1738856,2020-03-22 20:57:57.187774+00:00,4,drink
689ab92d-37c4-46a1-8e7d-e390d825b478,ea4e3617-53f8-482b-8fb8-64e4f1738856,2020-03-22 21:03:30.905410+00:00,1,cookie
50640ae6-8d2b-400b-9c3e-7d79e5a4b1b4,ea4e3617-53f8-482b-8fb8-64e4f1738856,2020-03-22 22:57:11.855832+00:00,4,brioche
46b1654a-c967-42fb-8417-0ebd420cbe74,ea4e3617-53f8-482b-8fb8-64e4f1738856,2020-03-22 23:15:34.346890+00:00,4,brioche
259b5aea-2cab-49ad-a15d-d7c43a38204b,ea4e3617-53f8-482b-8fb8-64e4f1738856,2020-03-23 00:52:16.461057+00:00,1,brioche
2f2b5e31-09db-40a9-a793-eb811d4c5eb7,ea4e3617-53f8-482b-8fb8-64e4f1738856,2020-03-23 01:41:03.988982+00:00,4,donut
b7a4c108-8dac-40f9-8abd-99fd513cd464,ea4e3617-53f8-482b-8fb8-64e4f1738856,2020-03-23 02:13:40.628716+00:00,3,cookie
db847c06-d84d-4427-adaa-d2f90420521e,ea4e3617-53f8-482b-8fb8-64e4f1738856,2020-03-23 03:50:57.866371+00:00,5,drink
5987e1e6-3c15-47fc-99bf-88ed0b73a040,ea4e3617-53f8-482b-8fb8-64e4f1738856,2020-03-23 04:06:32.988523+00:00,5,croissant
3caaa31e-13d3-4726-82d3-39481cf98855,ea4e3617-53f8-482b-8fb8-64e4f1738856,2020-03-23 05:12:14.550896+00:00,5,cookie
6a7cfd08-ae57-44e8-929c-0131d44260d2,ea4e3617-53f8-482b-8fb8-64e4f1738856,2020-03-23 06:04:17.015427+00:00,4,cookie
9b622c0a-5398-4922-8652-62a224a0db6e,ea4e3617-53f8-482b-8fb8-64e4f1738856,2020-03-23 07:47:17.392063+00:00,3,croissant
787ed06b-5fed-4cb7-a6e8-0b4fe5bb7f3b,ea4e3617-53f8-482b-8fb8-64e4f1738856,2020-03-23 08:56:32.926382+00:00,3,donut
0b6b9944-5e49-48c8-a90a-42d207f9ee87,ea4e3617-53f8-482b-8fb8-64e4f1738856,2020-03-23 09:17:27.141479+00:00,2,donut
362387b4-9be9-4c86-9b32-06f006897b1c,ea4e3617-53f8-482b-8fb8-64e4f1738856,2020-03-23 10:48:28.923169+00:00,5,drink
c8914d99-8218-4bb9-bdf6-8eb0c7e75797,ea4e3617-53f8-482b-8fb8-64e4f1738856,2020-03-23 11:34:53.351395+00:00,3,brioche
0858714d-952a-4d00-94aa-826d60fba34c,ea4e3617-53f8-482b-8fb8-64e4f1738856,2020-03-23 12:39:25.413596+00:00,2,croissant
1414f827-a632-4350-bf71-2ff4c33a8761,ea4e3617-53f8-482b-8fb8-64e4f1738856,2020-03-23 13:57:18.645657+00:00,2,donut
8c58fff0-a15c-4032-930e-7347ff70abaa,71d79665-7181-4dcf-b79e-fc6e5edb0d3c,2020-03-23 14:44:02.224505+00:00,5,drink
871b0b1f-e0e4-4a11-98fb-fda51f09bd6b,71d79665-7181-4dcf-b79e-fc6e5edb0d3c,2020-03-23 15:47:53.539971+00:00,5,croissant
70e68474-8534-4d76-8642-3a80a8c12f22,71d79665-7181-4dcf-b79e-fc6e5edb0d3c,2020-03-23 16:19:00.981681+00:00,2,donut
5424aae4-3e78-4f27-a93b-da3b4b0653e2,71d79665-7181-4dcf-b79e-fc6e5edb0d3c,2020-03-23 17:14:35.064034+00:00,3,brioche
f8ef0017-bf89-444e-9097-ce4674b0b243,71d79665-7181-4dcf-b79e-fc6e5edb0d3c,2020-03-23 18:06:55.500910+00:00,2,croissant
68f0e5f2-e156-4ad3-b525-d556bb98abdf,71d79665-7181-4dcf-b79e-fc6e5edb0d3c,2020-03-23 19:21:42.772175+00:00,3,donut
5cbf7ee6-ea25-4d83-9391-d18a8171d955,71d79665-7181-4dcf-b79e-fc6e5edb0d3c,2020-03-23 20:39:11.987738+00:00,5,brioche
3ad1c48f-6b39-44dc-894b-3a6f72ef917e,71d79665-7181-4dcf-b79e-fc6e5edb0d3c,2020-03-23 21:34:09.632116+00:00,2,donut
68599dc4-e8c5-43b0-86c5-50543eb4a527,71d79665-7181-4dcf-b79e-fc6e5edb0d3c,2020-03-23 22:40:26.778457+00:00,2,donut
57713fff-4971-4ec3-8bbd-373242a1a429,71d79665-7181-4dcf-b79e-fc6e5edb0d3c,2020-03-23 23:18:49.839620+00:00,1,croissant
25fd72f4-fbb6-4ff7-8149-61366bc822f4,71d79665-7181-4dcf-b79e-fc6e5edb0d3c,2020-03-24 00:34:33.642303+00:00,2,brioche
2ab18038-03f8-4c7b-b43d-e03ae05c1fb9,71d79665-7181-4dcf-b79e-fc6e5edb0d3c,2020-03-24 01:07:14.839844+00:00,3,donut
be2badee-7848-4332-ae1c-aec8b61d1f43,71d79665-7181-4dcf-b79e-fc6e5edb0d3c,2020-03-24 02:06:03.583333+00:00,1,croissant
fd6c47e3-2abc-4b2f-b0a6-e45706205f4a,71d79665-7181-4dcf-b79e-fc6e5edb0d3c,2020-03-24 03:04:22.852947+00:00,5,donut
6c1fb2fc-e77d-4bec-a35b-729ceb2ae08b,71d79665-7181-4dcf-b79e-fc6e5edb0d3c,2020-03-24 04:21:15.723976+00:00,4,drink
4b1bbb3a-b644-4d24-bdce-ad918e93abd2,71d79665-7181-4dcf-b79e-fc6e5edb0d3c,2020-03-24 05:07:08.506717+00:00,3,donut
fe7f9299-1b96-4e81-9ddb-6fea9bd7871c,71d79665-7181-4dcf-b79e-fc6e5edb0d3c,2020-03-24 06:43:19.846504+00:00,1,drink
72eace11-f32d-4530-9ade-80d4ebb48c9e,71d79665-7181-4dcf-b79e-fc6e5edb0d3c,2020-03-24 07:54:38.427209+00:00,4,drink
c1f6028b-4a0e-4be5-af89-63b3d5b5c24c,71d79665-7181-4dcf-b79e-fc6e5edb0d3c,2020-03-24 08:28:37.581771+00:00,2,drink
96ed4815-c415-4c73-b944-e4692ef6a152,71d79665-7181-4dcf-b79e-fc6e5edb0d3c,2020-03-24 09:54:58.830650+00:00,5,bread
97f31baf-01fe-4d86-a545-fcc626fa466b,71d79665-7181-4dcf-b79e-fc6e5edb0d3c,2020-03-24 10:35:34.973798+00:00,4,croissant
82380358-2d3d-4b8a-b047-3d9d520826b8,71d79665-7181-4dcf-b79e-fc6e5edb0d3c,2020-03-24 11:43:21.119468+00:00,3,bread
57537534-7e48-4b1c-8c1f-088f3b759faa,71d79665-7181-4dcf-b79e-fc6e5edb0d3c,2020-03-24 12:02:53.836610+00:00,5,donut
ed944378-d814-4be0-821b-390c946f9f07,71d79665-7181-4dcf-b79e-fc6e5edb0d3c,2020-03-24 13:25:36.082308+00:00,3,croissant
f41978cd-2dac-488b-81de-6d58518e58fd,71d79665-7181-4dcf-b79e-fc6e5edb0d3c,2020-03-24 14:08:35.507619+00:00,2,croissant
e12c6678-933c-4b76-873b-ccd484e6078f,71d79665-7181-4dcf-b79e-fc6e5edb0d3c,2020-03-24 15:36:55.718990+00:00,1,cookie
49b016e5-1e59-4d1f-aa64-45d348e80f79,71d79665-7181-4dcf-b79e-fc6e5edb0d3c,2020-03-24 16:16:25.854600+00:00,4,brioche
f06fbb0f-49d9-4f73-ab58-9b3fe2a63e3c,71d79665-7181-4dcf-b79e-fc6e5edb0d3c,2020-03-24 17:55:03.695036+00:00,5,bread
47543604-aa9b-44ba-bb4f-068eecad122d,71d79665-7181-4dcf-b79e-fc6e5edb0d3c,2020-03-24 18:08:27.611250+00:00,2,donut
2b39e995-c13e-40d3-823a-0b12d6baf0f2,71d79665-7181-4dcf-b79e-fc6e5edb0d3c,2020-03-24 19:01:38.460449+00:00,1,donut
01b4cdfc-31f4-46ea-8c8a-bd6989b4db80,71d79665-7181-4dcf-b79e-fc6e5edb0d3c,2020-03-24 20:29:18.117221+00:00,1,cookie
f2a83faa-f11a-41f5-8826-80f934010b60,71d79665-7181-4dcf-b79e-fc6e5edb0d3c,2020-03-24 21:34:16.194585+00:00,4,donut
4b814a84-742f-490e-94be-e4e4204d3f55,71d79665-7181-4dcf-b79e-fc6e5edb0d3c,2020-03-24 22:55:04.782695+00:00,1,croissant
4357ac51-7e45-4ee4-aea8-fb32e38d9fb0,71d79665-7181-4dcf-b79e-fc6e5edb0d3c,2020-03-24 23:05:12.709787+00:00,2,cookie
f7eba7e9-1dd0-4ec8-ab30-f1b1bb4c5947,71d79665-7181-4dcf-b79e-fc6e5edb0d3c,2020-03-25 00:21:13.396186+00:00,1,drink
13089f8b-ba34-4e82-b8f1-f1abcb170945,71d79665-7181-4dcf-b79e-fc6e5edb0d3c,2020-03-25 01:19:37.616577+00:00,5,cookie
bc4b2732-a170-420c-b416-386b46af040d,71d79665-7181-4dcf-b79e-fc6e5edb0d3c,2020-03-25 02:30:46.238807+00:00,1,drink
ecbb1aac-e46b-489a-9097-621ab01cad4e,71d79665-7181-4dcf-b79e-fc6e5edb0d3c,2020-03-25 03:02:18.084638+00:00,1,drink
30bdf7be-5149-4675-8573-b517cb508544,71d79665-7181-4dcf-b79e-fc6e5edb0d3c,2020-03-25 04:50:29.151747+00:00,1,drink
230a37e5-3ef4-43df-820a-5c40a095c0d0,71d79665-7181-4dcf-b79e-fc6e5edb0d3c,2020-03-25 05:35:10.836143+00:00,2,drink
26c451fd-7859-4bc6-83e9-c94c3217f93c,71d79665-7181-4dcf-b79e-fc6e5edb0d3c,2020-03-25 06:29:04.225819+00:00,2,drink
32d5ad87-21bd-4db7-8858-73c17f297630,71d79665-7181-4dcf-b79e-fc6e5edb0d3c,2020-03-25 07:38:05.181808+00:00,1,donut
36d5187b-bfdb-410b-b929-1d34db6ea0ba,71d79665-7181-4dcf-b79e-fc6e5edb0d3c,2020-03-25 08:00:11.511758+00:00,1,croissant
b5c1f027-3563-459e-9c78-bade8ec7dccb,71d79665-7181-4dcf-b79e-fc6e5edb0d3c,2020-03-25 09:10:41.214092+00:00,4,drink
a18af1fd-615a-4341-9d06-5ae84358ce3f,71d79665-7181-4dcf-b79e-fc6e5edb0d3c,2020-03-25 10:35:02.036241+00:00,3,croissant
2e18b22b-f44f-4031-a82d-487987cc4d1c,71d79665-7181-4dcf-b79e-fc6e5edb0d3c,2020-03-25 11:52:40.402741+00:00,2,cookie
cbf78eb1-7d7f-4fed-bc2c-e385ab00764e,71d79665-7181-4dcf-b79e-fc6e5edb0d3c,2020-03-25 12:37:48.098994+00:00,5,cookie
18b666f8-4ba0-468a-bb20-21f78b1d2284,71d79665-7181-4dcf-b79e-fc6e5edb0d3c,2020-03-25 13:13:08.149902+00:00,3,croissant
3f555c7d-534d-488e-b279-ec9ef8281e0b,71d79665-7181-4dcf-b79e-fc6e5edb0d3c,2020-03-25 14:39:44.705483+00:00,1,brioche
a91decb2-51a3-421b-b4d1-183f76f8ef17,71d79665-7181-4dcf-b79e-fc6e5edb0d3c,2020-03-25 15:06:48.730656+00:00,4,drink
7bd64d37-e1d5-4cea-8610-024b20c8667f,71d79665-7181-4dcf-b79e-fc6e5edb0d3c,2020-03-25 16:50:24.434982+00:00,4,donut
076a16e7-3c1f-49aa-afed-c6c3697905ea,71d79665-7181-4dcf-b79e-fc6e5edb0d3c,2020-03-25 17:17:27.348849+00:00,5,brioche
68b49b00-c867-48b2-99da-5f47e3caa0c4,71d79665-7181-4dcf-b79e-fc6e5edb0d3c,2020-03-25 18:03:38.891740+00:00,3,cookie
64315fc2-6946-4f3f-914f-6fd9accc1507,71d79665-7181-4dcf-b79e-fc6e5edb0d3c,2020-03-25 19:48:32.509957+00:00,4,croissant
44b0703f-0dfc-43c1-a990-ff4942bd31c4,71d79665-7181-4dcf-b79e-fc6e5edb0d3c,2020-03-25 20:29:07.819413+00:00,2,cookie
4efa8dc3-0bae-4fc1-918a-d3caa2e25753,71d79665-7181-4dcf-b79e-fc6e5edb0d3c,2020-03-25 21:26:51.490848+00:00,2,donut
34c993ae-8938-479c-aaa2-0c1ee028c315,71d79665-7181-4dcf-b79e-fc6e5edb0d3c,2020-03-25 22:46:46.387209+00:00,1,donut
9adebcc2-2114-4198-9466-2ea99c5a342e,71d79665-7181-4dcf-b79e-fc6e5edb0d3c,2020-03-25 23:32:23.162317+00:00,1,croissant
55525e11-b469-4821-87ca-7ddc171acd35,71d79665-7181-4dcf-b79e-fc6e5edb0d3c,2020-03-26 00:54:44.022832+00:00,5,bread
35e0edd6-84c6-4e4b-8c99-5e2da7a998ab,71d79665-7181-4dcf-b79e-fc6e5edb0d3c,2020-03-26 01:21:43.551906+00:00,2,brioche
dc16cbae-6541-45f8-8923-8eb6d690efa9,71d79665-7181-4dcf-b79e-fc6e5edb0d3c,2020-03-26 02:43:04.153816+00:00,3,brioche
69d445f3-54dd-428c-9fb6-98a5e9209b3a,71d79665-7181-4dcf-b79e-fc6e5edb0d3c,2020-03-26 03:12:56.214352+00:00,2,bread
c14fa9be-0520-4457-9871-8196093c3582,71d79665-7181-4dcf-b79e-fc6e5edb0d3c,2020-03-26 04:56:25.278695+00:00,1,donut
0ad33361-7c22-4735-8a95-7c2e65df39cb,71d79665-7181-4dcf-b79e-fc6e5edb0d3c,2020-03-26 05:09:25.003823+00:00,3,bread
3f4fa031-b025-4b9d-85bc-c4cda1ad9f14,541c7a86-3ba5-4d2f-9ea4-5c19d0243d72,2020-03-26 06:02:01.600850+00:00,1,croissant
d17bd6cc-2195-4073-a697-9d0fa7c02a59,541c7a86-3ba5-4d2f-9ea4-5c19d0243d72,2020-03-26 07:44:25.892651+00:00,3,bread
b8dc6390-8127-4b86-92ea-789013974770,541c7a86-3ba5-4d2f-9ea4-5c19d0243d72,2020-03-26 08:42:12.561272+00:00,4,bread
8aacb783-d48b-4d0d-be1e-70bc03c61e18,541c7a86-3ba5-4d2f-9ea4-5c19d0243d72,2020-03-26 09:36:17.538700+00:00,2,bread
6420b22a-cae9-450b-9693-ffd8bc6232e3,541c7a86-3ba5-4d2f-9ea4-5c19d0243d72,2020-03-26 10:11:39.422689+00:00,5,cookie
8329bd1a-6cd6-4edf-92df-c152c8e6cd4b,541c7a86-3ba5-4d2f-9ea4-5c19d0243d72,2020-03-26 11:44:36.540086+00:00,3,cookie
43a7320c-1984-43ce-b3e1-f6f7757ad703,541c7a86-3ba5-4d2f-9ea4-5c19d0243d72,2020-03-26 12:58:09.344599+00:00,5,croissant
17d2efe7-6df5-4a4a-8a8e-9dd260679824,541c7a86-3ba5-4d2f-9ea4-5c19d0243d72,2020-03-26 13:13:20.110646+00:00,4,donut
e85cc863-48cf-41da-bbbc-cb5d474f9205,541c7a86-3ba5-4d2f-9ea4-5c19d0243d72,2020-03-26 14:42:10.366066+00:00,5,brioche
7f3dadbd-fe3f-4662-8468-0a4a61e5835e,541c7a86-3ba5-4d2f-9ea4-5c19d0243d72,2020-03-26 15:43:39.206832+00:00,3,donut
395c0d62-73c7-4d75-9bb9-d499b6eea1cf,541c7a86-3ba5-4d2f-9ea4-5c19d0243d72,2020-03-26 16:34:40.366158+00:00,1,croissant
5eaca15d-7274-4e76-bb6b-ecb7c56dbe29,541c7a86-3ba5-4d2f-9ea4-5c19d0243d72,2020-03-26 17:28:36.502741+00:00,1,drink
cf473d72-24ce-4160-951a-7dcd4f842010,541c7a86-3ba5-4d2f-9ea4-5c19d0243d72,2020-03-26 18:37:47.689785+00:00,1,bread
dd655951-352a-42af-ab54-57b78f962ff2,541c7a86-3ba5-4d2f-9ea4-5c19d0243d72,2020-03-26 19:56:31.535805+00:00,5,brioche
9dd23036-6737-4ac9-a42e-3d711579bc24,541c7a86-3ba5-4d2f-9ea4-5c19d0243d72,2020-03-26 20:50:17.053426+00:00,5,drink
3b808449-c2b5-49c2-910f-445dd6f34d9b,541c7a86-3ba5-4d2f-9ea4-5c19d0243d72,2020-03-26 21:03:32.158650+00:00,4,cookie
567e8c74-bd92-432a-8fbb-831a696f9074,541c7a86-3ba5-4d2f-9ea4-5c19d0243d72,2020-03-26 22:50:03.564320+00:00,1,cookie
6812a17c-9946-401e-90b8-4f94b062259e,541c7a86-3ba5-4d2f-9ea4-5c19d0243d72,2020-03-26 23:52:17.140498+00:00,3,drink
cb712efd-8ffa-4194-814a-2a61358fb73f,541c7a86-3ba5-4d2f-9ea4-5c19d0243d72,2020-03-27 00:29:19.416797+00:00,4,cookie
5263f8e0-3c59-49c6-a6ea-0997f5a02c0a,541c7a86-3ba5-4d2f-9ea4-5c19d0243d72,2020-03-27 01:27:40.939310+00:00,4,donut
fe25371b-bd5b-4ece-9bd0-ad578e07d8fc,541c7a86-3ba5-4d2f-9ea4-5c19d0243d72,2020-03-27 02:43:59.049538+00:00,1,croissant
209595a4-602c-4604-93d7-54d6b30269aa,541c7a86-3ba5-4d2f-9ea4-5c19d0243d72,2020-03-27 03:45:24.792141+00:00,2,donut
3286af00-2a8b-4289-9f19-297ebf86ad63,541c7a86-3ba5-4d2f-9ea4-5c19d0243d72,2020-03-27 04:26:15.364536+00:00,1,bread
2bb47157-7ec4-49d8-ac97-34c0e2b05055,541c7a86-3ba5-4d2f-9ea4-5c19d0243d72,2020-03-27 05:37:34.193682+00:00,5,croissant
8c0dc409-dfcc-4eb4-bfbe-089223ce37db,541c7a86-3ba5-4d2f-9ea4-5c19d0243d72,2020-03-27 06:25:05.330436+00:00,1,cookie
4b523dc2-fee9-4972-af7b-93e71e19f010,541c7a86-3ba5-4d2f-9ea4-5c19d0243d72,2020-03-27 07:43:11.794778+00:00,3,donut
5f234322-e3b9-4a34-9d77-39b25287e5f4,541c7a86-3ba5-4d2f-9ea4-5c19d0243d72,2020-03-27 08:33:49.717379+00:00,2,brioche
34579c7f-af5d-499c-85f3-cb124a4a5612,541c7a86-3ba5-4d2f-9ea4-5c19d0243d72,2020-03-27 09:48:10.129422+00:00,3,donut
767f5095-78dc-440b-8051-391c9ac1ad69,541c7a86-3ba5-4d2f-9ea4-5c19d0243d72,2020-03-27 10:12:38.221675+00:00,3,drink
22a597cf-ed87-47d5-9a36-a2b6ff0614bb,97fa7f04-8363-4007-9cae-9610c72c1fe3,2020-03-27 11:09:51.257559+00:00,4,bread
267d46e7-2de1-4da4-aa92-d47b515400a6,97fa7f04-8363-4007-9cae-9610c72c1fe3,2020-03-27 12:28:13.776371+00:00,1,cookie
b1acf1dd-3303-443c-b00b-6e7bb3932fb8,97fa7f04-8363-4007-9cae-9610c72c1fe3,2020-03-27 13:05:37.852242+00:00,4,cookie
77fc562b-9ffe-4709-8fa4-c293183f36db,97fa7f04-8363-4007-9cae-9610c72c1fe3,2020-03-27 14:35:40.036060+00:00,1,cookie
39dd11e1-e222-4775-8f24-da7ea2e768d7,97fa7f04-8363-4007-9cae-9610c72c1fe3,2020-03-27 15:20:41.846805+00:00,1,brioche
e958c430-d21c-4643-88c0-8457464aea48,97fa7f04-8363-4007-9cae-9610c72c1fe3,2020-03-27 16:52:05.135370+00:00,5,drink
c4596172-9fdf-4b1b-9e05-b8b14e45a736,97fa7f04-8363-4007-9cae-9610c72c1fe3,2020-03-27 17:24:11.766093+00:00,3,donut
33dcd09c-a8cc-4023-a43f-daf08a8016fe,97fa7f04-8363-4007-9cae-9610c72c1fe3,2020-03-27 18:04:38.914053+00:00,2,bread
2da6b974-47ad-41dd-b768-b54abb0c686a,97fa7f04-8363-4007-9cae-9610c72c1fe3,2020-03-27 19:15:46.575421+00:00,1,brioche
a513964e-965a-493e-85b6-9e95cc009f08,97fa7f04-8363-4007-9cae-9610c72c1fe3,2020-03-27 20:45:57.795633+00:00,3,donut
9ad28c4a-9798-439e-9a78-6fcac5a06501,97fa7f04-8363-4007-9cae-9610c72c1fe3,2020-03-27 21:16:38.055016+00:00,5,drink
2b088fcd-3595-4ffd-b931-30cee8c347d0,97fa7f04-8363-4007-9cae-9610c72c1fe3,2020-03-27 22:00:09.614828+00:00,2,brioche
9d6ba3b5-cda8-48b5-adf6-cca41761f1ce,97fa7f04-8363-4007-9cae-9610c72c1fe3,2020-03-27 23:08:47.369959+00:00,2,croissant
13e9e070-52c6-4562-8010-2dc0dfe6b589,97fa7f04-8363-4007-9cae-9610c72c1fe3,2020-03-28 00:53:45.432032+00:00,1,brioche
6ce763e1-708f-45a1-8ea6-e9bc82ff1dad,97fa7f04-8363-4007-9cae-9610c72c1fe3,2020-03-28 01:39:53.432025+00:00,3,cookie
3da34aca-1e07-44a8-828f-d8cb80189536,97fa7f04-8363-4007-9cae-9610c72c1fe3,2020-03-28 02:33:36.522487+00:00,4,croissant
4fcf9f89-5ae0-4b5a-b977-63feb4cc7214,97fa7f04-8363-4007-9cae-9610c72c1fe3,2020-03-28 03:50:19.137933+00:00,3,donut
d799d80d-9afa-4fb4-a21f-01671404e492,97fa7f04-8363-4007-9cae-9610c72c1fe3,2020-03-28 04:12:50.037718+00:00,2,drink
24940bbd-b61a-41b0-8719-c1a8d5672214,97fa7f04-8363-4007-9cae-9610c72c1fe3,2020-03-28 05:50:23.553973+00:00,5,croissant
4023539b-c9f9-4d37-b1f2-0ebf7d76c495,97fa7f04-8363-4007-9cae-9610c72c1fe3,2020-03-28 06:41:07.323307+00:00,5,croissant
0679c4f2-2d92-48a4-9922-5b53a6ef8273,97fa7f04-8363-4007-9cae-9610c72c1fe3,2020-03-28 07:51:58.098379+00:00,4,drink
36ba4892-6c90-4f13-ba7e-6b515892e71a,97fa7f04-8363-4007-9cae-9610c72c1fe3,2020-03-28 08:37:01.107099+00:00,2,croissant
bf6494b6-eee5-433e-add3-4f8e5fcbf482,97fa7f04-8363-4007-9cae-9610c72c1fe3,2020-03-28 09:59:43.578310+00:00,2,croissant
016ff44c-31e4-4850-86a8-1b2b5c69ee49,97fa7f04-8363-4007-9cae-9610c72c1fe3,2020-03-28 10:35:10.278269+00:00,3,bread
40f66fde-ea72-4584-9e6e-187ae939f790,97fa7f04-8363-4007-9cae-9610c72c1fe3,2020-03-28 11:30:10.056082+00:00,1,donut
46633755-a5b0-4639-8895-4db145e526e1,97fa7f04-8363-4007-9cae-9610c72c1fe3,2020-03-28 12:38:30.026617+00:00,4,bread
40c71862-b44a-4d77-b20c-3a3ffee8acf1,97fa7f04-8363-4007-9cae-9610c72c1fe3,2020-03-28 13:16:27.025790+00:00,1,donut
b7d0c829-dcf9-4680-87ca-07d8d2c57940,97fa7f04-8363-4007-9cae-9610c72c1fe3,2020-03-28 14:55:39.269421+00:00,5,drink
7933ea49-2c7c-4106-bd84-55377458d92c,97fa7f04-8363-4007-9cae-9610c72c1fe3,2020-03-28 15:44:59.769595+00:00,5,bread
9ce85b7d-0761-4c0c-9e99-c56809c70e3d,97fa7f04-8363-4007-9cae-9610c72c1fe3,2020-03-28 16:53:39.354488+00:00,2,drink
d9d76878-def4-4b39-ad49-d235bc775a20,97fa7f04-8363-4007-9cae-9610c72c1fe3,2020-03-28 17:07:53.933541+00:00,4,bread
b5e9489c-a331-44b0-b181-38900e592949,97fa7f04-8363-4007-9cae-9610c72c1fe3,2020-03-28 18:03:44.371701+00:00,1,donut
31b5efb0-da42-498b-bbc0-53a84708cf0f,97fa7f04-8363-4007-9cae-9610c72c1fe3,2020-03-28 19:39:18.378802+00:00,1,cookie
e6508af4-d925-4a4b-ac07-98c7d6578ecb,97fa7f04-8363-4007-9cae-9610c72c1fe3,2020-03-28 20:18:59.329028+00:00,2,donut
842ee348-5dc2-4d9b-b1bd-b57bb8dddfc2,97fa7f04-8363-4007-9cae-9610c72c1fe3,2020-03-28 21:00:51.016365+00:00,4,croissant
0fbd6062-ab6d-4aa8-aaef-dbe1d674998a,97fa7f04-8363-4007-9cae-9610c72c1fe3,2020-03-28 22:03:53.837642+00:00,5,brioche
2c2e8ba0-157e-4914-8442-4098ba9cee3d,97fa7f04-8363-4007-9cae-9610c72c1fe3,2020-03-28 23:26:36.235935+00:00,3,donut
68c4b51a-8166-456c-b04f-bce932dcea5b,97fa7f04-8363-4007-9cae-9610c72c1fe3,2020-03-29 00:10:22.685569+00:00,1,cookie
1e228ade-59c6-4a52-8f80-d1ef4615575c,97fa7f04-8363-4007-9cae-9610c72c1fe3,2020-03-29 01:20:29.228965+00:00,5,drink
7687853e-ee26-4c95-90f1-c7ee160a5654,97fa7f04-8363-4007-9cae-9610c72c1fe3,2020-03-29 02:05:17.383033+00:00,1,brioche
5147c3ba-2f87-4748-961f-77a1bac3d057,97fa7f04-8363-4007-9cae-9610c72c1fe3,2020-03-29 03:35:28.134708+00:00,1,brioche
a3506764-37af-463b-82ac-1c61c9eaa5b9,97fa7f04-8363-4007-9cae-9610c72c1fe3,2020-03-29 04:22:28.306412+00:00,1,drink
d659d69f-4eca-4266-bf29-d615f1780077,97fa7f04-8363-4007-9cae-9610c72c1fe3,2020-03-29 05:40:51.206141+00:00,2,drink
4f7c1491-21fa-48a0-bcf4-ced1c17e3dc0,97fa7f04-8363-4007-9cae-9610c72c1fe3,2020-03-29 06:03:12.007096+00:00,3,brioche
50c74b31-90a6-4567-a3f2-f68f476a2533,97fa7f04-8363-4007-9cae-9610c72c1fe3,2020-03-29 07:24:50.337983+00:00,2,cookie
fab1fa12-2d57-47a0-b300-62f1e2318ce6,97fa7f04-8363-4007-9cae-9610c72c1fe3,2020-03-29 08:17:41.756442+00:00,4,cookie
94256e90-5aeb-4055-bd69-258017a85108,97fa7f04-8363-4007-9cae-9610c72c1fe3,2020-03-29 09:21:49.007514+00:00,5,croissant
d4ec494f-afe1-4845-a18a-f249d45a1de3,97fa7f04-8363-4007-9cae-9610c72c1fe3,2020-03-29 10:10:13.708709+00:00,5,croissant
35edff38-9197-407c-89b7-02ed27dc3b65,97fa7f04-8363-4007-9cae-9610c72c1fe3,2020-03-29 11:59:37.520291+00:00,4,cookie
cbd8715e-ae98-4722-8f97-b016a560c775,97fa7f04-8363-4007-9cae-9610c72c1fe3,2020-03-29 12:17:19.280414+00:00,3,drink
d4718d86-8d36-4459-80f6-c26cf7eefd84,97fa7f04-8363-4007-9cae-9610c72c1fe3,2020-03-29 13:44:35.274426+00:00,3,bread
421a4d96-35f1-404b-85fe-21d68365d2cf,97fa7f04-8363-4007-9cae-9610c72c1fe3,2020-03-29 14:13:05.717711+00:00,3,bread
a8887521-845c-40ea-9d84-2e8fec02e881,97fa7f04-8363-4007-9cae-9610c72c1fe3,2020-03-29 15:37:52.009193+00:00,4,brioche
5f4dec1d-52af-491a-9639-e2b7779d7db4,97fa7f04-8363-4007-9cae-9610c72c1fe3,2020-03-29 16:33:49.569931+00:00,5,bread
a125151b-1ac7-4a5b-b387-a11d5286f977,97fa7f04-8363-4007-9cae-9610c72c1fe3,2020-03-29 17:21:31.982930+00:00,1,brioche
56302021-55af-4783-b9ba-19db6be1610b,97fa7f04-8363-4007-9cae-9610c72c1fe3,2020-03-29 18:38:52.372728+00:00,1,brioche
29a9b2d7-4e68-4465-9ba6-2f73e9c41f0d,97fa7f04-8363-4007-9cae-9610c72c1fe3,2020-03-29 19:28:00.628437+00:00,2,bread
74d99fb1-9dda-4e36-8f29-21017062dff6,97fa7f04-8363-4007-9cae-9610c72c1fe3,2020-03-29 20:35:36.869106+00:00,4,drink
3e5bd4af-d587-47a3-b93c-04f7663ab809,97fa7f04-8363-4007-9cae-9610c72c1fe3,2020-03-29 21:15:09.269171+00:00,3,donut
66b1f859-adb5-45e6-bb88-e4ef567f3096,97fa7f04-8363-4007-9cae-9610c72c1fe3,2020-03-29 22:18:00.623872+00:00,2,donut
c6299ca6-6d07-4774-abc5-bcd41b9c67e0,97fa7f04-8363-4007-9cae-9610c72c1fe3,2020-03-29 23:16:09.699533+00:00,5,croissant
831fd302-29fd-4b08-874f-645997d3d50e,97fa7f04-8363-4007-9cae-9610c72c1fe3,2020-03-30 00:09:58.985041+00:00,3,donut
862a76f2-f15e-409c-b297-fa7ff719ae43,97fa7f04-8363-4007-9cae-9610c72c1fe3,2020-03-30 01:11:54.463716+00:00,5,brioche
c9dfaf7c-5549-4107-a9d5-00dd21408672,97fa7f04-8363-4007-9cae-9610c72c1fe3,2020-03-30 02:57:35.687876+00:00,1,cookie
cd2e6c8b-2436-48de-840c-fbdecaf91924,97fa7f04-8363-4007-9cae-9610c72c1fe3,2020-03-30 03:20:45.968819+00:00,4,brioche
25c1f899-a89a-42c5-8037-42ae75e913d8,97fa7f04-8363-4007-9cae-9610c72c1fe3,2020-03-30 04:12:01.463528+00:00,2,cookie
3c7686e5-2f41-47bc-9493-794a4eba12da,97fa7f04-8363-4007-9cae-9610c72c1fe3,2020-03-30 05:51:27.943908+00:00,4,bread
af496395-2775-457e-bea6-ca65b960df1f,97fa7f04-8363-4007-9cae-9610c72c1fe3,2020-03-30 06:33:19.253633+00:00,3,bread
1993edfe-583f-497d-a8c9-d68c7a3338e0,97fa7f04-8363-4007-9cae-9610c72c1fe3,2020-03-30 07:28:14.882500+00:00,4,drink
ab1ead74-78e9-4ae9-a9af-6d283665de1b,97fa7f04-8363-4007-9cae-9610c72c1fe3,2020-03-30 08:22:34.649685+00:00,4,drink
1887fa69-eabd-47da-8357-a6203e245711,97fa7f04-8363-4007-9cae-9610c72c1fe3,2020-03-30 09:23:15.266089+00:00,3,brioche
e5e4b935-53bd-49f9-85f4-656a665ec4dd,97fa7f04-8363-4007-9cae-9610c72c1fe3,2020-03-30 10:16:59.500561+00:00,4,donut
58cc49bb-1258-4998-88bb-c5bb64d36090,97fa7f04-8363-4007-9cae-9610c72c1fe3,2020-03-30 11:29:17.913584+00:00,5,bread
2d9be542-9bc8-4ea5-a2b5-e74d38c0f0c3,97fa7f04-8363-4007-9cae-9610c72c1fe3,2020-03-30 12:46:04.238134+00:00,3,cookie
00684d9c-d2bf-4c31-805f-6a69570078c1,97fa7f04-8363-4007-9cae-9610c72c1fe3,2020-03-30 13:36:38.039485+00:00,4,bread
7ffcb3fe-2359-4443-bae6-1863a5448d55,97fa7f04-8363-4007-9cae-9610c72c1fe3,2020-03-30 14:11:16.693977+00:00,2,cookie
62522f26-56ef-46a3-97c5-0a7c6f766a77,97fa7f04-8363-4007-9cae-9610c72c1fe3,2020-03-30 15:39:14.561766+00:00,4,brioche
acdeafcd-6306-4765-8fa3-baf648f368ba,97fa7f04-8363-4007-9cae-9610c72c1fe3,2020-03-30 16:49:16.590051+00:00,1,cookie
2df4e387-6bf6-42f7-b47b-ffbaf5611747,97fa7f04-8363-4007-9cae-9610c72c1fe3,2020-03-30 17:09:48.754358+00:00,5,bread
58a64190-1527-4d08-8e65-050b77052c84,97fa7f04-8363-4007-9cae-9610c72c1fe3,2020-03-30 18:41:09.836231+00:00,1,drink
ce9205ae-cdb5-482a-a78b-941fdcca9a71,97fa7f04-8363-4007-9cae-9610c72c1fe3,2020-03-30 19:00:44.008161+00:00,3,brioche
afb144b5-624d-4ff7-81c8-d068931e5f89,97fa7f04-8363-4007-9cae-9610c72c1fe3,2020-03-30 20:27:16.891437+00:00,4,drink
6c262577-66d6-489e-ab91-e501f5bd62cd,97fa7f04-8363-4007-9cae-9610c72c1fe3,2020-03-30 21:46:16.894777+00:00,3,croissant
1daf7374-a255-40ef-bdf7-f8f04236d2f9,97fa7f04-8363-4007-9cae-9610c72c1fe3,2020-03-30 22:36:13.089770+00:00,4,donut
b6472ba8-793a-450c-87ef-d8e25f717ac6,97fa7f04-8363-4007-9cae-9610c72c1fe3,2020-03-30 23:20:06.228631+00:00,5,cookie
fb116ab6-2dc8-4df8-8916-2eb71c968b9b,97fa7f04-8363-4007-9cae-9610c72c1fe3,2020-03-31 00:25:26.634448+00:00,4,drink
564d36b6-01c7-4a8b-a67f-c6ec147b7a33,97fa7f04-8363-4007-9cae-9610c72c1fe3,2020-03-31 01:56:53.524379+00:00,5,cookie
9d5130ae-d015-4623-83d0-3e333296c4c0,97fa7f04-8363-4007-9cae-9610c72c1fe3,2020-03-31 02:43:39.463560+00:00,4,croissant
0a333eef-481e-47f3-b6fa-b8280c6d5a71,97fa7f04-8363-4007-9cae-9610c72c1fe3,2020-03-31 03:07:17.585204+00:00,4,croissant
996d9303-e3a0-40f1-8cd1-9e0c5dfa8933,97fa7f04-8363-4007-9cae-9610c72c1fe3,2020-03-31 04:41:10.995499+00:00,3,croissant
c44f376a-4bd0-4f7a-accc-8e705663e490,97fa7f04-8363-4007-9cae-9610c72c1fe3,2020-03-31 05:49:09.009634+00:00,5,cookie
6ac475a5-5b5c-46c5-8b11-c1812dc12143,97fa7f04-8363-4007-9cae-9610c72c1fe3,2020-03-31 06:01:03.068375+00:00,3,cookie
5b745fdd-1c97-4694-9884-f76d091e11df,98eeac2b-fe9f-4caa-a182-f347533f5a72,2020-03-31 07:43:54.855528+00:00,5,drink
1584184b-2cdc-4cc0-bfa6-0025656e5170,98eeac2b-fe9f-4caa-a182-f347533f5a72,2020-03-31 08:32:05.946721+00:00,2,drink
6e5c9ae7-7e52-422c-a207-0bf3250768f2,98eeac2b-fe9f-4caa-a182-f347533f5a72,2020-03-31 09:53:33.780041+00:00,3,croissant
eb34d8de-3e7d-423e-9e03-83d4b061c6ff,98eeac2b-fe9f-4caa-a182-f347533f5a72,2020-03-31 10:49:32.057075+00:00,5,donut
539b4d73-1397-4f7e-8a67-7292755afc3d,98eeac2b-fe9f-4caa-a182-f347533f5a72,2020-03-31 11:22:22.063184+00:00,2,donut
cffe7547-a347-4f55-b94b-a015fa126797,98eeac2b-fe9f-4caa-a182-f347533f5a72,2020-03-31 12:52:55.332796+00:00,4,donut
56784633-1429-4f31-b9b3-c0eefaf2be80,98eeac2b-fe9f-4caa-a182-f347533f5a72,2020-03-31 13:55:38.785984+00:00,3,croissant
f34ab83d-2f16-4f3d-85ba-ec786696dea0,98eeac2b-fe9f-4caa-a182-f347533f5a72,2020-03-31 14:44:48.361312+00:00,1,croissant
310f8eb5-cb2c-4e21-9dce-0e8cf714bab7,98eeac2b-fe9f-4caa-a182-f347533f5a72,2020-03-31 15:34:15.222441+00:00,3,donut
cb317618-daaf-463a-8a06-3bf5839818fc,98eeac2b-fe9f-4caa-a182-f347533f5a72,2020-03-31 16:14:37.508650+00:00,1,cookie
c2be7bac-3717-444b-b911-2e2292c62630,98eeac2b-fe9f-4caa-a182-f347533f5a72,2020-03-31 17:56:07.721757+00:00,3,drink
46dfe43f-2f8a-4b01-873f-41d2b0595815,98eeac2b-fe9f-4caa-a182-f347533f5a72,2020-03-31 18:30:05.627105+00:00,1,donut
ad9f0e53-2e67-4517-a8e5-2412660f475f,98eeac2b-fe9f-4caa-a182-f347533f5a72,2020-03-31 19:17:05.685023+00:00,1,croissant
6a11315a-c834-4776-84ca-c3d13506e337,98eeac2b-fe9f-4caa-a182-f347533f5a72,2020-03-31 20:39:25.966034+00:00,3,cookie
f9d46d34-ca4e-4cc5-995d-455b76628c4e,98eeac2b-fe9f-4caa-a182-f347533f5a72,2020-03-31 21:38:05.483998+00:00,1,brioche
53199080-b581-44e0-84a0-6d55398e1dc0,98eeac2b-fe9f-4caa-a182-f347533f5a72,2020-03-31 22:13:15.807769+00:00,5,cookie
d3b4a1d1-9bfc-44bd-b647-d58dba68f429,98eeac2b-fe9f-4caa-a182-f347533f5a72,2020-03-31 23:27:38.318950+00:00,4,drink
639817e5-8a9c-4c8d-9429-179b98610b0b,98eeac2b-fe9f-4caa-a182-f347533f5a72,2020-04-01 00:28:32.170393+00:00,5,bread
58ab766f-51d4-4c6a-9731-4c4657cb9e5b,98eeac2b-fe9f-4caa-a182-f347533f5a72,2020-04-01 01:49:21.463329+00:00,2,croissant
35ec5514-7fbc-4d75-be19-24aadab712f6,98eeac2b-fe9f-4caa-a182-f347533f5a72,2020-04-01 02:31:56.065318+00:00,2,drink
08429e20-6726-45b4-8175-11f463db0dea,98eeac2b-fe9f-4caa-a182-f347533f5a72,2020-04-01 03:39:38.514581+00:00,5,bread
fc257ff1-8fb3-4b07-bc8d-c9d0a1a262d0,98eeac2b-fe9f-4caa-a182-f347533f5a72,2020-04-01 04:20:43.077093+00:00,2,drink
4dd516c8-5e83-44da-8793-5334fc20594e,98eeac2b-fe9f-4caa-a182-f347533f5a72,2020-04-01 05:17:30.562953+00:00,3,croissant
27e9184f-0791-4b35-b7a6-3918acac1f3b,98eeac2b-fe9f-4caa-a182-f347533f5a72,2020-04-01 06:37:29.505711+00:00,2,donut
6a5731f7-6e78-4d59-909c-ca675a042fb0,98eeac2b-fe9f-4caa-a182-f347533f5a72,2020-04-01 07:59:44.973025+00:00,1,cookie
fd5baf20-7da2-4e1b-be7a-31688e72d17c,98eeac2b-fe9f-4caa-a182-f347533f5a72,2020-04-01 08:14:04.986830+00:00,5,brioche
d983dadf-f2e5-4ecf-9b6c-549460e0b673,98eeac2b-fe9f-4caa-a182-f347533f5a72,2020-04-01 09:07:24.578427+00:00,4,brioche
921c5875-1c52-4dd1-bdfc-4a9d3618187c,98eeac2b-fe9f-4caa-a182-f347533f5a72,2020-04-01 10:17:21.656314+00:00,2,drink
6894844f-8cd1-492d-a6af-9249fa98f602,98eeac2b-fe9f-4caa-a182-f347533f5a72,2020-04-01 11:21:07.288634+00:00,2,croissant
51c46d6e-4764-4956-9968-5a3ce6847984,98eeac2b-fe9f-4caa-a182-f347533f5a72,2020-04-01 12:46:13.798818+00:00,1,drink
a2145243-f5d2-4fc6-afd5-0018e27f7dc7,98eeac2b-fe9f-4caa-a182-f347533f5a72,2020-04-01 13:45:42.311274+00:00,3,donut
39a01a0b-6465-4945-8852-787c891edaa2,98eeac2b-fe9f-4caa-a182-f347533f5a72,2020-04-01 14:51:32.603715+00:00,4,croissant
730f8b28-ecaf-449e-937d-cef34949ded7,98eeac2b-fe9f-4caa-a182-f347533f5a72,2020-04-01 15:09:25.084092+00:00,2,croissant
d4721e33-885c-4793-80da-b7f849d5182c,98eeac2b-fe9f-4caa-a182-f347533f5a72,2020-04-01 16:20:02.597454+00:00,4,drink
192bb3bc-e843-4f65-aef0-244b2c19ee3d,98eeac2b-fe9f-4caa-a182-f347533f5a72,2020-04-01 17:23:00.072326+00:00,4,croissant
076f3b07-a2ec-477a-b05a-1bef690903c4,98eeac2b-fe9f-4caa-a182-f347533f5a72,2020-04-01 18:37:07.953482+00:00,2,donut
149c0766-ffb8-4ef4-80dc-48739eb318ad,98eeac2b-fe9f-4caa-a182-f347533f5a72,2020-04-01 19:35:58.445412+00:00,4,bread
2a9d0c6a-3ffc-4e13-9c1c-ac23533487f7,98eeac2b-fe9f-4caa-a182-f347533f5a72,2020-04-01 20:34:09.502130+00:00,4,drink
05d0f23a-5ecb-4693-b3ac-2f5e1749939d,98eeac2b-fe9f-4caa-a182-f347533f5a72,2020-04-01 21:44:34.675350+00:00,4,donut
d9add9e0-316a-4466-9d0a-4a6e82e6e14d,98eeac2b-fe9f-4caa-a182-f347533f5a72,2020-04-01 22:54:47.544353+00:00,4,cookie
2cdaa0b2-3d43-44fe-9fe9-1357b91a7793,98eeac2b-fe9f-4caa-a182-f347533f5a72,2020-04-01 23:28:19.808012+00:00,2,cookie
e4fa6417-1097-42a4-8b00-dcfc21f55aa5,98eeac2b-fe9f-4caa-a182-f347533f5a72,2020-04-02 00:01:51.203131+00:00,5,croissant
9a6e868d-af05-4197-bebb-65f1758daaee,98eeac2b-fe9f-4caa-a182-f347533f5a72,2020-04-02 01:26:37.151506+00:00,2,brioche
a4316e6c-800e-4610-b61e-b7e3f909c46c,98eeac2b-fe9f-4caa-a182-f347533f5a72,2020-04-02 02:06:40.166268+00:00,5,cookie
28c5b1e3-e8ac-4518-ab8f-54d8df40fe04,98eeac2b-fe9f-4caa-a182-f347533f5a72,2020-04-02 03:14:41.508434+00:00,1,bread
ad478200-ae99-4937-8846-4aa4bfa4cfdd,98eeac2b-fe9f-4caa-a182-f347533f5a72,2020-04-02 04:24:22.848147+00:00,5,croissant
c8757d06-1203-4b06-a2a4-0afedcb71b1f,98eeac2b-fe9f-4caa-a182-f347533f5a72,2020-04-02 05:25:01.522599+00:00,3,drink
c6cf07bf-b73e-44c3-9ef8-aca7898f3586,98eeac2b-fe9f-4caa-a182-f347533f5a72,2020-04-02 06:36:25.116899+00:00,5,drink
d3e7acd9-7b16-4453-b042-eb9e061285a7,98eeac2b-fe9f-4caa-a182-f347533f5a72,2020-04-02 07:43:33.714303+00:00,3,croissant
c4cd8e19-b9a3-473d-9283-4904d40bf9dc,98eeac2b-fe9f-4caa-a182-f347533f5a72,2020-04-02 08:02:23.663255+00:00,4,drink
a64e2384-a117-4864-82f5-9390ed696cb3,98eeac2b-fe9f-4caa-a182-f347533f5a72,2020-04-02 09:26:24.164905+00:00,1,bread
c2086227-4333-440a-98d9-9ad8255f30b9,98eeac2b-fe9f-4caa-a182-f347533f5a72,2020-04-02 10:49:30.822928+00:00,1,drink
a812cf1b-69b3-4bf2-9dd0-9e342b4088da,98eeac2b-fe9f-4caa-a182-f347533f5a72,2020-04-02 11:20:23.404647+00:00,2,croissant
547c9030-18dd-4aea-83b6-c6ef35c82133,98eeac2b-fe9f-4caa-a182-f347533f5a72,2020-04-02 12:38:31.328057+00:00,1,croissant
c0a40088-7dd7-4c59-b586-74b5e631a9ee,98eeac2b-fe9f-4caa-a182-f347533f5a72,2020-04-02 13:14:41.022399+00:00,3,cookie
54a6368b-71d6-4744-b06f-06814b9842c5,98eeac2b-fe9f-4caa-a182-f347533f5a72,2020-04-02 14:47:14.546215+00:00,3,donut
c2e60c05-0926-4f85-982c-71294679fe6e,98eeac2b-fe9f-4caa-a182-f347533f5a72,2020-04-02 15:08:24.075537+00:00,5,cookie
5ef0195e-e152-4c3a-b894-de0606a4093b,98eeac2b-fe9f-4caa-a182-f347533f5a72,2020-04-02 16:33:48.741960+00:00,3,cookie
9150d9b2-2886-425e-b741-12a5f1dde1f6,98eeac2b-fe9f-4caa-a182-f347533f5a72,2020-04-02 17:38:02.020488+00:00,4,drink
278976c9-4b7d-4b08-ac5b-fe79709ad1ab,98eeac2b-fe9f-4caa-a182-f347533f5a72,2020-04-02 18:44:37.439398+00:00,2,brioche
625cade5-dbf1-4941-8ad6-53d09b81ce24,98eeac2b-fe9f-4caa-a182-f347533f5a72,2020-04-02 19:15:26.300740+00:00,2,bread
4d8e8fdb-954e-45fb-b62f-7bc2d9d5d66c,98eeac2b-fe9f-4caa-a182-f347533f5a72,2020-04-02 20:08:54.108109+00:00,1,cookie
bed64914-8233-4e6e-b89c-96e95d39b505,98eeac2b-fe9f-4caa-a182-f347533f5a72,2020-04-02 21:52:12.837215+00:00,5,croissant
2b9fff6a-e666-49b4-9e53-64dc7a1afd67,98eeac2b-fe9f-4caa-a182-f347533f5a72,2020-04-02 22:58:20.651926+00:00,2,donut
85f970f7-5075-47d1-8047-c7e1da44ae00,98eeac2b-fe9f-4caa-a182-f347533f5a72,2020-04-02 23:22:27.705300+00:00,4,drink
7b67caba-8675-4c71-9eeb-96012b4b8171,98eeac2b-fe9f-4caa-a182-f347533f5a72,2020-04-03 00:10:31.394483+00:00,4,bread
57a55d1a-1093-405b-b26b-3379ab32dc3a,98eeac2b-fe9f-4caa-a182-f347533f5a72,2020-04-03 01:13:29.370633+00:00,2,brioche
c72bf2e8-9bcf-4969-873f-b005266c3392,98eeac2b-fe9f-4caa-a182-f347533f5a72,2020-04-03 02:43:43.542553+00:00,1,drink
75961b93-7fb0-47b6-9b43-ae1a326acdea,98eeac2b-fe9f-4caa-a182-f347533f5a72,2020-04-03 03:34:09.868769+00:00,1,drink
c9a5c042-c878-4b08-91a3-3332d882ce3c,98eeac2b-fe9f-4caa-a182-f347533f5a72,2020-04-03 04:31:26.826000+00:00,2,drink
08683cbf-aa0b-4687-9d12-4a2233d9014f,98eeac2b-fe9f-4caa-a182-f347533f5a72,2020-04-03 05:23:54.568404+00:00,1,cookie
8da40d27-457f-4a84-9133-ded481e60c4c,98eeac2b-fe9f-4caa-a182-f347533f5a72,2020-04-03 06:57:41.962246+00:00,5,bread
725687c2-0e54-4d51-8c44-5778f86e92d6,98eeac2b-fe9f-4caa-a182-f347533f5a72,2020-04-03 07:34:00.127780+00:00,2,brioche
2ec46bfe-bd4b-49cd-8c19-e0ac418df073,98eeac2b-fe9f-4caa-a182-f347533f5a72,2020-04-03 08:41:22.916538+00:00,2,brioche
2d6c18d0-74c0-4ea3-b7a6-3ca5b08c147d,98eeac2b-fe9f-4caa-a182-f347533f5a72,2020-04-03 09:02:24.838053+00:00,5,cookie
be3c7c84-1763-40f5-8708-b42e8d4e46c5,98eeac2b-fe9f-4caa-a182-f347533f5a72,2020-04-03 10:11:24.051000+00:00,1,brioche
352ded78-0f94-4b38-8d81-bc5e85c65764,98eeac2b-fe9f-4caa-a182-f347533f5a72,2020-04-03 11:13:39.310496+00:00,5,donut
89747baf-1928-4cfc-b6da-7bc37a2f2c57,98eeac2b-fe9f-4caa-a182-f347533f5a72,2020-04-03 12:52:53.906550+00:00,1,cookie
3248f699-12b3-43eb-a247-a4f5ca3e7f3a,98eeac2b-fe9f-4caa-a182-f347533f5a72,2020-04-03 13:28:41.876562+00:00,4,bread
8ad8af05-1991-47b9-b288-8f7879dd7b95,98eeac2b-fe9f-4caa-a182-f347533f5a72,2020-04-03 14:35:21.753132+00:00,5,croissant
94eb2ddd-0275-4eca-91bf-903d4cca3dda,98eeac2b-fe9f-4caa-a182-f347533f5a72,2020-04-03 15:25:47.120338+00:00,1,drink
96c49c44-31de-44f6-a483-39f7c7036a4c,cfd01cbd-5f65-48ce-bd21-bc11be9d61ee,2020-04-03 16:48:20.757112+00:00,5,croissant
c12adc55-4072-4ad4-8020-72c6fe034a0e,cfd01cbd-5f65-48ce-bd21-bc11be9d61ee,2020-04-03 17:24:25.807931+00:00,3,croissant
81ddf3ea-5421-462c-ad31-317ca1919e12,cfd01cbd-5f65-48ce-bd21-bc11be9d61ee,2020-04-03 18:28:59.806764+00:00,3,drink
883d9b03-de04-4086-83a2-9acd4cb50736,cfd01cbd-5f65-48ce-bd21-bc11be9d61ee,2020-04-03 19:14:56.479208+00:00,3,drink
a03c67ff-4f0d-47bc-80c8-b0838faf04ba,cfd01cbd-5f65-48ce-bd21-bc11be9d61ee,2020-04-03 20:26:24.157681+00:00,2,croissant
f96f4a1b-e4b3-466b-91b7-95ed01ab1df1,cfd01cbd-5f65-48ce-bd21-bc11be9d61ee,2020-04-03 21:30:34.372548+00:00,4,brioche
6e988798-c2ac-4d6d-90c8-81792dc58521,cfd01cbd-5f65-48ce-bd21-bc11be9d61ee,2020-04-03 22:40:22.714286+00:00,1,croissant
89e10a5a-afdc-4a51-a34c-4c7857a99ae7,cfd01cbd-5f65-48ce-bd21-bc11be9d61ee,2020-04-03 23:49:21.207654+00:00,2,bread
4ea4ae73-3695-4a61-bb57-6da7c34a4fa6,cfd01cbd-5f65-48ce-bd21-bc11be9d61ee,2020-04-04 00:30:06.406813+00:00,3,donut
4cd0d32e-af4b-48ff-9a58-c6ae78ccd788,cfd01cbd-5f65-48ce-bd21-bc11be9d61ee,2020-04-04 01:55:39.185391+00:00,2,donut
280906a9-52e2-4a8e-a793-b627ac00cd5e,cfd01cbd-5f65-48ce-bd21-bc11be9d61ee,2020-04-04 02:11:30.854639+00:00,4,brioche
a99f8c03-9c31-4930-a86e-f693da341653,cfd01cbd-5f65-48ce-bd21-bc11be9d61ee,2020-04-04 03:09:25.677568+00:00,5,croissant
6aba8f0c-c9eb-4e3c-9860-f848a74b2973,cfd01cbd-5f65-48ce-bd21-bc11be9d61ee,2020-04-04 04:46:47.117684+00:00,3,brioche
ef303fd0-78d3-4a66-834a-7e17eeced5b3,cfd01cbd-5f65-48ce-bd21-bc11be9d61ee,2020-04-04 05:51:22.455133+00:00,3,cookie
ba09a484-556e-40d1-8e65-3eee251dd64e,cfd01cbd-5f65-48ce-bd21-bc11be9d61ee,2020-04-04 06:21:14.160857+00:00,3,croissant
64bf2e8c-9033-49b4-ace0-52ef4eda31cc,cfd01cbd-5f65-48ce-bd21-bc11be9d61ee,2020-04-04 07:45:45.702895+00:00,1,croissant
5a86503a-68a6-40ce-b7fb-68d50e28a088,cfd01cbd-5f65-48ce-bd21-bc11be9d61ee,2020-04-04 08:38:44.853770+00:00,2,croissant
d18b621e-04fc-4dd0-8632-7360c45d4c03,cfd01cbd-5f65-48ce-bd21-bc11be9d61ee,2020-04-04 09:42:15.620075+00:00,2,drink
d5221c40-4b77-4f1c-8184-95a4b777dcb9,cfd01cbd-5f65-48ce-bd21-bc11be9d61ee,2020-04-04 10:22:24.510672+00:00,3,croissant
8edd8e22-5360-49db-a1e5-61bbca79bb30,cfd01cbd-5f65-48ce-bd21-bc11be9d61ee,2020-04-04 11:33:35.900143+00:00,2,brioche
db3d419b-70aa-4992-80c0-e6679e1823a2,cfd01cbd-5f65-48ce-bd21-bc11be9d61ee,2020-04-04 12:16:26.266872+00:00,1,brioche
7acc7c3b-b90c-4447-9352-db342911268f,cfd01cbd-5f65-48ce-bd21-bc11be9d61ee,2020-04-04 13:56:29.378966+00:00,5,croissant
0bc6a71b-f25b-46a6-b89c-2ef6f3b93ebe,cfd01cbd-5f65-48ce-bd21-bc11be9d61ee,2020-04-04 14:46:52.420598+00:00,4,drink
7caebdfe-b4dc-40c6-a8ac-d757f5b0fa1c,cfd01cbd-5f65-48ce-bd21-bc11be9d61ee,2020-04-04 15:14:59.446051+00:00,5,donut
0e5d8626-19f7-4775-8f2f-633b60013e38,cfd01cbd-5f65-48ce-bd21-bc11be9d61ee,2020-04-04 16:38:22.663198+00:00,3,donut
48c3a59d-ec71-42e7-b028-eb2d5e9432d6,cfd01cbd-5f65-48ce-bd21-bc11be9d61ee,2020-04-04 17:06:39.710847+00:00,2,drink
c67651b3-fa28-4316-9315-6a2312f0ed7d,cfd01cbd-5f65-48ce-bd21-bc11be9d61ee,2020-04-04 18:43:56.816474+00:00,2,brioche
3332d3ab-92f7-4072-8c81-cd7296fdad96,cfd01cbd-5f65-48ce-bd21-bc11be9d61ee,2020-04-04 19:33:42.610986+00:00,4,brioche
c34604f9-8bed-4104-929e-a40553ed75f6,cfd01cbd-5f65-48ce-bd21-bc11be9d61ee,2020-04-04 20:39:38.486831+00:00,5,donut
05981489-b087-4b0e-8a9a-75f0d13b3a4d,cfd01cbd-5f65-48ce-bd21-bc11be9d61ee,2020-04-04 21:08:25.683243+00:00,1,drink
f50b1168-505f-4360-bd32-ebdab61e7c80,cfd01cbd-5f65-48ce-bd21-bc11be9d61ee,2020-04-04 22:51:12.359983+00:00,4,drink
523e901f-2f23-4d0c-b6fd-f910e2742d5c,cfd01cbd-5f65-48ce-bd21-bc11be9d61ee,2020-04-04 23:28:05.975036+00:00,4,cookie
f8b03457-ad7b-43c5-b2f0-b15c554047fe,cfd01cbd-5f65-48ce-bd21-bc11be9d61ee,2020-04-05 00:42:14.617118+00:00,3,donut
23e8bb05-05ec-447e-aec4-32d0bf660225,cfd01cbd-5f65-48ce-bd21-bc11be9d61ee,2020-04-05 01:07:09.085573+00:00,4,croissant
cc5015cf-7c81-4d5a-8e5a-43726574708d,cfd01cbd-5f65-48ce-bd21-bc11be9d61ee,2020-04-05 02:02:52.911899+00:00,5,bread
5f9c041d-8323-44b5-bd59-3fa4e9b9339e,cfd01cbd-5f65-48ce-bd21-bc11be9d61ee,2020-04-05 03:00:58.324570+00:00,4,bread
cc5bf684-df82-4a94-8114-0235f5b4aee1,cfd01cbd-5f65-48ce-bd21-bc11be9d61ee,2020-04-05 04:19:37.452040+00:00,5,croissant
a266530e-5570-4efc-9327-1b56485b841f,cfd01cbd-5f65-48ce-bd21-bc11be9d61ee,2020-04-05 05:04:01.594123+00:00,1,donut
c7d4a10f-8eec-42a4-b966-f9c21796b7b1,cfd01cbd-5f65-48ce-bd21-bc11be9d61ee,2020-04-05 06:06:44.405733+00:00,2,donut
92ecc3bd-1675-4d7e-99fa-fbb9d8a712cb,cfd01cbd-5f65-48ce-bd21-bc11be9d61ee,2020-04-05 07:55:20.988772+00:00,5,drink
12b59aa4-c07d-4001-b0de-0010fe31f408,cfd01cbd-5f65-48ce-bd21-bc11be9d61ee,2020-04-05 08:46:01.615026+00:00,4,cookie
e16b1b8c-e3ac-421a-b387-a60077391bee,cfd01cbd-5f65-48ce-bd21-bc11be9d61ee,2020-04-05 09:59:39.658844+00:00,2,drink
a5d8d541-2e82-4ce6-92b1-d17e5497062b,cfd01cbd-5f65-48ce-bd21-bc11be9d61ee,2020-04-05 10:34:30.805568+00:00,4,donut
d1f92f96-bd4d-48c8-b14d-53b0c7f7040b,cfd01cbd-5f65-48ce-bd21-bc11be9d61ee,2020-04-05 11:56:54.613288+00:00,1,croissant
9faa2180-01a0-49a2-8b37-617d932204fb,cfd01cbd-5f65-48ce-bd21-bc11be9d61ee,2020-04-05 12:49:41.601514+00:00,1,bread
2686d5c6-6d59-4de7-9287-c72e39a8ab5e,cfd01cbd-5f65-48ce-bd21-bc11be9d61ee,2020-04-05 13:15:31.870620+00:00,2,donut
8849066e-539d-4223-848d-276cacae8af8,cfd01cbd-5f65-48ce-bd21-bc11be9d61ee,2020-04-05 14:27:27.911954+00:00,2,donut
e15c1c37-e4ab-4bae-9aca-08f9ece42aa5,cfd01cbd-5f65-48ce-bd21-bc11be9d61ee,2020-04-05 15:42:53.656070+00:00,5,brioche
34c5dd5b-25f5-4d6f-85e2-cdcc30584d20,cfd01cbd-5f65-48ce-bd21-bc11be9d61ee,2020-04-05 16:18:30.533993+00:00,1,bread
d83e262a-f1ca-480c-9a17-8669888e58e7,cfd01cbd-5f65-48ce-bd21-bc11be9d61ee,2020-04-05 17:02:22.029318+00:00,2,donut
53d47caf-11bb-497a-b464-a31f5938949e,cfd01cbd-5f65-48ce-bd21-bc11be9d61ee,2020-04-05 18:52:14.001785+00:00,2,drink
29cd4d5c-4d8c-49c6-b3a2-b47b35746477,cfd01cbd-5f65-48ce-bd21-bc11be9d61ee,2020-04-05 19:25:27.421099+00:00,3,brioche
c5b86c82-379c-441a-ab7d-2448efb18149,cfd01cbd-5f65-48ce-bd21-bc11be9d61ee,2020-04-05 20:21:19.241154+00:00,2,croissant
600777be-f2b1-468a-958b-54231f8424bd,cfd01cbd-5f65-48ce-bd21-bc11be9d61ee,2020-04-05 21:01:31.525996+00:00,2,croissant
66308af8-7044-4b51-b262-4be80c994ec1,cfd01cbd-5f65-48ce-bd21-bc11be9d61ee,2020-04-05 22:11:55.095839+00:00,4,donut
f8205c5f-17c5-42e0-9fe9-048dd08308b0,cfd01cbd-5f65-48ce-bd21-bc11be9d61ee,2020-04-05 23:10:30.348422+00:00,5,drink
35aad597-c1b0-444b-a9b2-b32c1f27fa2c,9be71737-06b8-4231-8e86-7f3ca487eeab,2020-04-06 00:07:13.289970+00:00,4,drink
fecfc0db-bfeb-42a4-9bbf-785b9ad75864,9be71737-06b8-4231-8e86-7f3ca487eeab,2020-04-06 01:19:00.766492+00:00,2,brioche
81c4dda8-ccbf-4dfe-973e-13d9fc32edb4,9be71737-06b8-4231-8e86-7f3ca487eeab,2020-04-06 02:21:35.490525+00:00,3,donut
04221bf2-74fa-4bdd-b1e4-c27a1cab87e2,9be71737-06b8-4231-8e86-7f3ca487eeab,2020-04-06 03:00:26.120139+00:00,4,croissant
5acc616d-199d-4d5e-9b84-aa96f6295eb4,9be71737-06b8-4231-8e86-7f3ca487eeab,2020-04-06 04:21:37.412796+00:00,3,bread
a6e997ae-d909-4489-b229-29b66f246189,9be71737-06b8-4231-8e86-7f3ca487eeab,2020-04-06 05:18:02.499975+00:00,1,drink
e03db918-63c2-49aa-8f67-4365a4c1c966,9be71737-06b8-4231-8e86-7f3ca487eeab,2020-04-06 06:28:16.901250+00:00,3,drink
0b9d55cd-52c1-4256-a5b7-7f49a5b95c1a,9be71737-06b8-4231-8e86-7f3ca487eeab,2020-04-06 07:08:26.648948+00:00,2,brioche
84c469b1-20c1-4845-825f-c70f90884400,9be71737-06b8-4231-8e86-7f3ca487eeab,2020-04-06 08:09:20.729934+00:00,4,bread
35b7215e-cd68-4b39-98a0-db610fa99695,9be71737-06b8-4231-8e86-7f3ca487eeab,2020-04-06 09:51:58.842219+00:00,3,cookie
2850c932-d2c0-4ee4-aa35-567d9e181620,9be71737-06b8-4231-8e86-7f3ca487eeab,2020-04-06 10:25:09.260939+00:00,2,donut
cf35fdb9-bdf1-4708-a6c0-df52f71de9c5,9be71737-06b8-4231-8e86-7f3ca487eeab,2020-04-06 11:48:37.150828+00:00,2,cookie
c95bc917-1c01-460c-acc9-d15ae10b3781,9be71737-06b8-4231-8e86-7f3ca487eeab,2020-04-06 12:09:44.545372+00:00,4,brioche
5f88fe99-a014-4ab9-a755-e34c4e5a4392,9be71737-06b8-4231-8e86-7f3ca487eeab,2020-04-06 13:54:32.331070+00:00,3,donut
069ccc0a-c884-4f88-874a-588f5231d2a5,9be71737-06b8-4231-8e86-7f3ca487eeab,2020-04-06 14:19:53.695370+00:00,4,bread
e9e02d8d-24f3-44ef-9f3d-3d65bc25bce1,9be71737-06b8-4231-8e86-7f3ca487eeab,2020-04-06 15:24:27.555509+00:00,5,croissant
8673cf07-b8f7-4fad-9937-c931c33359b9,9be71737-06b8-4231-8e86-7f3ca487eeab,2020-04-06 16:10:11.064832+00:00,1,bread
17956e87-3902-48a7-a5ae-288f59423395,9be71737-06b8-4231-8e86-7f3ca487eeab,2020-04-06 17:25:11.578363+00:00,1,bread
fbbe0e9d-76e5-4a12-b9c6-c757f7feb735,9be71737-06b8-4231-8e86-7f3ca487eeab,2020-04-06 18:24:54.276636+00:00,5,croissant
cf367c1b-9a6f-4965-9b5e-d35a2268645f,9be71737-06b8-4231-8e86-7f3ca487eeab,2020-04-06 19:38:12.678854+00:00,3,croissant
41c1aee2-e723-4658-a648-d7ae78304c6c,9be71737-06b8-4231-8e86-7f3ca487eeab,2020-04-06 20:07:41.515000+00:00,5,cookie
b7607067-ab1e-4b37-9d15-844df4f7bfdc,9be71737-06b8-4231-8e86-7f3ca487eeab,2020-04-06 21:05:47.033844+00:00,4,drink
323fdf19-923c-4117-9a1a-9b09d4c2459b,9be71737-06b8-4231-8e86-7f3ca487eeab,2020-04-06 22:07:32.998716+00:00,5,brioche
39bdc3ed-2481-4414-b139-dc4bce31ce5c,9be71737-06b8-4231-8e86-7f3ca487eeab,2020-04-06 23:39:33.155748+00:00,1,drink
9d719800-e30d-4d83-8844-cc496761f64e,9be71737-06b8-4231-8e86-7f3ca487eeab,2020-04-07 00:06:18.821556+00:00,2,cookie
4d156c62-a8cc-4e3b-bae3-438e2f43b2f0,9be71737-06b8-4231-8e86-7f3ca487eeab,2020-04-07 01:19:43.052732+00:00,4,drink
93c1392f-8453-4803-8519-469e973da9cb,9be71737-06b8-4231-8e86-7f3ca487eeab,2020-04-07 02:59:15.514541+00:00,3,brioche
a94485e0-5ff0-48eb-ac09-90b653f42383,9be71737-06b8-4231-8e86-7f3ca487eeab,2020-04-07 03:08:42.795597+00:00,1,drink
a1c2e70c-6291-43bf-8cbd-d15ee7f0916e,9be71737-06b8-4231-8e86-7f3ca487eeab,2020-04-07 04:02:52.866354+00:00,2,brioche
08bbb29f-a277-479b-a498-a9f203aa96d2,9be71737-06b8-4231-8e86-7f3ca487eeab,2020-04-07 05:50:07.364733+00:00,2,brioche
927446b6-02ff-4754-9291-7b6d65924c9f,9be71737-06b8-4231-8e86-7f3ca487eeab,2020-04-07 06:28:50.794943+00:00,3,brioche
f88505f9-d126-4905-9e99-3ecda0f35470,9be71737-06b8-4231-8e86-7f3ca487eeab,2020-04-07 07:34:37.925332+00:00,4,brioche
8bbec119-4347-4a28-9f0e-570b74047ec7,9be71737-06b8-4231-8e86-7f3ca487eeab,2020-04-07 08:26:23.506790+00:00,3,drink
565c978a-ec83-44d7-83b5-ad03c4bd23eb,9be71737-06b8-4231-8e86-7f3ca487eeab,2020-04-07 09:20:14.116529+00:00,2,cookie
7cc34e98-df39-4fa5-8e96-cc5e574aa942,9be71737-06b8-4231-8e86-7f3ca487eeab,2020-04-07 10:46:19.228043+00:00,4,drink
57a5e3b2-db30-4dad-ab02-e10418b47298,9be71737-06b8-4231-8e86-7f3ca487eeab,2020-04-07 11:45:47.769566+00:00,3,bread
a46d4b51-6d30-4e33-9d8c-4feac82e27a3,9be71737-06b8-4231-8e86-7f3ca487eeab,2020-04-07 12:01:31.490363+00:00,5,brioche
751a5b9a-f99f-4c06-ba24-de171836a027,9be71737-06b8-4231-8e86-7f3ca487eeab,2020-04-07 13:49:48.280636+00:00,1,donut
df9107d5-2055-45c6-8bb3-e035b67333e0,9be71737-06b8-4231-8e86-7f3ca487eeab,2020-04-07 14:20:51.447281+00:00,4,croissant
153d5754-f086-424a-bbfb-d9f98da4f916,9be71737-06b8-4231-8e86-7f3ca487eeab,2020-04-07 15:57:58.653186+00:00,5,brioche
e2b845b7-f0f5-4dc1-91ed-43ba65c65e05,9be71737-06b8-4231-8e86-7f3ca487eeab,2020-04-07 16:59:54.761257+00:00,2,brioche
c6a22085-38cb-405e-ae3a-1f32d70b1463,9be71737-06b8-4231-8e86-7f3ca487eeab,2020-04-07 17:01:00.189258+00:00,3,donut
901919b7-26da-4a1c-87a9-ff3099d6f609,9be71737-06b8-4231-8e86-7f3ca487eeab,2020-04-07 18:51:35.734313+00:00,5,bread
8a19de1f-5cd7-4899-887c-edb9ccddd6b3,9be71737-06b8-4231-8e86-7f3ca487eeab,2020-04-07 19:13:49.524762+00:00,5,brioche
ae2e7dd2-19a2-4602-a8a3-d3a35fdd67bb,9be71737-06b8-4231-8e86-7f3ca487eeab,2020-04-07 20:09:56.287858+00:00,5,brioche
b75168f6-c048-4d0b-ae3f-0127d7de7f4d,9be71737-06b8-4231-8e86-7f3ca487eeab,2020-04-07 21:09:07.383889+00:00,5,croissant
0c858238-4746-4fb7-b3c3-2015dbb93bf6,9be71737-06b8-4231-8e86-7f3ca487eeab,2020-04-07 22:57:32.604353+00:00,4,cookie
f8d592a7-8591-4047-a6a5-17d063c81fb9,9be71737-06b8-4231-8e86-7f3ca487eeab,2020-04-07 23:25:16.550908+00:00,4,croissant
f02a2956-b8b7-48b8-a2d8-c08b52696eeb,9be71737-06b8-4231-8e86-7f3ca487eeab,2020-04-08 00:17:59.975554+00:00,1,cookie
4fc55e4c-ab09-4c62-8e46-1d8bb555d6ee,9be71737-06b8-4231-8e86-7f3ca487eeab,2020-04-08 01:12:31.517279+00:00,5,donut
c152caf6-0f29-401d-911a-c671f5931884,9be71737-06b8-4231-8e86-7f3ca487eeab,2020-04-08 02:24:37.351905+00:00,2,croissant
f8db37f6-c3bc-4ca7-a906-567dd28b829a,9be71737-06b8-4231-8e86-7f3ca487eeab,2020-04-08 03:48:25.157795+00:00,2,croissant
6b44312a-a565-4d41-a8d1-41dbc94bcc99,9be71737-06b8-4231-8e86-7f3ca487eeab,2020-04-08 04:23:27.598792+00:00,2,brioche
39ef20ea-120e-4c83-99b4-4b98d5969658,9be71737-06b8-4231-8e86-7f3ca487eeab,2020-04-08 05:57:48.086438+00:00,3,brioche
b9d9c1dc-1f9b-42b4-a6c4-ce9be483f4f1,9be71737-06b8-4231-8e86-7f3ca487eeab,2020-04-08 06:44:22.757946+00:00,2,brioche
468538bc-ac17-4b47-a474-e10f718170c2,9be71737-06b8-4231-8e86-7f3ca487eeab,2020-04-08 07:45:38.104543+00:00,1,drink
8634a7cd-4fa8-4870-8547-5ee11e06d96a,9be71737-06b8-4231-8e86-7f3ca487eeab,2020-04-08 08:06:09.403958+00:00,5,croissant
4c7f9cd6-7032-47d2-a911-610c3b7039b0,9be71737-06b8-4231-8e86-7f3ca487eeab,2020-04-08 09:49:20.065326+00:00,5,drink
1205e9cc-2757-49a0-b451-6c969c2b4ca9,9be71737-06b8-4231-8e86-7f3ca487eeab,2020-04-08 10:52:48.816769+00:00,3,cookie
61aa189d-0a7d-4de0-bcea-e86bf311a3a1,9be71737-06b8-4231-8e86-7f3ca487eeab,2020-04-08 11:50:16.718805+00:00,3,bread
95c127e6-6d08-49b4-b76e-3a29a07c68c2,9be71737-06b8-4231-8e86-7f3ca487eeab,2020-04-08 12:10:06.441635+00:00,4,cookie
16acb78e-1a61-4efe-85d8-cc0839819354,9be71737-06b8-4231-8e86-7f3ca487eeab,2020-04-08 13:59:51.379105+00:00,5,donut
de8e7602-3dc5-49fc-9cd0-094cdd763717,9be71737-06b8-4231-8e86-7f3ca487eeab,2020-04-08 14:50:59.875488+00:00,4,drink
0e80c78a-6bf2-45d9-aeb6-d54bf6972fbb,9be71737-06b8-4231-8e86-7f3ca487eeab,2020-04-08 15:38:17.015667+00:00,3,drink
406d7f7c-e79c-497d-869f-2152bb815c56,9be71737-06b8-4231-8e86-7f3ca487eeab,2020-04-08 16:38:24.955526+00:00,3,croissant
fbab907a-4051-4bda-9617-82cbaabf1a08,9be71737-06b8-4231-8e86-7f3ca487eeab,2020-04-08 17:21:23.980646+00:00,1,bread
95f5f2ac-3e24-4c2b-bc4c-ec7dce55754e,832920b7-c143-4426-b72f-871a45ee432d,2020-04-08 18:29:41.913897+00:00,5,croissant
ff4f3808-1a9d-4acc-8408-7701aa66a0ed,832920b7-c143-4426-b72f-871a45ee432d,2020-04-08 19:46:51.318938+00:00,4,donut
6035e48d-90cc-4a42-9660-a2759b4cccb0,832920b7-c143-4426-b72f-871a45ee432d,2020-04-08 20:36:23.860200+00:00,4,bread
d694a527-9720-488f-9b98-a0e39a068a93,832920b7-c143-4426-b72f-871a45ee432d,2020-04-08 21:47:36.959885+00:00,1,donut
c39783ae-f77b-4742-9e12-bbed184c4178,832920b7-c143-4426-b72f-871a45ee432d,2020-04-08 22:14:19.011538+00:00,5,drink
6bfd01bc-9a93-43ea-a75e-c164b5950807,832920b7-c143-4426-b72f-871a45ee432d,2020-04-08 23:48:55.020743+00:00,1,cookie
da2bf1b7-70b3-46df-89c3-4dd8a5a79705,832920b7-c143-4426-b72f-871a45ee432d,2020-04-09 00:27:38.674691+00:00,5,bread
ce22efcf-d02b-4c3a-a610-ba20f0b0c031,832920b7-c143-4426-b72f-871a45ee432d,2020-04-09 01:37:41.226057+00:00,4,drink
91225311-374e-4dff-8690-6169e8780458,832920b7-c143-4426-b72f-871a45ee432d,2020-04-09 02:10:50.655682+00:00,3,bread
cd4901c9-6982-4369-abb1-02534ad2a7ba,832920b7-c143-4426-b72f-871a45ee432d,2020-04-09 03:01:42.148490+00:00,4,cookie
5813a496-aed9-4ac5-9180-97f45bcc7bfb,832920b7-c143-4426-b72f-871a45ee432d,2020-04-09 04:21:08.562421+00:00,2,cookie
53133ea1-0c3c-400f-88a1-34aa722d8397,832920b7-c143-4426-b72f-871a45ee432d,2020-04-09 05:27:29.536462+00:00,3,brioche
dd0d3739-c553-4b6d-8ef8-66193599fe91,832920b7-c143-4426-b72f-871a45ee432d,2020-04-09 06:32:50.199778+00:00,3,drink
c7ed8888-5939-4c71-80d9-863f66bcf6f0,832920b7-c143-4426-b72f-871a45ee432d,2020-04-09 07:48:55.690029+00:00,4,bread
89c9c0f3-9dcc-41b0-9a0f-df6155718266,832920b7-c143-4426-b72f-871a45ee432d,2020-04-09 08:44:23.493574+00:00,2,cookie
ea072198-19ee-4d26-8e4b-36aad4249390,832920b7-c143-4426-b72f-871a45ee432d,2020-04-09 09:43:18.986402+00:00,4,cookie
2faa49dd-a3b4-4240-bf48-05369f2e444a,832920b7-c143-4426-b72f-871a45ee432d,2020-04-09 10:45:23.632123+00:00,2,cookie
59c085a8-7c45-465d-b517-e8efdb213e31,832920b7-c143-4426-b72f-871a45ee432d,2020-04-09 11:20:13.204492+00:00,4,cookie
2b25a58a-f595-4b2e-a8c2-783dc138a98b,832920b7-c143-4426-b72f-871a45ee432d,2020-04-09 12:19:21.935199+00:00,1,brioche
8191086b-e8a9-4aba-8f7e-bc5494f3ea1b,832920b7-c143-4426-b72f-871a45ee432d,2020-04-09 13:42:00.821884+00:00,5,cookie
2d8b62b6-89cb-49aa-8f56-fffcc1bbb767,832920b7-c143-4426-b72f-871a45ee432d,2020-04-09 14:23:52.696437+00:00,1,brioche
9914857d-b62f-46ee-972d-c64717e6ae99,832920b7-c143-4426-b72f-871a45ee432d,2020-04-09 15:54:52.910292+00:00,4,cookie
88676641-5714-4c0b-b744-71582550e249,832920b7-c143-4426-b72f-871a45ee432d,2020-04-09 16:21:13.678746+00:00,2,croissant
bc7d0017-f4c1-440b-9852-8abb1a873c25,832920b7-c143-4426-b72f-871a45ee432d,2020-04-09 17:48:52.463109+00:00,3,donut
52e6ef74-150b-41d8-b882-c32691f28485,832920b7-c143-4426-b72f-871a45ee432d,2020-04-09 18:59:57.980008+00:00,4,bread
aae2ad63-27ae-4aae-8c48-e3f43ef389ba,832920b7-c143-4426-b72f-871a45ee432d,2020-04-09 19:59:33.638211+00:00,1,croissant
fbb713fd-b1f0-4429-954f-bd023976c637,832920b7-c143-4426-b72f-871a45ee432d,2020-04-09 20:13:08.310570+00:00,2,croissant
25376857-3749-4f64-8fc0-1fbca5dc733d,832920b7-c143-4426-b72f-871a45ee432d,2020-04-09 21:00:44.706075+00:00,2,bread
d682a0b4-7bb7-4c42-9cba-7bc6db872c8f,832920b7-c143-4426-b72f-871a45ee432d,2020-04-09 22:26:20.219617+00:00,5,donut
698e0981-3136-4512-916e-1089ff9558a3,832920b7-c143-4426-b72f-871a45ee432d,2020-04-09 23:11:09.808956+00:00,5,donut
e37b8f84-9351-440f-a093-ca68664d49fa,832920b7-c143-4426-b72f-871a45ee432d,2020-04-10 00:54:08.433691+00:00,4,drink
fb5edc15-cbfa-48d6-b4ed-4d1d42f1287b,832920b7-c143-4426-b72f-871a45ee432d,2020-04-10 01:21:50.288120+00:00,3,croissant
ecedf328-e669-4d22-9d50-d2eb5ec74b9e,832920b7-c143-4426-b72f-871a45ee432d,2020-04-10 02:56:12.919819+00:00,3,donut
b1757e7d-f545-452a-93b8-ec305b693697,832920b7-c143-4426-b72f-871a45ee432d,2020-04-10 03:08:04.174087+00:00,2,donut
fb2389d3-18bc-4e3b-a0f6-b8d894369f5d,832920b7-c143-4426-b72f-871a45ee432d,2020-04-10 04:55:02.926034+00:00,5,drink
1ad4ac13-5040-49fa-890d-58e579c9f246,832920b7-c143-4426-b72f-871a45ee432d,2020-04-10 05:48:26.112845+00:00,5,brioche
b3bfbdab-b7b2-4f20-992c-fe25b858e203,832920b7-c143-4426-b72f-871a45ee432d,2020-04-10 06:38:41.877461+00:00,5,brioche
d62c4be4-9302-45dc-84e5-eddd771d030f,832920b7-c143-4426-b72f-871a45ee432d,2020-04-10 07:03:11.525239+00:00,5,croissant
108d692f-6fa9-457c-974f-e6687f441add,832920b7-c143-4426-b72f-871a45ee432d,2020-04-10 08:57:11.390440+00:00,2,bread
a6789753-8f1a-4d4a-b2ce-d11f8f59748b,832920b7-c143-4426-b72f-871a45ee432d,2020-04-10 09:03:27.164756+00:00,3,croissant
1053adba-25db-48d1-b4d0-aaeade19893e,832920b7-c143-4426-b72f-871a45ee432d,2020-04-10 10:40:55.225236+00:00,1,drink
f2859a73-4083-4cf3-91db-5fbc46addbe7,832920b7-c143-4426-b72f-871a45ee432d,2020-04-10 11:53:47.504192+00:00,1,drink
b4479e70-6e4a-4071-bda5-b64899056421,832920b7-c143-4426-b72f-871a45ee432d,2020-04-10 12:45:51.714705+00:00,2,croissant
4f50b598-73bd-480f-a96b-c76137179e45,832920b7-c143-4426-b72f-871a45ee432d,2020-04-10 13:32:18.224522+00:00,3,cookie
e03f7c17-cc65-4374-91e2-2c1e3b895644,832920b7-c143-4426-b72f-871a45ee432d,2020-04-10 14:30:28.637756+00:00,4,brioche
ae6b19de-faec-4b4c-8a24-0d57c42c40ce,832920b7-c143-4426-b72f-871a45ee432d,2020-04-10 15:35:12.740859+00:00,1,donut
5bbccb30-c124-4471-b64d-158c0d8f808d,832920b7-c143-4426-b72f-871a45ee432d,2020-04-10 16:35:14.811626+00:00,1,donut
bafa34da-69e8-4e2a-879f-22eb1049f904,832920b7-c143-4426-b72f-871a45ee432d,2020-04-10 17:09:40.345990+00:00,2,brioche
c24217c5-c613-41c1-99fd-92a4fad2fd69,832920b7-c143-4426-b72f-871a45ee432d,2020-04-10 18:59:22.524663+00:00,2,bread
ba89eda3-7eb6-4f51-adc7-8d7ba63f89b5,832920b7-c143-4426-b72f-871a45ee432d,2020-04-10 19:07:10.200344+00:00,1,bread
b3700e92-92f1-4a69-a74f-6635f236b2ee,832920b7-c143-4426-b72f-871a45ee432d,2020-04-10 20:56:56.507605+00:00,4,croissant
23755bc8-7972-4629-b248-41dd619c4496,832920b7-c143-4426-b72f-871a45ee432d,2020-04-10 21:50:50.155959+00:00,2,bread
b50f2f5c-2d6a-4dd4-9aeb-90f64faa8036,832920b7-c143-4426-b72f-871a45ee432d,2020-04-10 22:25:49.299204+00:00,3,croissant
66c3f832-42b0-4e31-af3f-be11173a603d,832920b7-c143-4426-b72f-871a45ee432d,2020-04-10 23:12:02.186259+00:00,3,drink
73a469a5-56f7-46bb-94e1-aabda20cc4ba,832920b7-c143-4426-b72f-871a45ee432d,2020-04-11 00:45:06.535393+00:00,5,cookie
0f973342-9b2d-43a3-a119-e3310538fbfd,832920b7-c143-4426-b72f-871a45ee432d,2020-04-11 01:58:55.236442+00:00,1,drink
00714e0f-2b23-4ce0-9872-0dc75f868f8b,832920b7-c143-4426-b72f-871a45ee432d,2020-04-11 02:57:48.959122+00:00,5,bread
4e674f72-627f-44eb-93ad-132c0131771e,832920b7-c143-4426-b72f-871a45ee432d,2020-04-11 03:01:39.552811+00:00,5,donut
f4a985b0-11c3-4e19-9bfe-ed4a5ff540ca,832920b7-c143-4426-b72f-871a45ee432d,2020-04-11 04:10:20.614650+00:00,5,croissant
f9cc596e-37e7-4948-8903-c8c72e8992cc,832920b7-c143-4426-b72f-871a45ee432d,2020-04-11 05:20:42.892664+00:00,2,donut
e4353335-2d4b-4c13-92f0-ae835fc97e64,832920b7-c143-4426-b72f-871a45ee432d,2020-04-11 06:26:26.511309+00:00,2,donut
71f27f0f-d1a9-4f91-9079-fe4e261b047a,832920b7-c143-4426-b72f-871a45ee432d,2020-04-11 07:01:49.230001+00:00,1,donut
f0d1fa72-cb2c-4b1d-b541-8b22e36345fc,832920b7-c143-4426-b72f-871a45ee432d,2020-04-11 08:07:13.019090+00:00,3,cookie
2e2fcae7-aedb-4046-995b-9abc1b972332,832920b7-c143-4426-b72f-871a45ee432d,2020-04-11 09:35:24.382778+00:00,2,bread
27bea2b2-9a7f-426f-b172-e9f87f660f24,832920b7-c143-4426-b72f-871a45ee432d,2020-04-11 10:59:50.430860+00:00,3,croissant
d4eee313-8c48-4218-a892-ab6fedb92750,832920b7-c143-4426-b72f-871a45ee432d,2020-04-11 11:23:19.845040+00:00,4,bread
569db57e-10c2-48ba-8df1-363aab304184,832920b7-c143-4426-b72f-871a45ee432d,2020-04-11 12:14:46.399815+00:00,2,brioche
30370fff-7da2-4b48-914d-4890f5dbed2c,832920b7-c143-4426-b72f-871a45ee432d,2020-04-11 13:47:38.594255+00:00,1,cookie
ebced334-fb7b-40c7-aaa6-fc450f01fe85,832920b7-c143-4426-b72f-871a45ee432d,2020-04-11 14:28:49.524229+00:00,5,bread
a9dbf628-1748-4a01-8514-7bc9d907ba3f,832920b7-c143-4426-b72f-871a45ee432d,2020-04-11 15:39:17.294887+00:00,5,donut
858c5992-882c-4812-b3c3-c4289338e35d,832920b7-c143-4426-b72f-871a45ee432d,2020-04-11 16:23:39.065696+00:00,5,drink
22ae8888-5200-41ca-8855-f44a33704903,832920b7-c143-4426-b72f-871a45ee432d,2020-04-11 17:26:52.456452+00:00,2,cookie
677c25b0-6d23-4155-a057-c558f1ba308e,832920b7-c143-4426-b72f-871a45ee432d,2020-04-11 18:26:06.499768+00:00,1,croissant
524ec63c-1ab4-4e05-bdc1-dda00619feb0,832920b7-c143-4426-b72f-871a45ee432d,2020-04-11 19:33:40.510773+00:00,5,croissant
c94ee2f0-fe06-4b4e-bf63-abb84e4f4dd0,832920b7-c143-4426-b72f-871a45ee432d,2020-04-11 20:46:14.666779+00:00,1,donut
f2602a26-3025-4041-8aa8-6e33d4cd45a9,832920b7-c143-4426-b72f-871a45ee432d,2020-04-11 21:05:21.074992+00:00,5,drink
2c613d5c-8af4-4753-923f-128ee67882ae,832920b7-c143-4426-b72f-871a45ee432d,2020-04-11 22:38:27.356741+00:00,1,donut
4d8ddd2d-f77e-4ee6-8c15-cb2807289719,832920b7-c143-4426-b72f-871a45ee432d,2020-04-11 23:23:05.645007+00:00,3,donut
af25762c-d34d-49ae-92e1-06a40d6c6599,832920b7-c143-4426-b72f-871a45ee432d,2020-04-12 00:52:25.338735+00:00,5,donut
5eee5114-823d-469c-ada4-6bc5d96688c9,832920b7-c143-4426-b72f-871a45ee432d,2020-04-12 01:40:52.080194+00:00,1,brioche
2f8a637d-f330-4c59-b50d-456e19412cae,832920b7-c143-4426-b72f-871a45ee432d,2020-04-12 02:53:32.481877+00:00,3,bread
34ecb64f-7eca-4b2d-b41f-ab4ab6caf840,832920b7-c143-4426-b72f-871a45ee432d,2020-04-12 03:34:16.123190+00:00,5,bread
34be5f01-61a9-4ecf-ac0d-d9ba0b94729c,832920b7-c143-4426-b72f-871a45ee432d,2020-04-12 04:54:01.154516+00:00,1,cookie
a8db2a2c-3d8a-4701-a786-7bbf01368f98,832920b7-c143-4426-b72f-871a45ee432d,2020-04-12 05:48:49.095892+00:00,3,brioche
3a769378-d39a-4c87-a3d1-8504fcb1a281,832920b7-c143-4426-b72f-871a45ee432d,2020-04-12 06:22:18.421599+00:00,4,bread
3f05344c-9947-498a-a444-727727eaf665,832920b7-c143-4426-b72f-871a45ee432d,2020-04-12 07:37:18.349494+00:00,3,croissant
dd1e4932-b5cd-4c34-920e-e451ae2e69e2,832920b7-c143-4426-b72f-871a45ee432d,2020-04-12 08:54:07.516124+00:00,3,brioche
bc94046e-a741-4d2c-a0f1-3db6f0b5b7b3,832920b7-c143-4426-b72f-871a45ee432d,2020-04-12 09:54:49.450253+00:00,4,drink
69e44d26-d2d4-4ec7-aa77-982b029e435d,832920b7-c143-4426-b72f-871a45ee432d,2020-04-12 10:22:37.674344+00:00,2,croissant
a064bc2a-02ab-4565-99a2-186f40e07e0f,832920b7-c143-4426-b72f-871a45ee432d,2020-04-12 11:41:33.083303+00:00,1,drink
a9b7f1f5-20fe-41f3-b2fa-10f7c46268d6,832920b7-c143-4426-b72f-871a45ee432d,2020-04-12 12:41:22.197741+00:00,1,drink
ca8b6e4c-e6f7-43d4-a8af-3b731d82e2a8,12738a23-5aaa-432f-8e63-22b6ab05347f,2020-04-12 13:29:18.732499+00:00,2,donut
bd76bb2f-f189-4bad-aad8-8bca53cf14e1,12738a23-5aaa-432f-8e63-22b6ab05347f,2020-04-12 14:15:23.396988+00:00,4,cookie
db029414-48e2-4a53-8954-105b89485754,12738a23-5aaa-432f-8e63-22b6ab05347f,2020-04-12 15:34:12.390001+00:00,1,bread
e24f908a-e2b6-4842-92a8-192265189347,12738a23-5aaa-432f-8e63-22b6ab05347f,2020-04-12 16:12:07.653988+00:00,1,donut
208a9c4f-3366-4a87-bf7a-c78cd8b13a9d,12738a23-5aaa-432f-8e63-22b6ab05347f,2020-04-12 17:31:05.612009+00:00,1,croissant
3a887bed-1c85-4510-9bfd-f6267a93ef0e,12738a23-5aaa-432f-8e63-22b6ab05347f,2020-04-12 18:02:16.912523+00:00,4,brioche
ce70d3f7-b190-4ea4-8335-e9e5156755f4,12738a23-5aaa-432f-8e63-22b6ab05347f,2020-04-12 19:04:02.641351+00:00,4,donut
248bd5aa-bd04-43f0-b027-e1f15ef36d4d,12738a23-5aaa-432f-8e63-22b6ab05347f,2020-04-12 20:26:31.285745+00:00,1,drink
f979549b-c44c-4c78-80ed-319cef016e79,12738a23-5aaa-432f-8e63-22b6ab05347f,2020-04-12 21:11:20.289927+00:00,2,drink
03a3574a-919c-4735-8b33-b7a051634a91,12738a23-5aaa-432f-8e63-22b6ab05347f,2020-04-12 22:56:54.921896+00:00,3,cookie
7647f43f-59a1-4829-acef-781debfdb100,12738a23-5aaa-432f-8e63-22b6ab05347f,2020-04-12 23:12:02.337473+00:00,1,croissant
4ab3c590-f262-4145-a731-660c6149ee42,12738a23-5aaa-432f-8e63-22b6ab05347f,2020-04-13 00:30:20.140548+00:00,2,brioche
a8737d14-55fc-4c14-b1c0-34f0a091129b,12738a23-5aaa-432f-8e63-22b6ab05347f,2020-04-13 01:43:16.251899+00:00,1,croissant
9a0664b9-3eeb-4f03-97ea-862511c3138b,12738a23-5aaa-432f-8e63-22b6ab05347f,2020-04-13 02:31:42.803768+00:00,5,brioche
0e84c070-514b-40a9-b6d4-461c8c1046bf,82af085c-138d-494c-ab0a-beddc77444cb,2020-04-13 03:06:40.916881+00:00,1,croissant
9e5baabf-0478-4088-88c6-2a79849ebfa5,82af085c-138d-494c-ab0a-beddc77444cb,2020-04-13 04:43:13.736865+00:00,3,cookie
1a9226d6-e6c9-4d54-a4bb-879609d68cdc,82af085c-138d-494c-ab0a-beddc77444cb,2020-04-13 05:41:03.539785+00:00,1,croissant
d04f0a71-0ef4-43a2-900d-df1600e03200,82af085c-138d-494c-ab0a-beddc77444cb,2020-04-13 06:23:15.098173+00:00,5,bread
a0d763f0-c31d-4b91-b97a-0433db648ca7,82af085c-138d-494c-ab0a-beddc77444cb,2020-04-13 07:02:06.702795+00:00,5,bread
e92af09b-d2f1-4f28-a61b-dc7d05112d7f,82af085c-138d-494c-ab0a-beddc77444cb,2020-04-13 08:28:35.141664+00:00,5,drink
9db564b5-af84-42cc-884f-da2862d47bff,82af085c-138d-494c-ab0a-beddc77444cb,2020-04-13 09:23:12.361695+00:00,2,drink
585b8128-4002-45eb-9cd3-e9317d957e47,82af085c-138d-494c-ab0a-beddc77444cb,2020-04-13 10:58:48.471976+00:00,4,croissant
7447f8a1-2734-4be8-a609-2042eb5f8944,82af085c-138d-494c-ab0a-beddc77444cb,2020-04-13 11:32:11.236836+00:00,3,brioche
bb2168c4-a318-4a65-896f-e30824f7e239,82af085c-138d-494c-ab0a-beddc77444cb,2020-04-13 12:10:27.671375+00:00,4,cookie
bd71017f-5e3a-4dad-a90a-8303e1c6a7c2,82af085c-138d-494c-ab0a-beddc77444cb,2020-04-13 13:01:15.373652+00:00,3,brioche
b5ef818b-690e-4a7e-b5be-1ba70ae4e096,82af085c-138d-494c-ab0a-beddc77444cb,2020-04-13 14:52:47.298090+00:00,2,croissant
5a5a5dac-a062-4c48-9713-1c2e2001965b,82af085c-138d-494c-ab0a-beddc77444cb,2020-04-13 15:12:29.163319+00:00,4,croissant
bbc3553b-75e8-4bfe-aaf0-1106e23509a8,82af085c-138d-494c-ab0a-beddc77444cb,2020-04-13 16:27:08.322515+00:00,4,croissant
aa55e9af-5375-44b0-967a-25f85d12490e,82af085c-138d-494c-ab0a-beddc77444cb,2020-04-13 17:23:55.979018+00:00,5,brioche
30e31645-b66c-4a03-b78a-a5263efa528c,82af085c-138d-494c-ab0a-beddc77444cb,2020-04-13 18:34:06.191736+00:00,5,cookie
dcc8c801-8c57-4243-b69f-ce1ae67d9f00,82af085c-138d-494c-ab0a-beddc77444cb,2020-04-13 19:45:50.315687+00:00,4,cookie
64907a63-36a8-453d-8e90-ee87a4dd2fe1,82af085c-138d-494c-ab0a-beddc77444cb,2020-04-13 20:08:28.793364+00:00,1,donut
d5382419-e798-49bf-8ce1-ca1673cb3b3f,09a0a0f6-73b0-4091-b634-c1694f76e388,2020-04-13 21:57:20.638235+00:00,5,croissant
56726735-3798-4c80-b30c-84610d06d891,09a0a0f6-73b0-4091-b634-c1694f76e388,2020-04-13 22:33:06.095065+00:00,2,drink
6e896265-847a-4fa5-afe7-39dd6260dcbe,09a0a0f6-73b0-4091-b634-c1694f76e388,2020-04-13 23:10:49.134840+00:00,4,bread
9140a95d-62ce-4959-b4da-1f50b1a7fe09,09a0a0f6-73b0-4091-b634-c1694f76e388,2020-04-14 00:40:01.176734+00:00,3,drink
27e6287b-c4ec-4a32-9038-9f81ae3dc742,09a0a0f6-73b0-4091-b634-c1694f76e388,2020-04-14 01:38:28.457308+00:00,5,brioche
77f4d7f9-5105-48a9-a94a-48b326932d95,09a0a0f6-73b0-4091-b634-c1694f76e388,2020-04-14 02:14:44.514531+00:00,2,croissant
c36db2ec-eeda-49bc-9c40-6cbe50f370af,09a0a0f6-73b0-4091-b634-c1694f76e388,2020-04-14 03:36:44.369631+00:00,1,drink
15f3b747-10bb-4ed3-8976-5bdf18d939eb,09a0a0f6-73b0-4091-b634-c1694f76e388,2020-04-14 04:01:17.277848+00:00,1,cookie
ee7ae3bb-5034-4715-9706-c3cdda440dee,09a0a0f6-73b0-4091-b634-c1694f76e388,2020-04-14 05:54:06.493525+00:00,2,drink
4ebc5f60-3687-41e1-b53c-a48b268de9f4,09a0a0f6-73b0-4091-b634-c1694f76e388,2020-04-14 06:50:26.442649+00:00,3,donut
e78e4df0-955c-41d2-90c4-9c2be8c451fc,09a0a0f6-73b0-4091-b634-c1694f76e388,2020-04-14 07:49:41.716233+00:00,4,cookie
4da12b02-4a2c-4830-acdb-1625b41f5721,09a0a0f6-73b0-4091-b634-c1694f76e388,2020-04-14 08:06:05.398160+00:00,5,brioche
29cb31b1-26ea-445e-a16c-77ace69bf25c,09a0a0f6-73b0-4091-b634-c1694f76e388,2020-04-14 09:24:54.669131+00:00,5,donut
8d64ec21-8fc9-4778-a885-10d168e0c800,09a0a0f6-73b0-4091-b634-c1694f76e388,2020-04-14 10:37:43.256965+00:00,3,drink
f9e34f60-3fd8-427f-a755-b655d9162e44,09a0a0f6-73b0-4091-b634-c1694f76e388,2020-04-14 11:06:48.097583+00:00,2,croissant
22b6995e-0a14-4309-8173-d1d918d98279,09a0a0f6-73b0-4091-b634-c1694f76e388,2020-04-14 12:52:48.834482+00:00,4,croissant
051bb698-c463-499a-aba3-21ef7a14cf98,09a0a0f6-73b0-4091-b634-c1694f76e388,2020-04-14 13:35:10.231340+00:00,3,croissant
72847156-2e8c-46bf-9268-b5df95bb6e09,09a0a0f6-73b0-4091-b634-c1694f76e388,2020-04-14 14:53:38.356956+00:00,4,drink
56fb9a22-e2b6-4f5d-9805-2a559118b0e6,09a0a0f6-73b0-4091-b634-c1694f76e388,2020-04-14 15:59:16.135076+00:00,3,bread
4cd3a6a4-9fc0-4086-a28b-a68a2d5f4dd3,09a0a0f6-73b0-4091-b634-c1694f76e388,2020-04-14 16:40:38.543372+00:00,2,bread
f5ddb7d2-ca7c-4927-af5e-0d74fe2e7c0f,09a0a0f6-73b0-4091-b634-c1694f76e388,2020-04-14 17:40:08.053919+00:00,3,cookie
c95d2093-f2e2-4d2f-8af3-c094b61ed8af,09a0a0f6-73b0-4091-b634-c1694f76e388,2020-04-14 18:04:59.061701+00:00,5,croissant
971f640d-e41b-43b9-9f32-5c4c0415a961,09a0a0f6-73b0-4091-b634-c1694f76e388,2020-04-14 19:25:03.859180+00:00,2,cookie
836fad38-3128-4dc8-80b1-fb20d9ebb495,09a0a0f6-73b0-4091-b634-c1694f76e388,2020-04-14 20:16:48.885026+00:00,5,bread
2ab8c610-e7e3-49b8-918d-a4887d5704df,09a0a0f6-73b0-4091-b634-c1694f76e388,2020-04-14 21:03:07.239852+00:00,2,drink
ff03f1a9-72ed-457b-835b-66254e7fb47f,09a0a0f6-73b0-4091-b634-c1694f76e388,2020-04-14 22:25:58.618820+00:00,1,cookie
a81d0ecf-c27f-469e-bebe-a834bfffd800,09a0a0f6-73b0-4091-b634-c1694f76e388,2020-04-14 23:27:29.115085+00:00,1,cookie
df3e03c2-2172-44cf-8808-1d218d204cf6,09a0a0f6-73b0-4091-b634-c1694f76e388,2020-04-15 00:58:41.695186+00:00,5,bread
4d7e6eeb-04eb-4694-92da-e5a7bc11733c,09a0a0f6-73b0-4091-b634-c1694f76e388,2020-04-15 01:22:50.416015+00:00,4,croissant
ac01e53d-b1fe-49b8-8936-312c636dfeba,09a0a0f6-73b0-4091-b634-c1694f76e388,2020-04-15 02:16:13.021281+00:00,4,cookie
da8746db-8338-4815-8d9a-fa655de63467,09a0a0f6-73b0-4091-b634-c1694f76e388,2020-04-15 03:59:37.151033+00:00,4,croissant
f1624df9-21e1-4ae8-9795-bee7b510561a,09a0a0f6-73b0-4091-b634-c1694f76e388,2020-04-15 04:20:46.460743+00:00,3,donut
4444a6bd-4819-423a-bd23-fd9a31621e95,09a0a0f6-73b0-4091-b634-c1694f76e388,2020-04-15 05:04:59.902052+00:00,4,drink
e9d0c2ec-aa8d-404c-8e33-9ee015b52510,09a0a0f6-73b0-4091-b634-c1694f76e388,2020-04-15 06:19:07.010123+00:00,5,bread
ce64debe-20e7-418a-8f8d-a52b05e3d107,09a0a0f6-73b0-4091-b634-c1694f76e388,2020-04-15 07:45:43.428078+00:00,2,bread
276cf202-10a1-4a0b-9f96-600d2d56e616,09a0a0f6-73b0-4091-b634-c1694f76e388,2020-04-15 08:34:18.871708+00:00,2,bread
b91d8c4c-0278-4c40-934e-2bd9dd1ad072,09a0a0f6-73b0-4091-b634-c1694f76e388,2020-04-15 09:00:48.410003+00:00,3,donut
a049d164-952f-4d11-a7ff-97ca12049b0a,09a0a0f6-73b0-4091-b634-c1694f76e388,2020-04-15 10:57:56.319611+00:00,4,drink
aa3961be-c93f-4c2c-94b5-e773df973c95,09a0a0f6-73b0-4091-b634-c1694f76e388,2020-04-15 11:06:20.997856+00:00,1,bread
eb0230a0-3313-4402-a382-d280b44304e9,09a0a0f6-73b0-4091-b634-c1694f76e388,2020-04-15 12:44:45.830693+00:00,1,brioche
17722cf0-f38e-4bc3-b7df-852c1779e7d0,09a0a0f6-73b0-4091-b634-c1694f76e388,2020-04-15 13:00:13.828087+00:00,2,brioche
630bf0db-1454-478f-b78b-f29d0cccb5c6,09a0a0f6-73b0-4091-b634-c1694f76e388,2020-04-15 14:19:13.457825+00:00,5,brioche
b54f0f8a-3282-4c8a-914b-049b79de06cb,09a0a0f6-73b0-4091-b634-c1694f76e388,2020-04-15 15:59:16.546484+00:00,5,drink
bb47d3a4-49be-4766-b81e-2d352fa1f2bc,09a0a0f6-73b0-4091-b634-c1694f76e388,2020-04-15 16:40:34.173603+00:00,1,croissant
145deec7-019d-412d-81f1-0d042f576e77,09a0a0f6-73b0-4091-b634-c1694f76e388,2020-04-15 17:10:33.063286+00:00,2,cookie
934fa5c8-8ac0-48d3-a0d0-2f5a24d6281f,09a0a0f6-73b0-4091-b634-c1694f76e388,2020-04-15 18:58:21.805379+00:00,1,drink
2fe26180-302d-472b-9366-4d76c2fc93d9,09a0a0f6-73b0-4091-b634-c1694f76e388,2020-04-15 19:50:55.018696+00:00,2,brioche
97a182a2-d606-4e66-a2a2-d1a66508f5c4,09a0a0f6-73b0-4091-b634-c1694f76e388,2020-04-15 20:17:48.190186+00:00,4,donut
6d30a1b9-37df-4571-8910-2c10a3fe085b,09a0a0f6-73b0-4091-b634-c1694f76e388,2020-04-15 21:15:03.419275+00:00,3,drink
a7a3bc7a-01c9-4464-87d2-2e313da325e2,09a0a0f6-73b0-4091-b634-c1694f76e388,2020-04-15 22:53:26.001868+00:00,3,cookie
0fc64cf0-108d-4f04-a948-9bdac1199d43,09a0a0f6-73b0-4091-b634-c1694f76e388,2020-04-15 23:03:46.018716+00:00,3,drink
d1550475-c172-494f-9eae-2feb0f76a282,09a0a0f6-73b0-4091-b634-c1694f76e388,2020-04-16 00:25:48.341205+00:00,4,bread
16965a15-acac-4b18-be88-64abfa27a8f8,09a0a0f6-73b0-4091-b634-c1694f76e388,2020-04-16 01:19:06.232972+00:00,3,drink
f5946de4-ad9e-492f-9b02-7f54ae5b4ff8,09a0a0f6-73b0-4091-b634-c1694f76e388,2020-04-16 02:03:57.163726+00:00,3,drink
5bad4331-7366-4606-91ae-2d48d6f83aa7,09a0a0f6-73b0-4091-b634-c1694f76e388,2020-04-16 03:44:31.893529+00:00,4,cookie
7d34d5ec-c36f-4008-8cdc-ffaf7fec01d8,09a0a0f6-73b0-4091-b634-c1694f76e388,2020-04-16 04:18:48.508827+00:00,2,brioche
b0dc80e8-0aee-4a68-aba9-5b909654a5e4,09a0a0f6-73b0-4091-b634-c1694f76e388,2020-04-16 05:21:10.421874+00:00,4,croissant
d8b304a4-cbd7-45f2-ac66-f55e5309c42a,09a0a0f6-73b0-4091-b634-c1694f76e388,2020-04-16 06:56:42.767300+00:00,4,croissant
73c1d557-76e2-4e93-a62a-bbfede61f70d,09a0a0f6-73b0-4091-b634-c1694f76e388,2020-04-16 07:09:09.665446+00:00,4,croissant
23b1d124-df94-42f8-8644-4f36f31b3888,09a0a0f6-73b0-4091-b634-c1694f76e388,2020-04-16 08:47:17.755099+00:00,4,drink
03923cfa-5d9f-4c8c-a640-464a263e0670,09a0a0f6-73b0-4091-b634-c1694f76e388,2020-04-16 09:26:03.772563+00:00,2,brioche
378ce7b7-2f14-4369-b22f-deb897cabad1,09a0a0f6-73b0-4091-b634-c1694f76e388,2020-04-16 10:05:41.446335+00:00,4,croissant
32a02b53-565a-4a42-8559-0d60265fd5c1,09a0a0f6-73b0-4091-b634-c1694f76e388,2020-04-16 11:01:18.050418+00:00,4,brioche
da9398e6-f487-4599-946c-57764db3a044,09a0a0f6-73b0-4091-b634-c1694f76e388,2020-04-16 12:32:57.583085+00:00,2,brioche
7fc76f6a-b946-4130-9b58-e20a7c8d8aef,09a0a0f6-73b0-4091-b634-c1694f76e388,2020-04-16 13:25:58.282473+00:00,2,croissant
5a766ac4-0f4c-4562-aa71-295cf816ee8a,09a0a0f6-73b0-4091-b634-c1694f76e388,2020-04-16 14:57:41.181900+00:00,1,cookie
4a10ff5a-9b99-4012-ba09-071cb4bdfeed,09a0a0f6-73b0-4091-b634-c1694f76e388,2020-04-16 15:08:29.320063+00:00,5,croissant
7d91dbcc-6a95-4ce2-b766-3e35cdba2cac,09a0a0f6-73b0-4091-b634-c1694f76e388,2020-04-16 16:00:46.683337+00:00,3,drink
4f844346-a165-437d-96ad-3649289a2abc,09a0a0f6-73b0-4091-b634-c1694f76e388,2020-04-16 17:41:02.607245+00:00,4,donut
879645b8-2122-42df-995f-a7981f3163fa,09a0a0f6-73b0-4091-b634-c1694f76e388,2020-04-16 18:16:54.829642+00:00,3,drink
90b950bb-5e9b-4a6c-a0cd-5bb8dd357f0d,09a0a0f6-73b0-4091-b634-c1694f76e388,2020-04-16 19:58:13.550540+00:00,1,bread
3f010e25-6ac0-4ccb-9eb8-e0db7273b7af,09a0a0f6-73b0-4091-b634-c1694f76e388,2020-04-16 20:12:34.041560+00:00,3,drink
e70dc8b8-df33-4eb0-a8ff-561f3bc29d89,09a0a0f6-73b0-4091-b634-c1694f76e388,2020-04-16 21:18:45.133350+00:00,4,cookie
cb37a85d-93c4-4d32-973b-df7a8e14338e,09a0a0f6-73b0-4091-b634-c1694f76e388,2020-04-16 22:19:51.818593+00:00,2,brioche
a1f76e1c-c816-4e32-9263-a195f7294c21,09a0a0f6-73b0-4091-b634-c1694f76e388,2020-04-16 23:34:20.189857+00:00,2,drink
d035dd19-3cad-4401-9c00-cb5297c40530,09a0a0f6-73b0-4091-b634-c1694f76e388,2020-04-17 00:49:10.765146+00:00,4,donut
503eeaf2-04f7-4882-a3fb-8c1d7841b3dd,09a0a0f6-73b0-4091-b634-c1694f76e388,2020-04-17 01:30:39.457679+00:00,1,croissant
5257fa5d-9fa4-454f-a5fa-9f8dc00c9ab9,09a0a0f6-73b0-4091-b634-c1694f76e388,2020-04-17 02:04:52.707607+00:00,4,croissant
f2780c3b-e412-4716-a682-9d8f9a43fa95,09a0a0f6-73b0-4091-b634-c1694f76e388,2020-04-17 03:57:29.781884+00:00,3,bread
31745b78-c705-4d1e-a3bb-48b6731171a7,09a0a0f6-73b0-4091-b634-c1694f76e388,2020-04-17 04:47:28.613685+00:00,3,drink
c71b3b67-d907-4314-9d20-d8de24a11c7f,09a0a0f6-73b0-4091-b634-c1694f76e388,2020-04-17 05:03:32.476511+00:00,2,brioche
5b2de07e-53c4-4254-80c8-18baa210dd25,09a0a0f6-73b0-4091-b634-c1694f76e388,2020-04-17 06:49:29.412409+00:00,4,donut
f4e82b6c-45d3-408a-889f-884f2568221b,09a0a0f6-73b0-4091-b634-c1694f76e388,2020-04-17 07:19:12.128412+00:00,3,donut
a555dfa1-cf8b-48bd-92fa-9b0a333705f9,5f733a3e-5d28-4aa4-a8a3-97799c1c3517,2020-04-17 08:11:17.502205+00:00,5,donut
0f810db2-bbc1-486b-8bad-b9731ed01243,5f733a3e-5d28-4aa4-a8a3-97799c1c3517,2020-04-17 09:44:07.781572+00:00,2,donut
3f8bc509-484f-4da6-810e-9d40cc8155da,5f733a3e-5d28-4aa4-a8a3-97799c1c3517,2020-04-17 10:47:26.553497+00:00,4,drink
4c55542d-02cb-42d1-9a4a-9d0bd18ee31b,5f733a3e-5d28-4aa4-a8a3-97799c1c3517,2020-04-17 11:15:39.556366+00:00,2,cookie
a4dc6a67-a6d1-4c91-8760-d4080678fe13,5f733a3e-5d28-4aa4-a8a3-97799c1c3517,2020-04-17 12:45:44.545066+00:00,1,cookie
fe33ebd7-e8e9-4639-869a-a02477064602,5f733a3e-5d28-4aa4-a8a3-97799c1c3517,2020-04-17 13:08:51.413075+00:00,4,donut
c22a899a-71b3-4c91-9806-3af9282fbcce,5f733a3e-5d28-4aa4-a8a3-97799c1c3517,2020-04-17 14:18:50.713242+00:00,3,croissant
9b465e04-b4cf-4cd7-b2a1-c14d46a49f8d,5f733a3e-5d28-4aa4-a8a3-97799c1c3517,2020-04-17 15:27:12.000543+00:00,2,donut
04573e35-f4c3-459b-92a3-43b820e7b6ef,5f733a3e-5d28-4aa4-a8a3-97799c1c3517,2020-04-17 16:07:26.093793+00:00,3,donut
50b57397-2449-4a0f-9e6b-1e567a235335,5f733a3e-5d28-4aa4-a8a3-97799c1c3517,2020-04-17 17:49:54.495626+00:00,4,donut
a575c5c7-6f2b-437e-a0fe-f51e0684e438,5f733a3e-5d28-4aa4-a8a3-97799c1c3517,2020-04-17 18:19:25.983226+00:00,2,cookie
08d73827-c2b2-415d-9608-e6ac9cf2f216,5f733a3e-5d28-4aa4-a8a3-97799c1c3517,2020-04-17 19:38:37.035519+00:00,3,donut
e21d4d53-0a14-477e-918b-2860c1a96b3b,5f733a3e-5d28-4aa4-a8a3-97799c1c3517,2020-04-17 20:30:42.150138+00:00,2,croissant
23d13c7f-1161-4b5e-ad4c-8325105a4d40,5f733a3e-5d28-4aa4-a8a3-97799c1c3517,2020-04-17 21:09:05.651734+00:00,5,brioche
17841919-3c29-49ed-b6bf-1f51f0abe316,5f733a3e-5d28-4aa4-a8a3-97799c1c3517,2020-04-17 22:45:16.774438+00:00,3,cookie
c037c059-57f4-4801-a9a2-e46614c6d16d,5f733a3e-5d28-4aa4-a8a3-97799c1c3517,2020-04-17 23:04:10.475500+00:00,4,donut
a44e3b1c-6a96-4ac0-8651-62a60fe91780,5f733a3e-5d28-4aa4-a8a3-97799c1c3517,2020-04-18 00:47:23.023308+00:00,2,donut
350ea2b2-d07a-4b58-96e7-bff3d2a60853,5f733a3e-5d28-4aa4-a8a3-97799c1c3517,2020-04-18 01:26:54.593325+00:00,1,cookie
a50ee5e7-0e77-4689-bd40-7ee03a36a26d,5f733a3e-5d28-4aa4-a8a3-97799c1c3517,2020-04-18 02:41:00.678977+00:00,1,bread
39bbab8a-b281-438e-97c7-d8e6a495430e,5f733a3e-5d28-4aa4-a8a3-97799c1c3517,2020-04-18 03:28:43.295636+00:00,1,brioche
2712cefe-f330-4931-bb8f-f9d7c22edfc4,5f733a3e-5d28-4aa4-a8a3-97799c1c3517,2020-04-18 04:57:15.915672+00:00,2,donut
c186cbce-6334-4b06-92ac-de3051c810ef,5f733a3e-5d28-4aa4-a8a3-97799c1c3517,2020-04-18 05:38:03.590153+00:00,4,bread
7e029b3f-4a25-4ec8-83fa-363d829f8b39,5f733a3e-5d28-4aa4-a8a3-97799c1c3517,2020-04-18 06:01:24.647289+00:00,4,donut
96f48688-333b-4a5d-8a45-f6041165ed7f,5f733a3e-5d28-4aa4-a8a3-97799c1c3517,2020-04-18 07:02:09.620116+00:00,2,donut
b3aac060-5971-416a-81d4-bcf67dd0a74b,5f733a3e-5d28-4aa4-a8a3-97799c1c3517,2020-04-18 08:04:50.258778+00:00,3,donut
65adafab-2a07-458d-943b-bf74e609456a,5f733a3e-5d28-4aa4-a8a3-97799c1c3517,2020-04-18 09:12:46.001992+00:00,5,bread
9f6f4967-be87-4c4f-a0af-9f67ea4a973e,5f733a3e-5d28-4aa4-a8a3-97799c1c3517,2020-04-18 10:16:53.101734+00:00,5,cookie
d5b6eac1-28ec-4d72-a36f-7abf82c901df,5f733a3e-5d28-4aa4-a8a3-97799c1c3517,2020-04-18 11:12:05.709301+00:00,5,cookie
e5de9e28-53ba-440f-b21e-246255a0db97,5f733a3e-5d28-4aa4-a8a3-97799c1c3517,2020-04-18 12:15:37.230654+00:00,1,drink
720f2288-0760-4502-b39f-51c3490ec6f3,5f733a3e-5d28-4aa4-a8a3-97799c1c3517,2020-04-18 13:36:12.124287+00:00,5,croissant
0aaa3c51-1cd9-4b17-af51-270f346003a3,5f733a3e-5d28-4aa4-a8a3-97799c1c3517,2020-04-18 14:23:14.827432+00:00,1,drink
333c8c30-34a1-4999-9fcd-d21aeede901c,5f733a3e-5d28-4aa4-a8a3-97799c1c3517,2020-04-18 15:45:35.133413+00:00,3,drink
97dfc472-e2fb-42a1-b6df-253cac98c942,5f733a3e-5d28-4aa4-a8a3-97799c1c3517,2020-04-18 16:49:04.297054+00:00,3,croissant
3ad4d4c4-a049-4ed9-a5d8-31480deb083b,5f733a3e-5d28-4aa4-a8a3-97799c1c3517,2020-04-18 17:34:00.647736+00:00,3,brioche
032a0c06-4f55-458e-8618-93ec82d768c6,5f733a3e-5d28-4aa4-a8a3-97799c1c3517,2020-04-18 18:12:59.124798+00:00,2,cookie
b84e203d-f261-4977-bfe5-4edd34d387dd,5f733a3e-5d28-4aa4-a8a3-97799c1c3517,2020-04-18 19:23:18.858200+00:00,3,croissant
c0fce144-9a10-4a52-a408-7ac9fbf676af,5f733a3e-5d28-4aa4-a8a3-97799c1c3517,2020-04-18 20:09:54.926242+00:00,4,croissant
cb8553f6-490c-4442-98c3-fa3d8f928bca,5f733a3e-5d28-4aa4-a8a3-97799c1c3517,2020-04-18 21:59:12.412319+00:00,2,bread
0011be30-e268-492f-9b75-7ed19dca71ef,5f733a3e-5d28-4aa4-a8a3-97799c1c3517,2020-04-18 22:51:09.653035+00:00,5,bread
46340607-f260-43ed-82de-c88fdb6f3ad4,5f733a3e-5d28-4aa4-a8a3-97799c1c3517,2020-04-18 23:55:48.573938+00:00,3,croissant
f611c0ec-916f-4778-ba8f-3e6c61a4cd19,5f733a3e-5d28-4aa4-a8a3-97799c1c3517,2020-04-19 00:09:34.153906+00:00,1,cookie
f88f8979-30d7-409d-a551-524c371e7782,5f733a3e-5d28-4aa4-a8a3-97799c1c3517,2020-04-19 01:25:23.396384+00:00,3,bread
05bba5e4-a754-4837-aae0-6e0147acaec9,5f733a3e-5d28-4aa4-a8a3-97799c1c3517,2020-04-19 02:17:50.891738+00:00,1,bread
74f935ca-4341-4d0e-a44f-802b4d53280e,5f733a3e-5d28-4aa4-a8a3-97799c1c3517,2020-04-19 03:55:48.452700+00:00,2,bread
f3d21fd2-be87-4bac-a2ff-6996eb5e371f,5f733a3e-5d28-4aa4-a8a3-97799c1c3517,2020-04-19 04:40:54.583019+00:00,1,croissant
160a56e1-1cd2-4c9f-83ac-0d1b2cb15c02,5f733a3e-5d28-4aa4-a8a3-97799c1c3517,2020-04-19 05:43:29.312508+00:00,4,donut
452319ae-45ec-457f-8eb4-b40eb1e62f11,5f733a3e-5d28-4aa4-a8a3-97799c1c3517,2020-04-19 06:01:21.212212+00:00,5,croissant
273e54e5-b119-478c-bb3f-429710335eb4,5f733a3e-5d28-4aa4-a8a3-97799c1c3517,2020-04-19 07:12:55.712069+00:00,4,drink
7f572473-0983-44e3-87a7-6739609eed33,5f733a3e-5d28-4aa4-a8a3-97799c1c3517,2020-04-19 08:25:56.955086+00:00,4,croissant
93a69684-0365-49fc-b910-70e02cce4cce,5f733a3e-5d28-4aa4-a8a3-97799c1c3517,2020-04-19 09:53:50.669208+00:00,1,cookie
7aaaf675-b807-4b46-8814-e14eb5bc1efc,5f733a3e-5d28-4aa4-a8a3-97799c1c3517,2020-04-19 10:12:09.715074+00:00,3,bread
df3ad6e8-f693-4800-859f-5497abd68d74,5f733a3e-5d28-4aa4-a8a3-97799c1c3517,2020-04-19 11:11:17.051333+00:00,4,bread
df9f1099-0b4b-46c4-a672-5796feef341b,5f733a3e-5d28-4aa4-a8a3-97799c1c3517,2020-04-19 12:33:47.563088+00:00,4,donut
cabe2348-7d10-457c-b3f4-5487f3bfde5f,5f733a3e-5d28-4aa4-a8a3-97799c1c3517,2020-04-19 13:13:53.475174+00:00,1,cookie
5e072fb2-9919-4e91-96a2-6e585d316263,5f733a3e-5d28-4aa4-a8a3-97799c1c3517,2020-04-19 14:27:22.526941+00:00,4,donut
e6ddbbe3-a89a-48fe-9f8e-74df29f5010c,5f733a3e-5d28-4aa4-a8a3-97799c1c3517,2020-04-19 15:22:16.580204+00:00,5,donut
a3aa1839-bc35-4c9a-921a-21a4254c5028,5f733a3e-5d28-4aa4-a8a3-97799c1c3517,2020-04-19 16:20:48.435887+00:00,2,donut
fbc77e98-77ad-4afc-9f42-986666db005e,5f733a3e-5d28-4aa4-a8a3-97799c1c3517,2020-04-19 17:20:50.773629+00:00,3,brioche
e3b19fd8-c06c-4d3f-ac33-4f9cd0713654,5f733a3e-5d28-4aa4-a8a3-97799c1c3517,2020-04-19 18:29:40.238441+00:00,5,croissant
16214bd0-6e84-424b-b61d-6b9c5c3e82e9,5f733a3e-5d28-4aa4-a8a3-97799c1c3517,2020-04-19 19:36:07.746822+00:00,2,cookie
777028e6-a53d-4350-9bd1-b61cecba63b3,5f733a3e-5d28-4aa4-a8a3-97799c1c3517,2020-04-19 20:27:02.767481+00:00,5,drink
57ec95f3-0af2-4a23-a3c6-0f792a0e0060,5f733a3e-5d28-4aa4-a8a3-97799c1c3517,2020-04-19 21:30:22.870363+00:00,2,donut
d4fecf58-a1f8-45a4-8a4b-455957765dc6,5f733a3e-5d28-4aa4-a8a3-97799c1c3517,2020-04-19 22:44:41.258015+00:00,5,brioche
34b0258b-cad2-47c2-90f6-4c6dfa2bdff7,5f733a3e-5d28-4aa4-a8a3-97799c1c3517,2020-04-19 23:49:28.867815+00:00,4,bread
1ca42a3c-e177-405f-ab42-03f7d2cd2f44,5f733a3e-5d28-4aa4-a8a3-97799c1c3517,2020-04-20 00:59:25.814160+00:00,5,bread
0108cc5d-9351-45da-9a93-a3f1850276c0,5f733a3e-5d28-4aa4-a8a3-97799c1c3517,2020-04-20 01:15:16.981788+00:00,5,drink
3a0e681b-bd5d-47a4-aa29-e752f139e895,5f733a3e-5d28-4aa4-a8a3-97799c1c3517,2020-04-20 02:41:02.438483+00:00,3,croissant
d622d179-bb5a-445d-9353-22bf1dee8ebf,5f733a3e-5d28-4aa4-a8a3-97799c1c3517,2020-04-20 03:47:48.886749+00:00,5,croissant
38151095-648e-45eb-91c1-a2dba82a1132,54170a17-caaa-4bbe-a4bb-f962606e0e1c,2020-04-20 04:34:37.269960+00:00,4,drink
39cefff3-1b3e-4681-bcea-545ac06698e4,54170a17-caaa-4bbe-a4bb-f962606e0e1c,2020-04-20 05:38:25.689650+00:00,4,brioche
c0d98272-e52e-4409-b1a6-3ccfd597ea14,54170a17-caaa-4bbe-a4bb-f962606e0e1c,2020-04-20 06:11:17.992077+00:00,1,donut
24f47c35-7ec5-4e55-9b98-d67eccc88dc6,54170a17-caaa-4bbe-a4bb-f962606e0e1c,2020-04-20 07:54:57.037305+00:00,3,brioche
d34266c9-4d88-436e-a7f7-78dec17c2577,54170a17-caaa-4bbe-a4bb-f962606e0e1c,2020-04-20 08:12:33.278487+00:00,1,brioche
4bb88157-07f6-408e-8426-fe7b060476dd,54170a17-caaa-4bbe-a4bb-f962606e0e1c,2020-04-20 09:07:15.871926+00:00,2,drink
73dd8d31-40e1-4b51-9128-58041243161c,54170a17-caaa-4bbe-a4bb-f962606e0e1c,2020-04-20 10:57:03.645565+00:00,4,cookie
b2a43bf4-02b4-4d26-a72b-0fa7a95da34b,54170a17-caaa-4bbe-a4bb-f962606e0e1c,2020-04-20 11:35:51.219105+00:00,3,croissant
6db3bda5-4dc4-459c-b55c-dfff5ffa7dbe,54170a17-caaa-4bbe-a4bb-f962606e0e1c,2020-04-20 12:37:09.327990+00:00,4,drink
addaa3b6-0ab8-4fe2-97e4-e1739d63bda6,54170a17-caaa-4bbe-a4bb-f962606e0e1c,2020-04-20 13:29:28.800490+00:00,1,croissant
417af0cb-07f2-422d-99fb-b46d51d3649c,54170a17-caaa-4bbe-a4bb-f962606e0e1c,2020-04-20 14:42:02.273410+00:00,4,donut
b047824a-6c36-4d23-9916-f984c510c97a,54170a17-caaa-4bbe-a4bb-f962606e0e1c,2020-04-20 15:35:13.648983+00:00,3,drink
61458972-06fe-49ea-bea0-9deb7d84dae5,54170a17-caaa-4bbe-a4bb-f962606e0e1c,2020-04-20 16:02:19.217671+00:00,4,bread
1790834b-8b32-46d6-808d-52127991329a,54170a17-caaa-4bbe-a4bb-f962606e0e1c,2020-04-20 17:04:58.672858+00:00,1,croissant
3dcafd82-565e-4679-bfc1-e2f1613dec3a,54170a17-caaa-4bbe-a4bb-f962606e0e1c,2020-04-20 18:36:12.991445+00:00,4,bread
c6f43468-8d78-41c8-8f4f-f14552a7c5d6,54170a17-caaa-4bbe-a4bb-f962606e0e1c,2020-04-20 19:42:14.544312+00:00,4,brioche
02a29fcc-184e-43db-a91d-8bea9d1c92f0,54170a17-caaa-4bbe-a4bb-f962606e0e1c,2020-04-20 20:41:01.765609+00:00,5,drink
819c84c4-ef7f-4e3f-873a-7522c7e4cbe5,54170a17-caaa-4bbe-a4bb-f962606e0e1c,2020-04-20 21:26:39.947898+00:00,5,brioche
90a71d24-b277-4e31-8655-6f9a7692f681,54170a17-caaa-4bbe-a4bb-f962606e0e1c,2020-04-20 22:23:17.441191+00:00,5,drink
95ede22d-40d1-4f56-8c78-9409b96dc079,54170a17-caaa-4bbe-a4bb-f962606e0e1c,2020-04-20 23:07:03.606841+00:00,5,croissant
4b1b9280-73a4-4f97-a6fa-a03b2c85ef20,54170a17-caaa-4bbe-a4bb-f962606e0e1c,2020-04-21 00:51:12.798224+00:00,1,cookie
1c13a1e7-6d3e-4848-94d7-a72899e305e5,54170a17-caaa-4bbe-a4bb-f962606e0e1c,2020-04-21 01:41:12.506489+00:00,1,brioche
0175105a-3fc1-428a-bc7a-b6917b6deeca,54170a17-caaa-4bbe-a4bb-f962606e0e1c,2020-04-21 02:23:14.293243+00:00,2,croissant
39323a07-2ec3-48e0-8d62-00500b3b5efa,54170a17-caaa-4bbe-a4bb-f962606e0e1c,2020-04-21 03:20:24.253478+00:00,5,croissant
cef483f6-71d5-4861-b6bd-6dbe3a8e36fd,54170a17-caaa-4bbe-a4bb-f962606e0e1c,2020-04-21 04:42:02.808095+00:00,1,bread
bd87ff11-21ca-4fcd-a3a2-f59c2a184cbc,54170a17-caaa-4bbe-a4bb-f962606e0e1c,2020-04-21 05:58:43.668970+00:00,5,donut
5dde7466-7f03-46ef-b027-24eb060fc65e,54170a17-caaa-4bbe-a4bb-f962606e0e1c,2020-04-21 06:47:39.614469+00:00,4,bread
b19dab55-e5ce-4a0f-8671-e213b55a478e,54170a17-caaa-4bbe-a4bb-f962606e0e1c,2020-04-21 07:22:05.837873+00:00,5,bread
4766229e-0895-4f3c-b941-a6a46b2afb3a,54170a17-caaa-4bbe-a4bb-f962606e0e1c,2020-04-21 08:26:10.648050+00:00,4,bread
e0b641d0-4345-429c-9655-8df410af54cc,54170a17-caaa-4bbe-a4bb-f962606e0e1c,2020-04-21 09:56:55.183318+00:00,3,croissant
3e447305-eb55-420d-81d2-31cb66bd5d42,54170a17-caaa-4bbe-a4bb-f962606e0e1c,2020-04-21 10:54:23.818465+00:00,2,bread
92071602-161c-4674-a978-868d062c0692,54170a17-caaa-4bbe-a4bb-f962606e0e1c,2020-04-21 11:11:12.446582+00:00,2,croissant
5f91b1af-8bc1-4738-bf1b-f6a0a8ecb6a1,54170a17-caaa-4bbe-a4bb-f962606e0e1c,2020-04-21 12:33:26.526507+00:00,4,bread
2f7d987d-a800-4519-8a3d-51ccf88aa20e,54170a17-caaa-4bbe-a4bb-f962606e0e1c,2020-04-21 13:34:55.633840+00:00,1,donut
25bb2b7a-33d3-458a-bb74-9fd20a2d6f03,54170a17-caaa-4bbe-a4bb-f962606e0e1c,2020-04-21 14:18:01.235177+00:00,4,bread
c9c01379-829c-44f7-8f5b-c40c5f321f6d,54170a17-caaa-4bbe-a4bb-f962606e0e1c,2020-04-21 15:00:43.795514+00:00,5,drink
02447c10-87d0-4cf2-95e8-1a3944113459,54170a17-caaa-4bbe-a4bb-f962606e0e1c,2020-04-21 16:18:12.038920+00:00,2,cookie
7afac8ce-dc4f-47fe-be61-8f4bebb511e6,54170a17-caaa-4bbe-a4bb-f962606e0e1c,2020-04-21 17:48:04.411049+00:00,2,drink
36d0bb41-7a8e-45a9-ba70-425b7989d78e,54170a17-caaa-4bbe-a4bb-f962606e0e1c,2020-04-21 18:05:56.569250+00:00,4,donut
dbd34a94-8a99-4027-a085-0656a22646f5,54170a17-caaa-4bbe-a4bb-f962606e0e1c,2020-04-21 19:48:13.931841+00:00,2,drink
25391b09-8286-43c8-9b9b-c56e2080293c,54170a17-caaa-4bbe-a4bb-f962606e0e1c,2020-04-21 20:51:40.267708+00:00,1,croissant
129543a4-fcc3-4cc7-bd67-eb3e836d2c1f,54170a17-caaa-4bbe-a4bb-f962606e0e1c,2020-04-21 21:33:58.166673+00:00,2,drink
a028dc87-d6fb-4a95-a9db-b362c0dfb921,54170a17-caaa-4bbe-a4bb-f962606e0e1c,2020-04-21 22:21:42.201049+00:00,2,cookie
6e8f19bc-c09b-41e4-8f46-bb1168094564,54170a17-caaa-4bbe-a4bb-f962606e0e1c,2020-04-21 23:02:34.472061+00:00,3,croissant
b9fb97b9-abf1-4574-b14e-9b45071511b6,54170a17-caaa-4bbe-a4bb-f962606e0e1c,2020-04-22 00:55:50.807933+00:00,4,croissant
398751a2-ddef-4af4-961c-81139b3f6c54,54170a17-caaa-4bbe-a4bb-f962606e0e1c,2020-04-22 01:44:54.990623+00:00,2,croissant
8271b0d0-ca5c-459e-b30b-15eb9d69cf34,54170a17-caaa-4bbe-a4bb-f962606e0e1c,2020-04-22 02:53:19.478908+00:00,2,brioche
7f4423d5-49a1-47a1-8571-32539956ad9b,54170a17-caaa-4bbe-a4bb-f962606e0e1c,2020-04-22 03:46:23.157011+00:00,4,donut
8fcab2a9-10fb-436c-aad5-401e07e9fb0b,54170a17-caaa-4bbe-a4bb-f962606e0e1c,2020-04-22 04:05:05.433593+00:00,2,drink
64ad2b39-4702-4e75-9e98-efdf0a3a1171,54170a17-caaa-4bbe-a4bb-f962606e0e1c,2020-04-22 05:16:51.000524+00:00,3,cookie
53bc0611-9af4-4b8a-8908-d3f9d6195c4f,54170a17-caaa-4bbe-a4bb-f962606e0e1c,2020-04-22 06:55:09.576451+00:00,4,donut
df044782-c1e6-4068-a2d7-0bec7cdfa469,54170a17-caaa-4bbe-a4bb-f962606e0e1c,2020-04-22 07:50:22.227735+00:00,5,drink
9aeeb3e9-aea3-48c6-ac67-7b258f6875a3,54170a17-caaa-4bbe-a4bb-f962606e0e1c,2020-04-22 08:35:57.630774+00:00,5,brioche
b1012b0f-174a-4825-964a-90627825e2f0,54170a17-caaa-4bbe-a4bb-f962606e0e1c,2020-04-22 09:29:22.831932+00:00,3,donut
101c778c-a1a1-41b4-9dca-34888459f41e,54170a17-caaa-4bbe-a4bb-f962606e0e1c,2020-04-22 10:15:05.734580+00:00,3,cookie
8375e8f9-982c-408d-89f8-6d9ddfefb72a,54170a17-caaa-4bbe-a4bb-f962606e0e1c,2020-04-22 11:13:40.232024+00:00,3,brioche
f8eb51b8-5938-4971-b0f6-d8b690e65aa4,54170a17-caaa-4bbe-a4bb-f962606e0e1c,2020-04-22 12:18:22.851476+00:00,3,donut
438f9d83-474d-4a1a-a95a-a2daad14e5bf,54170a17-caaa-4bbe-a4bb-f962606e0e1c,2020-04-22 13:35:51.937833+00:00,2,donut
cd5fe3f4-23a7-439d-8971-d849e3fb1c48,54170a17-caaa-4bbe-a4bb-f962606e0e1c,2020-04-22 14:46:11.672506+00:00,3,brioche
b66e550b-5c8a-4866-af9c-5cfbafe601c5,54170a17-caaa-4bbe-a4bb-f962606e0e1c,2020-04-22 15:32:33.993305+00:00,3,brioche
85261ad4-94ed-4114-b672-e14bcc4bbc6f,54170a17-caaa-4bbe-a4bb-f962606e0e1c,2020-04-22 16:10:24.296195+00:00,3,drink
ca39d65a-991f-4102-b4aa-f8d43f3d2b89,54170a17-caaa-4bbe-a4bb-f962606e0e1c,2020-04-22 17:38:00.399267+00:00,3,brioche
7f387ce2-cf40-4865-a5c1-1300e3245730,54170a17-caaa-4bbe-a4bb-f962606e0e1c,2020-04-22 18:22:29.995044+00:00,4,croissant
9174dc0b-eeb7-4413-854f-3fbfb7900752,54170a17-caaa-4bbe-a4bb-f962606e0e1c,2020-04-22 19:27:32.685210+00:00,3,brioche
40a62de4-1271-4295-9b21-c0654135b443,54170a17-caaa-4bbe-a4bb-f962606e0e1c,2020-04-22 20:07:27.945400+00:00,4,donut
11092f7a-00d6-4c63-a4a0-f44bfbdebeb5,54170a17-caaa-4bbe-a4bb-f962606e0e1c,2020-04-22 21:11:20.141119+00:00,3,croissant
9565bc2f-8cf7-4470-bda8-977aef4bd7a8,0b2f6d5c-700b-4d5f-b89f-72f32a60c652,2020-04-22 22:49:16.169663+00:00,5,donut
0d0de136-4404-4e9a-b2fe-1dea6ba57136,0b2f6d5c-700b-4d5f-b89f-72f32a60c652,2020-04-22 23:58:53.679497+00:00,4,donut
630ae016-6fea-44f5-b9f3-43731bab13ac,0b2f6d5c-700b-4d5f-b89f-72f32a60c652,2020-04-23 00:18:47.311129+00:00,2,brioche
cd21fb86-c297-4392-9c80-72201f77765f,0b2f6d5c-700b-4d5f-b89f-72f32a60c652,2020-04-23 01:59:39.083921+00:00,1,bread
890459d7-8c69-42e8-9b82-9ae14700cde9,0b2f6d5c-700b-4d5f-b89f-72f32a60c652,2020-04-23 02:16:06.291443+00:00,1,drink
0a39561f-3473-49d3-ac5b-059aafcd2960,0b2f6d5c-700b-4d5f-b89f-72f32a60c652,2020-04-23 03:53:28.721539+00:00,5,bread
fa11f0e7-566d-46e8-9c86-cf6f0285ede1,0b2f6d5c-700b-4d5f-b89f-72f32a60c652,2020-04-23 04:37:27.696082+00:00,3,cookie
386e995d-3b01-4893-bd9d-38e36e078bdc,0b2f6d5c-700b-4d5f-b89f-72f32a60c652,2020-04-23 05:37:05.922845+00:00,5,cookie
d73c9259-5a82-48cb-8d78-3a9bed87adb6,0b2f6d5c-700b-4d5f-b89f-72f32a60c652,2020-04-23 06:14:10.904394+00:00,1,donut
38498d35-c329-432b-9114-6ac79588e38e,0b2f6d5c-700b-4d5f-b89f-72f32a60c652,2020-04-23 07:10:18.632407+00:00,4,brioche
f4585d04-0476-4c34-9dc5-9ddb8aad970f,0b2f6d5c-700b-4d5f-b89f-72f32a60c652,2020-04-23 08:09:37.424806+00:00,5,drink
450cf845-f95d-436f-ba8a-47d69d37c5a6,0b2f6d5c-700b-4d5f-b89f-72f32a60c652,2020-04-23 09:48:34.381201+00:00,1,bread
3891b7f7-6809-4986-986a-f8f93f068051,0b2f6d5c-700b-4d5f-b89f-72f32a60c652,2020-04-23 10:14:31.288225+00:00,5,brioche
38684ee5-eae9-41cb-ac6d-523be4529643,0b2f6d5c-700b-4d5f-b89f-72f32a60c652,2020-04-23 11:16:46.094459+00:00,1,brioche
946320bc-6f68-43b3-8ef9-7a7dabd13f1a,0b2f6d5c-700b-4d5f-b89f-72f32a60c652,2020-04-23 12:51:39.222903+00:00,4,croissant
d8e77ca2-19b1-4043-bb70-324e36a09573,0b2f6d5c-700b-4d5f-b89f-72f32a60c652,2020-04-23 13:04:55.189692+00:00,4,croissant
626cfccc-e35b-4a6d-bd39-e09d267faa83,0b2f6d5c-700b-4d5f-b89f-72f32a60c652,2020-04-23 14:51:02.110974+00:00,4,bread
3483518e-458f-4881-83da-b31b8a90517c,0b2f6d5c-700b-4d5f-b89f-72f32a60c652,2020-04-23 15:52:54.502695+00:00,4,croissant
57a03c17-8620-410a-a009-9d7aca226c56,0b2f6d5c-700b-4d5f-b89f-72f32a60c652,2020-04-23 16:19:19.488059+00:00,4,donut
71335445-d695-447a-a34d-75499d9a70e1,0b2f6d5c-700b-4d5f-b89f-72f32a60c652,2020-04-23 17:36:23.594170+00:00,3,brioche
d641aee3-99d8-4764-93cd-aa4cb415b7cf,0b2f6d5c-700b-4d5f-b89f-72f32a60c652,2020-04-23 18:41:56.143844+00:00,4,brioche
37ca273b-3506-480f-a76c-f539c9bef3d7,0b2f6d5c-700b-4d5f-b89f-72f32a60c652,2020-04-23 19:18:51.162411+00:00,4,cookie
e600fd68-4a69-4d38-b705-e6923faf1b34,0b2f6d5c-700b-4d5f-b89f-72f32a60c652,2020-04-23 20:13:51.223719+00:00,5,croissant
ef6d8fc6-afbd-4369-8636-f35ef5ed7ddf,0b2f6d5c-700b-4d5f-b89f-72f32a60c652,2020-04-23 21:33:47.912805+00:00,1,croissant
638cf9e3-0599-41f2-8cd3-654cb68bbbc6,0b2f6d5c-700b-4d5f-b89f-72f32a60c652,2020-04-23 22:34:17.963446+00:00,3,croissant
b963c2fc-6fb0-4297-bdaf-638b053f1a43,0b2f6d5c-700b-4d5f-b89f-72f32a60c652,2020-04-23 23:26:43.179205+00:00,4,bread
3a82b37c-5925-4acd-8142-d00e6ff6fa9a,0b2f6d5c-700b-4d5f-b89f-72f32a60c652,2020-04-24 00:16:08.837912+00:00,3,croissant
da889b20-3819-48f2-ab25-8bdf28791fa4,0b2f6d5c-700b-4d5f-b89f-72f32a60c652,2020-04-24 01:35:07.780498+00:00,5,donut
d88d11dd-321a-4244-8f65-79ec87eb754a,0b2f6d5c-700b-4d5f-b89f-72f32a60c652,2020-04-24 02:02:10.655899+00:00,4,cookie
17087003-3a84-4b35-82bd-e8050c485217,0b2f6d5c-700b-4d5f-b89f-72f32a60c652,2020-04-24 03:42:25.576374+00:00,2,bread
0cd11081-8d85-4013-b200-04fa9d8e20d6,0b2f6d5c-700b-4d5f-b89f-72f32a60c652,2020-04-24 04:15:01.408028+00:00,5,cookie
244220c6-4b0c-400c-a626-c97d73fe6a93,0b2f6d5c-700b-4d5f-b89f-72f32a60c652,2020-04-24 05:51:30.600911+00:00,3,brioche
2aa82f4e-4fc4-48cd-a8d2-a8423aa58e1d,0b2f6d5c-700b-4d5f-b89f-72f32a60c652,2020-04-24 06:31:13.828690+00:00,2,bread
a7954d2b-9296-41b0-8d59-79bf9ef63a80,0b2f6d5c-700b-4d5f-b89f-72f32a60c652,2020-04-24 07:46:59.162682+00:00,2,cookie
6c5b07b6-f127-47bd-b862-32528c45b36c,0b2f6d5c-700b-4d5f-b89f-72f32a60c652,2020-04-24 08:53:41.719216+00:00,2,bread
9a463e70-3204-406d-b61a-84b9cec74f48,0b2f6d5c-700b-4d5f-b89f-72f32a60c652,2020-04-24 09:42:45.104630+00:00,1,bread
2dc149dd-c87c-4935-9139-e6d844e01371,0b2f6d5c-700b-4d5f-b89f-72f32a60c652,2020-04-24 10:32:02.231970+00:00,4,donut
2dcdf65d-b924-412e-9e72-3c24c2c7bd49,0b2f6d5c-700b-4d5f-b89f-72f32a60c652,2020-04-24 11:09:09.786987+00:00,2,brioche
dafbf997-5352-4440-823d-35cfc972d38d,0b2f6d5c-700b-4d5f-b89f-72f32a60c652,2020-04-24 12:10:18.460369+00:00,3,donut
81278cf9-803b-470b-854d-c5a9d034ce89,0b2f6d5c-700b-4d5f-b89f-72f32a60c652,2020-04-24 13:53:41.417464+00:00,4,brioche
27e9add3-7814-4492-8c60-4d992ac09858,0b2f6d5c-700b-4d5f-b89f-72f32a60c652,2020-04-24 14:50:47.533611+00:00,2,donut
c87d01c2-92e8-48b1-9e00-3828d5935e79,0b2f6d5c-700b-4d5f-b89f-72f32a60c652,2020-04-24 15:16:45.397389+00:00,2,croissant
b6a35409-1c20-486b-b5d0-44fb2cd64d84,0b2f6d5c-700b-4d5f-b89f-72f32a60c652,2020-04-24 16:14:53.573271+00:00,5,bread
22ca9f04-609e-4e72-bb9c-7872112bc360,0b2f6d5c-700b-4d5f-b89f-72f32a60c652,2020-04-24 17:00:02.064209+00:00,4,donut
c1171668-ad72-4e2e-bd6d-ca57cc80a698,0b2f6d5c-700b-4d5f-b89f-72f32a60c652,2020-04-24 18:23:42.060913+00:00,5,drink
77746c09-8669-4a60-a387-eb156765e3bf,0b2f6d5c-700b-4d5f-b89f-72f32a60c652,2020-04-24 19:57:43.577636+00:00,5,cookie
b7e62b4d-93d5-426f-9b03-2c39c950824d,0b2f6d5c-700b-4d5f-b89f-72f32a60c652,2020-04-24 20:50:15.459853+00:00,4,cookie
2ab9aa52-685d-4acf-afd6-b83c86022833,0b2f6d5c-700b-4d5f-b89f-72f32a60c652,2020-04-24 21:30:11.349174+00:00,4,brioche
12cb7604-34f6-40dd-8952-9a77ce09e92a,0b2f6d5c-700b-4d5f-b89f-72f32a60c652,2020-04-24 22:35:59.273582+00:00,3,cookie
6993e611-e777-4ef5-9ab9-ae1b1d93c7bd,0b2f6d5c-700b-4d5f-b89f-72f32a60c652,2020-04-24 23:22:57.260212+00:00,3,cookie
32de3097-7cba-4dea-9086-0861061cba48,0b2f6d5c-700b-4d5f-b89f-72f32a60c652,2020-04-25 00:45:01.120949+00:00,2,croissant
25acf1b6-c016-462b-a371-b326c66b1f52,0b2f6d5c-700b-4d5f-b89f-72f32a60c652,2020-04-25 01:26:59.785564+00:00,5,drink
4d4e0bd1-cb33-43c6-a629-89b923cce3bb,0b2f6d5c-700b-4d5f-b89f-72f32a60c652,2020-04-25 02:23:46.898778+00:00,2,bread
706402bb-e756-40bb-ba21-5b51e6876705,0b2f6d5c-700b-4d5f-b89f-72f32a60c652,2020-04-25 03:15:10.511832+00:00,4,croissant
e1e3e199-5f1f-45c3-b717-a7cbb67ffa23,0b2f6d5c-700b-4d5f-b89f-72f32a60c652,2020-04-25 04:12:16.892710+00:00,2,croissant
f29e225b-3ed0-4e68-8d25-0730f5a98c9a,0b2f6d5c-700b-4d5f-b89f-72f32a60c652,2020-04-25 05:08:43.934901+00:00,1,cookie
7710199d-59bd-4ac9-8d99-3ab95fc0ccce,0b2f6d5c-700b-4d5f-b89f-72f32a60c652,2020-04-25 06:54:33.811315+00:00,4,bread
d2333b12-5ad2-4e7a-8b40-601a99260664,0b2f6d5c-700b-4d5f-b89f-72f32a60c652,2020-04-25 07:30:45.221415+00:00,4,bread
3187dc09-54da-4012-9a3c-49e011586f46,d9e604b3-8412-4335-988c-656db61e5fdb,2020-04-25 08:18:37.230389+00:00,5,brioche
255c4297-19ee-49d6-bdfa-3cb102d493eb,d9e604b3-8412-4335-988c-656db61e5fdb,2020-04-25 09:44:39.615767+00:00,5,cookie
37fc511b-826f-481a-8651-a8970f54c086,d9e604b3-8412-4335-988c-656db61e5fdb,2020-04-25 10:37:50.428227+00:00,3,bread
cc6b3a6e-5583-44db-a746-033872c7a202,d9e604b3-8412-4335-988c-656db61e5fdb,2020-04-25 11:36:46.533742+00:00,3,donut
0d08da99-5e33-4ed8-88f0-fcb253986e7f,d9e604b3-8412-4335-988c-656db61e5fdb,2020-04-25 12:48:04.406256+00:00,5,bread
7ccde71e-c22c-4037-b03a-d746e22f3884,d9e604b3-8412-4335-988c-656db61e5fdb,2020-04-25 13:26:00.269436+00:00,5,bread
ba89c0b8-8c49-4e4c-8780-b892aa93f2c4,d9e604b3-8412-4335-988c-656db61e5fdb,2020-04-25 14:44:56.174354+00:00,5,bread
eed5a71b-2740-429d-b7d7-5510ffa72ae1,d9e604b3-8412-4335-988c-656db61e5fdb,2020-04-25 15:49:28.966700+00:00,3,drink
b8f89cba-bb40-4bc8-b09a-c2bcb6da79bb,d9e604b3-8412-4335-988c-656db61e5fdb,2020-04-25 16:38:06.736883+00:00,2,brioche
17db4613-3242-461c-aa3d-19b2c3198f41,d9e604b3-8412-4335-988c-656db61e5fdb,2020-04-25 17:37:00.747678+00:00,3,croissant
4d8b876a-0b44-46b2-8ab9-694f38617ce9,d9e604b3-8412-4335-988c-656db61e5fdb,2020-04-25 18:00:43.613039+00:00,2,brioche
6ae71db3-3193-4b1c-91bd-4f306b1aae6a,d9e604b3-8412-4335-988c-656db61e5fdb,2020-04-25 19:47:58.098003+00:00,2,croissant
fd8c93df-4151-4f1e-9174-b1368c0bdc3f,d9e604b3-8412-4335-988c-656db61e5fdb,2020-04-25 20:54:57.856536+00:00,1,bread
43f84fcf-0997-4b27-9bdc-fb3d29d4056e,d9e604b3-8412-4335-988c-656db61e5fdb,2020-04-25 21:43:38.056570+00:00,1,brioche
2a6504e1-fb2f-4e8c-aa46-391177e2f124,d9e604b3-8412-4335-988c-656db61e5fdb,2020-04-25 22:55:29.358423+00:00,4,bread
cfcae6b9-75a8-41d7-ab5e-ebe91478e20e,d9e604b3-8412-4335-988c-656db61e5fdb,2020-04-25 23:53:57.859118+00:00,5,drink
780b8dc0-d9c0-447b-9f43-04e4fabdc4aa,d9e604b3-8412-4335-988c-656db61e5fdb,2020-04-26 00:57:20.406336+00:00,3,donut
e6bd4bbc-e3a0-4a3c-8c44-d60f8efe59c3,d9e604b3-8412-4335-988c-656db61e5fdb,2020-04-26 01:48:51.769540+00:00,3,drink
27d54ab0-86d6-4946-9397-abdfaa399b2c,d9e604b3-8412-4335-988c-656db61e5fdb,2020-04-26 02:40:03.906700+00:00,5,donut
98069315-ce62-465f-876a-3991aebef7a2,d9e604b3-8412-4335-988c-656db61e5fdb,2020-04-26 03:46:41.866004+00:00,2,brioche
7bbfd692-6f12-4321-85b0-8ce0d09f5fc4,d9e604b3-8412-4335-988c-656db61e5fdb,2020-04-26 04:16:19.878715+00:00,5,cookie
fdc6aebf-b96a-4419-b906-dfde7fb63b12,d9e604b3-8412-4335-988c-656db61e5fdb,2020-04-26 05:24:16.952710+00:00,5,cookie
1b435fdc-41f4-4834-9cf5-d1fccd3a7e73,d9e604b3-8412-4335-988c-656db61e5fdb,2020-04-26 06:49:26.648380+00:00,5,brioche
e1789474-380d-4643-8891-e9bcd83060dc,d9e604b3-8412-4335-988c-656db61e5fdb,2020-04-26 07:57:22.236469+00:00,4,brioche
8ace3a10-b287-4bdd-993d-ab13ed11b850,d9e604b3-8412-4335-988c-656db61e5fdb,2020-04-26 08:30:21.037165+00:00,4,drink
54ca6257-910a-4b6f-ab56-b091665c9da5,d9e604b3-8412-4335-988c-656db61e5fdb,2020-04-26 09:17:56.704308+00:00,2,brioche
edac4484-f2d0-48ca-bb2e-329d9f80bd12,d9e604b3-8412-4335-988c-656db61e5fdb,2020-04-26 10:39:46.376410+00:00,3,bread
6ea28b15-d0a7-43b9-a7ea-ae636f850440,d9e604b3-8412-4335-988c-656db61e5fdb,2020-04-26 11:09:14.565393+00:00,4,bread
1e4415f4-5ed1-4afe-b006-296b5572fd41,d9e604b3-8412-4335-988c-656db61e5fdb,2020-04-26 12:18:28.826688+00:00,4,croissant
96a2e79d-6576-4828-b551-7659ed86a0c9,d9e604b3-8412-4335-988c-656db61e5fdb,2020-04-26 13:12:50.502852+00:00,4,brioche
cdf5a57f-9c4e-4e7f-be44-b4c74955f0b0,d9e604b3-8412-4335-988c-656db61e5fdb,2020-04-26 14:09:53.619937+00:00,2,donut
da6b391d-6079-4657-97ec-147d53bfa311,d9e604b3-8412-4335-988c-656db61e5fdb,2020-04-26 15:04:58.362148+00:00,1,bread
26696e53-022c-4449-bcc8-39fbcbd363a5,d9e604b3-8412-4335-988c-656db61e5fdb,2020-04-26 16:32:25.333629+00:00,4,bread
cedf8af6-cb28-4c77-b855-ddabef332684,d9e604b3-8412-4335-988c-656db61e5fdb,2020-04-26 17:41:50.580620+00:00,2,bread
085e0518-2d75-4dd3-b8a1-18df0088ca76,d9e604b3-8412-4335-988c-656db61e5fdb,2020-04-26 18:08:00.539881+00:00,3,drink
b3322d31-d3a6-4f0c-ab07-8653af878674,d9e604b3-8412-4335-988c-656db61e5fdb,2020-04-26 19:21:26.101806+00:00,5,bread
4f4cea72-e493-4415-aa4b-f5dc0a599c13,d9e604b3-8412-4335-988c-656db61e5fdb,2020-04-26 20:19:48.510260+00:00,1,donut
9d46ea9a-0a1d-4238-bcf9-abbb15149d1a,d9e604b3-8412-4335-988c-656db61e5fdb,2020-04-26 21:00:00.767214+00:00,2,brioche
fe54c772-d2fe-4d04-a40f-ac70e5a5788e,d9e604b3-8412-4335-988c-656db61e5fdb,2020-04-26 22:29:25.296322+00:00,3,donut
86adab8e-d63b-4a59-9d8d-27524a9b0dc7,d9e604b3-8412-4335-988c-656db61e5fdb,2020-04-26 23:04:18.059911+00:00,5,cookie
9b2dceee-765b-4069-90a0-12b2237c56bb,d9e604b3-8412-4335-988c-656db61e5fdb,2020-04-27 00:51:08.623583+00:00,2,drink
189b5535-83cf-4d3b-b32f-7256c6acdcaf,d9e604b3-8412-4335-988c-656db61e5fdb,2020-04-27 01:29:47.095882+00:00,2,drink
da26ec89-64b5-4f4e-8833-5cee48a05e4f,d9e604b3-8412-4335-988c-656db61e5fdb,2020-04-27 02:20:19.167387+00:00,2,drink
5bd72a7c-73d7-4809-8f6d-e80279004406,d9e604b3-8412-4335-988c-656db61e5fdb,2020-04-27 03:57:06.136489+00:00,3,cookie
66ae192a-d08c-4e18-b4a5-f712a74b151c,d9e604b3-8412-4335-988c-656db61e5fdb,2020-04-27 04:25:04.690552+00:00,2,cookie
3d9d49d4-35e6-4d4c-939c-b0bbaa8fb624,d9e604b3-8412-4335-988c-656db61e5fdb,2020-04-27 05:27:40.632343+00:00,2,bread
e0094827-9672-463f-8f0a-1d5b14570a44,d9e604b3-8412-4335-988c-656db61e5fdb,2020-04-27 06:07:03.785300+00:00,1,croissant
12cd1aeb-b907-4ff3-a63a-484e2048ba6e,d9e604b3-8412-4335-988c-656db61e5fdb,2020-04-27 07:16:56.910940+00:00,3,drink
b7f8d284-3d3f-40e0-944b-0f0751e844c9,d9e604b3-8412-4335-988c-656db61e5fdb,2020-04-27 08:28:53.748349+00:00,4,bread
f14cd6f2-ab13-431a-a4f1-9126ee0c2cb5,d9e604b3-8412-4335-988c-656db61e5fdb,2020-04-27 09:40:17.906487+00:00,5,cookie
e5455ccc-35b3-4c0e-b588-489eeffbd197,d9e604b3-8412-4335-988c-656db61e5fdb,2020-04-27 10:28:23.621810+00:00,1,cookie
58578862-3105-45b6-a40b-1814281269bc,d9e604b3-8412-4335-988c-656db61e5fdb,2020-04-27 11:03:57.799261+00:00,1,cookie
7f63d2b6-d001-4b99-afc2-8f2063ba24b1,d9e604b3-8412-4335-988c-656db61e5fdb,2020-04-27 12:27:48.614208+00:00,4,drink
2205f294-7319-49c0-92d6-1c9adcd1ad00,d9e604b3-8412-4335-988c-656db61e5fdb,2020-04-27 13:48:56.812296+00:00,4,drink
c0633a98-ea5d-43de-b543-c14d5095f881,d9e604b3-8412-4335-988c-656db61e5fdb,2020-04-27 14:33:59.647460+00:00,2,bread
f44c5255-2a07-449f-8880-3baede823285,d9e604b3-8412-4335-988c-656db61e5fdb,2020-04-27 15:15:02.161362+00:00,1,croissant
25ee52db-55a5-4ad7-bd05-bd92e0222432,d9e604b3-8412-4335-988c-656db61e5fdb,2020-04-27 16:02:31.291713+00:00,2,brioche
f5020e2a-7ecf-4226-9a9a-9f1b8345d6d3,d9e604b3-8412-4335-988c-656db61e5fdb,2020-04-27 17:16:40.304315+00:00,2,drink
c55713d3-09d7-4c9c-aaf9-8a8b2e361846,d9e604b3-8412-4335-988c-656db61e5fdb,2020-04-27 18:00:33.210512+00:00,3,drink
5f7e7e7d-9d68-4315-8cda-78e257cc6c2a,d9e604b3-8412-4335-988c-656db61e5fdb,2020-04-27 19:20:13.847342+00:00,1,croissant
80469354-f822-48a7-9306-e664c5857b6b,d9e604b3-8412-4335-988c-656db61e5fdb,2020-04-27 20:12:06.167622+00:00,2,cookie
